[1,["ecpdLyjvZBwrvm+cedCcQy","02delMVqdBD70a/HSD99FK","a2MjXRFdtLlYQ5ouAFv/+R"],["node","_textureSetter","root","data","_spriteFrame"],[["cc.Node",["_name","_components","_prefab","_contentSize","_children","_parent","_color","_trs"],2,9,4,5,2,1,5,7],["cc.PrefabInfo",["fileId","root","asset"],2,1,1],"cc.SpriteFrame",["cc.Prefab",["_name"],2],["cc.Sprite",["_sizeMode","node","_materials","_spriteFrame"],2,1,3,6],["cc.Label",["_string","_N$horizontalAlign","_N$verticalAlign","node","_materials"],0,1,3]],[[3,0,2],[0,0,4,1,2,3,2],[0,0,5,1,2,6,3,7,2],[4,0,1,2,3,2],[1,1,2,1],[1,0,1,2,2],[5,0,1,2,3,4,4]],[[[{"name":"default_sprite_splash","rect":[0,0,2,2],"offset":[0,0],"originalSize":[2,2],"capInsets":[0,0,0,0]}],[2],0,[0],[1],[1]],[[[0,"tipTouchUI"],[1,"tipTouchUI",[-3],[[3,0,-2,[1],2]],[4,-1,0],[5,400,300]],[2,"tip",1,[[6,"请点击此处恢复音频",1,1,-4,[0]]],[5,"5cRwWmJH9CMbFZ5RZUkfnh",1,0],[4,4278190080],[5,360,50.4],[-1.915,91.925,0,0,0,0,1,1,1,1]]],0,[0,2,1,0,0,1,0,-1,2,0,0,2,0,3,1,4],[0,0,0],[-1,-1,4],[0,0,2]]]]