{
  "type": "Box",
  "props": {
    "y": 0,
    "x": 0,
    "width": 494,
    "presetID": 1,
    "isPresetRoot": true,
    "height": 104
  },
  "compId": 67,
  "child": [
    {
      "type": "Image",
      "props": {
        "width": 549,
        "skin": "game/buildBannar_bg.png",
        "sizeGrid": "38,24,41,22",
        "presetID": 2,
        "name": "bg",
        "height": 104
      },
      "compId": 66
    },
    {
      "type": "Text",
      "props": {
        "y": 17,
        "x": 30,
        "width": 329,
        "valign": "middle",
        "text": "总游戏时长",
        "presetID": 3,
        "name": "desc",
        "height": 36,
        "fontSize": 24,
        "font": "Microsoft YaHei",
        "color": "#674c31",
        "bold": true,
        "align": "left",
        "runtime": "Laya.Text"
      },
      "compId": 68
    },
    {
      "type": "Box",
      "props": {
        "y": 61,
        "x": 30,
        "presetID": 4,
        "name": "proobj"
      },
      "compId": 70,
      "child": [
        {
          "type": "Image",
          "props": {
            "width": 232,
            "skin": "game/achi_bar2.png",
            "presetID": 5,
            "name": "probg",
            "height": 24
          },
          "compId": 69
        },
        {
          "type": "Image",
          "props": {
            "y": 0,
            "x": 0,
            "width": 232,
            "skin": "game/achi_bar1.png",
            "sizeGrid": "0,19,0,21,1",
            "presetID": 6,
            "name": "procore",
            "height": 24
          },
          "compId": 71
        },
        {
          "type": "Text",
          "props": {
            "y": 2,
            "x": -1,
            "width": 232,
            "valign": "middle",
            "text": "总游戏时长",
            "presetID": 7,
            "name": "proval",
            "height": 20,
            "fontSize": 15,
            "font": "Microsoft YaHei",
            "color": "#ffffff",
            "bold": true,
            "align": "center",
            "runtime": "Laya.Text"
          },
          "compId": 72
        }
      ]
    },
    {
      "type": "Image",
      "props": {
        "y": 51,
        "x": 434,
        "width": 149,
        "skin": "game/achiment_btn.png",
        "presetID": 8,
        "pivotY": 35,
        "pivotX": 75,
        "name": "getbtn",
        "height": 70
      },
      "compId": 73,
      "child": [
        {
          "type": "Sprite",
          "props": {
            "y": 9,
            "x": 12,
            "texture": "game/video2.png",
            "scaleY": 0.8,
            "scaleX": 0.8,
            "presetID": 9,
            "name": "videoicon"
          },
          "compId": 75
        },
        {
          "type": "Text",
          "props": {
            "y": 10,
            "x": 44,
            "width": 68,
            "valign": "middle",
            "text": "领取奖励",
            "rotation": 0,
            "presetID": 10,
            "name": "gettext",
            "height": 28,
            "fontSize": 21,
            "font": "Microsoft YaHei",
            "color": "#ffffff",
            "bold": true,
            "align": "left",
            "runtime": "Laya.Text"
          },
          "compId": 74
        },
        {
          "type": "Sprite",
          "props": {
            "y": 43,
            "x": 56,
            "texture": "game/res_gem_icon.png",
            "scaleY": 0.4,
            "scaleX": 0.4,
            "presetID": 11
          },
          "compId": 78
        },
        {
          "type": "Text",
          "props": {
            "y": 43,
            "x": 79,
            "width": 40,
            "valign": "middle",
            "text": "15",
            "rotation": 0,
            "presetID": 12,
            "name": "rewardnum",
            "height": 18,
            "fontSize": 15,
            "font": "Microsoft YaHei",
            "color": "#ffffff",
            "bold": true,
            "align": "left",
            "runtime": "Laya.Text"
          },
          "compId": 79
        },
        {
          "type": "Script",
          "props": {
            "y": 5,
            "x": -339,
            "presetID": 13,
            "runtime": "script/ScaleButtonScript.ts"
          },
          "compId": 80
        }
      ]
    }
  ],
  "loadList": [
    "game/buildBannar_bg.png",
    "game/achi_bar2.png",
    "game/achi_bar1.png",
    "game/achiment_btn.png",
    "game/video2.png",
    "game/res_gem_icon.png"
  ],
  "loadList3D": []
}
