{
  "type": "Box",
  "props": {
    "y": 0,
    "x": 0,
    "width": 106,
    "presetID": 1,
    "isPresetRoot": true,
    "height": 108
  },
  "compId": 50,
  "child": [
    {
      "type": "Sprite",
      "props": {
        "texture": "game/player_addbg.png",
        "presetID": 2
      },
      "compId": 48
    },
    {
      "type": "Image",
      "props": {
        "y": 54,
        "x": 53,
        "width": 75,
        "skin": "game/animal_3.png",
        "presetID": 3,
        "name": "icon",
        "height": 92,
        "anchorY": 0.5,
        "anchorX": 0.5
      },
      "compId": 49
    },
    {
      "type": "Sprite",
      "props": {
        "y": 67,
        "x": -6,
        "texture": "game/player_switch.png",
        "presetID": 4,
        "name": "reload"
      },
      "compId": 51
    },
    {
      "type": "Sprite",
      "props": {
        "y": 21,
        "x": 22,
        "texture": "game/player_add.png",
        "presetID": 5,
        "name": "addbtn"
      },
      "compId": 52
    },
    {
      "type": "Sprite",
      "props": {
        "y": 4,
        "x": 3,
        "texture": "game/player_add_mask.png",
        "presetID": 7,
        "name": "lockobj"
      },
      "compId": 54,
      "child": [
        {
          "type": "Sprite",
          "props": {
            "y": 20,
            "x": 33,
            "texture": "game/lock.png",
            "presetID": 6
          },
          "compId": 53
        },
        {
          "type": "Sprite",
          "props": {
            "y": 75,
            "x": 2,
            "width": 25,
            "texture": "game/red_pocket_video.png",
            "presetID": 8,
            "height": 23
          },
          "compId": 55
        },
        {
          "type": "Image",
          "props": {
            "y": 75,
            "x": 30,
            "width": 67,
            "skin": "game/video_bar2.png",
            "sizeGrid": "0,9,0,10,1",
            "presetID": 9,
            "height": 23
          },
          "compId": 56
        },
        {
          "type": "Image",
          "props": {
            "y": 75,
            "x": 30,
            "width": 0,
            "skin": "game/video_bar1.png",
            "sizeGrid": "0,9,0,10,1",
            "presetID": 10,
            "name": "procore",
            "height": 23
          },
          "compId": 57
        },
        {
          "type": "Text",
          "props": {
            "y": 76,
            "x": 36.5,
            "width": 54,
            "valign": "middle",
            "text": "1/3",
            "presetID": 11,
            "name": "protxt",
            "height": 21,
            "fontSize": 20,
            "font": "Arial",
            "color": "#ffffff",
            "bold": true,
            "align": "center",
            "runtime": "Laya.Text"
          },
          "compId": 58
        }
      ]
    }
  ],
  "loadList": [
    "game/player_addbg.png",
    "game/animal_3.png",
    "game/player_switch.png",
    "game/player_add.png",
    "game/player_add_mask.png",
    "game/lock.png",
    "game/red_pocket_video.png",
    "game/video_bar2.png",
    "game/video_bar1.png"
  ],
  "loadList3D": []
}
