{
  "type": "Box",
  "props": {
    "y": 0,
    "x": 0,
    "width": 173,
    "presetID": 1,
    "isPresetRoot": true,
    "height": 225
  },
  "compId": 10,
  "child": [
    {
      "type": "Image",
      "props": {
        "skin": "game/characterBG.png",
        "presetID": 2,
        "name": "bg"
      },
      "compId": 9
    },
    {
      "type": "Text",
      "props": {
        "y": 10,
        "x": 42,
        "width": 89,
        "valign": "middle",
        "text": "原始人",
        "presetID": 3,
        "name": "itemname",
        "height": 29,
        "fontSize": 16,
        "font": "Microsoft YaHei",
        "color": "#252424",
        "bold": true,
        "align": "center",
        "runtime": "Laya.Text"
      },
      "compId": 11
    },
    {
      "type": "Image",
      "props": {
        "y": 117,
        "x": 86.5,
        "skin": "game/character_01.png",
        "scaleY": 0.6,
        "scaleX": 0.6,
        "presetID": 4,
        "name": "icon",
        "anchorY": 0.5,
        "anchorX": 0.5
      },
      "compId": 12
    },
    {
      "type": "Image",
      "props": {
        "y": 189,
        "x": 5.5,
        "width": 162,
        "skin": "game/characterBG_buff.png",
        "sizeGrid": "0,9,0,8,1",
        "presetID": 5,
        "height": 28
      },
      "compId": 13
    },
    {
      "type": "Text",
      "props": {
        "y": 193,
        "x": 29,
        "width": 41,
        "valign": "middle",
        "text": "防御",
        "presetID": 6,
        "height": 23,
        "fontSize": 15,
        "font": "Microsoft YaHei",
        "color": "#ffffff",
        "bold": true,
        "align": "center",
        "runtime": "Laya.Text"
      },
      "compId": 14
    },
    {
      "type": "Text",
      "props": {
        "y": 193,
        "x": 66,
        "width": 55,
        "valign": "middle",
        "text": "+20%",
        "presetID": 7,
        "name": "bufftxt",
        "height": 23,
        "fontSize": 16,
        "font": "Microsoft YaHei",
        "color": "#1eff00",
        "bold": true,
        "align": "center",
        "runtime": "Laya.Text"
      },
      "compId": 15
    },
    {
      "type": "Sprite",
      "props": {
        "y": 5,
        "x": 107.5,
        "visible": false,
        "texture": "game/player_select.png",
        "presetID": 8,
        "name": "select"
      },
      "compId": 16
    }
  ],
  "loadList": [
    "game/characterBG.png",
    "game/character_01.png",
    "game/characterBG_buff.png",
    "game/player_select.png"
  ],
  "loadList3D": []
}
