{
  "type": "Box",
  "props": {
    "y": 0,
    "x": 0,
    "width": 55,
    "presetID": 1,
    "isPresetRoot": true,
    "height": 55
  },
  "compId": 155,
  "child": [
    {
      "type": "Image",
      "props": {
        "skin": "game/a_levelbg1.png",
        "presetID": 2,
        "name": "bg"
      },
      "compId": 154
    },
    {
      "type": "Text",
      "props": {
        "y": 5,
        "x": 8,
        "width": 39,
        "valign": "middle",
        "text": "2",
        "presetID": 3,
        "name": "page",
        "height": 45,
        "fontSize": 30,
        "font": "Arial",
        "color": "#ffffff",
        "bold": true,
        "align": "center",
        "runtime": "Laya.Text"
      },
      "compId": 156
    }
  ],
  "loadList": ["game/a_levelbg1.png"],
  "loadList3D": []
}
