{
  "type": "Box",
  "props": {
    "y": 0,
    "x": 0,
    "width": 126,
    "presetID": 1,
    "isPresetRoot": true,
    "height": 151
  },
  "compId": 146,
  "child": [
    {
      "type": "Image",
      "props": {
        "skin": "game/weapon_bg1.png",
        "presetID": 2,
        "name": "bg"
      },
      "compId": 144
    },
    {
      "type": "Image",
      "props": {
        "y": 65,
        "x": 63,
        "skin": "game/battle_i_bow1.png",
        "presetID": 3,
        "name": "icon",
        "anchorY": 0.5,
        "anchorX": 0.5
      },
      "compId": 148
    },
    {
      "type": "Text",
      "props": {
        "y": 122,
        "x": 21,
        "width": 83,
        "valign": "middle",
        "text": "Lv.1",
        "stroke": 3,
        "presetID": 4,
        "name": "level",
        "height": 21,
        "fontSize": 20,
        "font": "Arial",
        "color": "#ffffff",
        "bold": true,
        "align": "center",
        "runtime": "Laya.Text"
      },
      "compId": 149
    }
  ],
  "loadList": ["game/weapon_bg1.png", "game/battle_i_bow1.png"],
  "loadList3D": []
}
