{
  "type": "Box",
  "props": {
    "y": 0,
    "x": 0,
    "width": 80,
    "presetID": 1,
    "isPresetRoot": true,
    "height": 80
  },
  "compId": 21,
  "child": [
    {
      "type": "Sprite",
      "props": {
        "texture": "game/gameWork_bg.png",
        "presetID": 2
      },
      "compId": 50
    },
    {
      "type": "Image",
      "props": {
        "y": 0,
        "x": 0,
        "skin": "game/gameWork_bg0.png",
        "presetID": 3,
        "name": "progress"
      },
      "compId": 51
    },
    {
      "type": "Image",
      "props": {
        "y": 38,
        "x": 40,
        "width": 48,
        "skin": "game/game_wood.png",
        "presetID": 4,
        "pivotY": 24,
        "pivotX": 24,
        "name": "taskicon",
        "height": 48
      },
      "compId": 53
    }
  ],
  "loadList": [
    "game/gameWork_bg.png",
    "game/gameWork_bg0.png",
    "game/game_wood.png"
  ],
  "loadList3D": []
}
