{
  "type": "Box",
  "props": {
    "y": 0,
    "x": 0,
    "width": 584,
    "presetID": 1,
    "isPresetRoot": true,
    "height": 117
  },
  "compId": 21,
  "child": [
    {
      "type": "Image",
      "props": {
        "width": 583,
        "top": 0,
        "skin": "game/buildBannar_bg.png",
        "sizeGrid": "51,23,46,23,1",
        "presetID": 2,
        "name": "bg",
        "left": 0,
        "height": 117,
        "bottom": 0
      },
      "compId": 20
    },
    {
      "type": "Image",
      "props": {
        "y": 11,
        "x": 11,
        "visible": true,
        "skin": "game/builditem_iconBG.png",
        "presetID": 3,
        "name": "iconbg"
      },
      "compId": 22
    },
    {
      "type": "Image",
      "props": {
        "y": 58,
        "x": 58,
        "width": 84,
        "skin": "game/reward_wood.png",
        "presetID": 6,
        "name": "icon",
        "height": 77,
        "anchorY": 0.5,
        "anchorX": 0.5
      },
      "compId": 27
    },
    {
      "type": "Sprite",
      "props": {
        "y": 33,
        "x": 504,
        "texture": "game/buildBannar_done.png",
        "presetID": 18,
        "name": "doneobj"
      },
      "compId": 41
    },
    {
      "type": "Image",
      "props": {
        "y": 60,
        "x": 495,
        "width": 163,
        "visible": false,
        "skin": "game/b_btn_yellow.png",
        "presetID": 40,
        "pivotY": 41,
        "pivotX": 82,
        "name": "vediobtn",
        "height": 81
      },
      "compId": 65,
      "child": [
        {
          "type": "Text",
          "props": {
            "y": 17,
            "x": 22,
            "width": 119,
            "valign": "middle",
            "text": "免费领取",
            "presetID": 41,
            "height": 46,
            "fontSize": 22,
            "font": "Microsoft YaHei",
            "color": "#ffffff",
            "bold": true,
            "align": "center",
            "runtime": "Laya.Text"
          },
          "compId": 66
        },
        {
          "type": "Script",
          "props": {
            "y": 20,
            "x": 20,
            "presetID": 44,
            "runtime": "script/ScaleButtonScript.ts"
          },
          "compId": 69
        },
        {
          "type": "Image",
          "props": {
            "y": 51,
            "x": 140,
            "width": 19,
            "skin": "game/video2.png",
            "presetID": 45,
            "height": 19
          },
          "compId": 70
        }
      ]
    },
    {
      "type": "Image",
      "props": {
        "y": 57,
        "x": 494,
        "width": 163,
        "skin": "game/b_btn_yellow.png",
        "presetID": 5,
        "pivotY": 41,
        "pivotX": 82,
        "name": "buildbtn",
        "height": 81
      },
      "compId": 25,
      "child": [
        {
          "type": "Text",
          "props": {
            "y": 7,
            "x": 39,
            "width": 85,
            "valign": "middle",
            "text": "建造",
            "presetID": 7,
            "height": 33,
            "fontSize": 26,
            "font": "Microsoft YaHei",
            "color": "#ffffff",
            "bold": true,
            "align": "center",
            "runtime": "Laya.Text"
          },
          "compId": 28
        },
        {
          "type": "Image",
          "props": {
            "y": 31,
            "x": 33,
            "width": 36,
            "skin": "game/game_wood.png",
            "presetID": 8,
            "name": "woodicon",
            "height": 33
          },
          "compId": 29
        },
        {
          "type": "Text",
          "props": {
            "y": 40,
            "x": 76,
            "width": 92,
            "valign": "middle",
            "text": "100",
            "presetID": 9,
            "name": "buildprice",
            "height": 26,
            "fontSize": 22,
            "font": "Microsoft YaHei",
            "color": "#ffffff",
            "bold": true,
            "align": "left",
            "runtime": "Laya.Text"
          },
          "compId": 30
        },
        {
          "type": "Script",
          "props": {
            "y": 20,
            "x": 20,
            "presetID": 35,
            "runtime": "script/ScaleButtonScript.ts"
          },
          "compId": 60
        }
      ]
    },
    {
      "type": "Sprite",
      "props": {
        "y": 58,
        "x": 495,
        "width": 163,
        "texture": "game/b_btn_green.png",
        "presetID": 19,
        "pivotY": 40,
        "pivotX": 82,
        "name": "completebtn",
        "height": 80
      },
      "compId": 42,
      "child": [
        {
          "type": "Text",
          "props": {
            "y": 23,
            "x": 39,
            "width": 85,
            "valign": "middle",
            "text": "完成",
            "presetID": 20,
            "height": 33,
            "fontSize": 26,
            "font": "Microsoft YaHei",
            "color": "#ffffff",
            "bold": true,
            "align": "center",
            "runtime": "Laya.Text"
          },
          "compId": 43
        },
        {
          "type": "Script",
          "props": {
            "y": 20,
            "x": 20,
            "presetID": 34,
            "runtime": "script/ScaleButtonScript.ts"
          },
          "compId": 59
        }
      ]
    },
    {
      "type": "Text",
      "props": {
        "y": 14,
        "x": 116,
        "text": "船板船板板",
        "presetID": 10,
        "name": "itemname",
        "fontSize": 22,
        "font": "Microsoft YaHei",
        "color": "#4e3a26",
        "bold": true,
        "runtime": "Laya.Text"
      },
      "compId": 31
    },
    {
      "type": "Text",
      "props": {
        "y": 8,
        "x": 230,
        "width": 93,
        "valign": "middle",
        "text": "(10/10)",
        "presetID": 11,
        "name": "count",
        "height": 27,
        "fontSize": 22,
        "font": "Arial",
        "color": "#77706b",
        "bold": true,
        "align": "left",
        "runtime": "Laya.Text"
      },
      "compId": 32
    },
    {
      "type": "Text",
      "props": {
        "y": 39,
        "x": 118,
        "wordWrap": true,
        "width": 287,
        "valign": "middle",
        "text": "描述",
        "presetID": 12,
        "name": "desc",
        "height": 21,
        "fontSize": 14,
        "font": "Microsoft YaHei",
        "color": "#999999",
        "bold": true,
        "align": "left",
        "runtime": "Laya.Text"
      },
      "compId": 33
    },
    {
      "type": "Box",
      "props": {
        "y": 74,
        "x": 117,
        "width": 127,
        "presetID": 37,
        "name": "buffobj",
        "height": 40
      },
      "compId": 62,
      "child": [
        {
          "type": "Text",
          "props": {
            "y": 4,
            "x": 41,
            "wordWrap": true,
            "width": 95,
            "valign": "middle",
            "text": "+20%",
            "presetID": 14,
            "name": "buffval",
            "height": 34,
            "fontSize": 19,
            "font": "Arial",
            "color": "#138426",
            "bold": true,
            "align": "left",
            "runtime": "Laya.Text"
          },
          "compId": 36
        },
        {
          "type": "Image",
          "props": {
            "y": 1,
            "x": 0,
            "width": 32,
            "skin": "game/game_wood.png",
            "presetID": 38,
            "name": "moodicon",
            "height": 33
          },
          "compId": 63
        }
      ]
    },
    {
      "type": "Image",
      "props": {
        "visible": false,
        "top": 1,
        "skin": "game/buildBannar_mask.png",
        "sizeGrid": "38,32,40,37,1",
        "right": 0,
        "presetID": 4,
        "name": "blackmask",
        "left": 0,
        "bottom": 0
      },
      "compId": 24
    },
    {
      "type": "Box",
      "props": {
        "y": 20,
        "x": 448,
        "width": 110,
        "presetID": 15,
        "name": "unlockobj",
        "height": 84,
        "wordWrap": true,
        "valign": "middle",
        "text": "解锁于",
        "fontSize": 22,
        "font": "Microsoft YaHei",
        "color": "#77706b",
        "bold": true,
        "align": "left"
      },
      "compId": 38,
      "child": [
        {
          "type": "Text",
          "props": {
            "y": 0,
            "x": 21,
            "wordWrap": true,
            "width": 76,
            "valign": "middle",
            "text": "解锁于",
            "presetID": 15,
            "name": "unlocktxt",
            "height": 29,
            "fontSize": 22,
            "font": "Microsoft YaHei",
            "color": "#77706b",
            "bold": true,
            "align": "left",
            "runtime": "Laya.Text"
          },
          "compId": 37
        },
        {
          "type": "Image",
          "props": {
            "y": 51,
            "x": 32,
            "width": 50,
            "skin": "game/buildIcon53.png",
            "presetID": 16,
            "name": "relyicon",
            "height": 50,
            "anchorY": 0.5,
            "anchorX": 0.5
          },
          "compId": 39
        },
        {
          "type": "Text",
          "props": {
            "y": 40,
            "x": 58,
            "wordWrap": true,
            "width": 61,
            "valign": "middle",
            "text": "22",
            "presetID": 17,
            "name": "unlocknum",
            "height": 29,
            "fontSize": 22,
            "font": "Microsoft YaHei",
            "color": "#77706b",
            "bold": true,
            "align": "left",
            "runtime": "Laya.Text"
          },
          "compId": 40
        }
      ]
    },
    {
      "type": "Box",
      "props": {
        "y": 58,
        "x": 115,
        "presetID": 21,
        "name": "buildpro"
      },
      "compId": 46,
      "child": [
        {
          "type": "Image",
          "props": {
            "y": 0,
            "x": 0,
            "width": 170,
            "skin": "game/achi_bar2.png",
            "sizeGrid": "7,22,9,21",
            "presetID": 23,
            "height": 32
          },
          "compId": 47
        },
        {
          "type": "Image",
          "props": {
            "y": 0,
            "x": 0,
            "width": 170,
            "skin": "game/achi_bar1.png",
            "sizeGrid": "7,22,9,21,1",
            "presetID": 25,
            "name": "procore",
            "height": 32
          },
          "compId": 49
        },
        {
          "type": "Text",
          "props": {
            "y": 3,
            "x": 0,
            "wordWrap": true,
            "width": 168,
            "valign": "middle",
            "text": "描述",
            "presetID": 22,
            "name": "proinfo",
            "height": 28,
            "fontSize": 20,
            "font": "Microsoft YaHei",
            "color": "#ffffff",
            "bold": true,
            "align": "center",
            "runtime": "Laya.Text"
          },
          "compId": 45
        }
      ]
    },
    {
      "type": "Box",
      "props": {
        "y": -46,
        "x": 6,
        "width": 489,
        "visible": false,
        "presetID": 26,
        "name": "floorobj",
        "height": 46,
        "skin": "game/floorNumBG1.png",
        "sizeGrid": "14,37,19,43,1"
      },
      "compId": 51,
      "child": [
        {
          "type": "Image",
          "props": {
            "y": -4,
            "x": 0,
            "width": 114,
            "skin": "game/floorNumBG1.png",
            "sizeGrid": "14,37,19,43,1",
            "presetID": 26,
            "name": "floor1",
            "height": 50
          },
          "compId": 50,
          "child": [
            {
              "type": "Text",
              "props": {
                "y": 10,
                "x": 5,
                "width": 104,
                "valign": "middle",
                "text": "1层",
                "presetID": 27,
                "height": 36,
                "fontSize": 25,
                "font": "Microsoft YaHei",
                "color": "#ffffff",
                "bold": true,
                "align": "center",
                "runtime": "Laya.Text"
              },
              "compId": 52
            }
          ]
        },
        {
          "type": "Image",
          "props": {
            "y": -4,
            "x": 125,
            "width": 114,
            "skin": "game/floorNumBG1.png",
            "sizeGrid": "14,37,19,43,1",
            "presetID": 28,
            "name": "floor2",
            "height": 50
          },
          "compId": 53,
          "child": [
            {
              "type": "Text",
              "props": {
                "y": 10,
                "x": 5,
                "width": 104,
                "valign": "middle",
                "text": "2层",
                "presetID": 29,
                "height": 36,
                "fontSize": 25,
                "font": "Microsoft YaHei",
                "color": "#ffffff",
                "bold": true,
                "align": "center",
                "runtime": "Laya.Text"
              },
              "compId": 54
            }
          ]
        },
        {
          "type": "Image",
          "props": {
            "y": -4,
            "x": 250,
            "width": 114,
            "skin": "game/floorNumBG1.png",
            "sizeGrid": "14,37,19,43,1",
            "presetID": 30,
            "name": "floor3",
            "height": 50
          },
          "compId": 55,
          "child": [
            {
              "type": "Text",
              "props": {
                "y": 10,
                "x": 5,
                "width": 104,
                "valign": "middle",
                "text": "3层",
                "presetID": 31,
                "height": 36,
                "fontSize": 25,
                "font": "Microsoft YaHei",
                "color": "#ffffff",
                "bold": true,
                "align": "center",
                "runtime": "Laya.Text"
              },
              "compId": 57
            }
          ]
        },
        {
          "type": "Image",
          "props": {
            "y": -4,
            "x": 375,
            "width": 114,
            "skin": "game/floorNumBG1.png",
            "sizeGrid": "14,37,19,43,1",
            "presetID": 32,
            "name": "floor4",
            "height": 50
          },
          "compId": 56,
          "child": [
            {
              "type": "Text",
              "props": {
                "y": 10,
                "x": 5,
                "width": 104,
                "valign": "middle",
                "text": "4层",
                "presetID": 33,
                "height": 36,
                "fontSize": 25,
                "font": "Microsoft YaHei",
                "color": "#ffffff",
                "bold": true,
                "align": "center",
                "runtime": "Laya.Text"
              },
              "compId": 58
            }
          ]
        }
      ]
    }
  ],
  "loadList": [
    "game/buildBannar_bg.png",
    "game/builditem_iconBG.png",
    "game/reward_wood.png",
    "game/buildBannar_done.png",
    "game/b_btn_yellow.png",
    "game/video2.png",
    "game/game_wood.png",
    "game/b_btn_green.png",
    "game/buildBannar_mask.png",
    "game/buildIcon53.png",
    "game/achi_bar2.png",
    "game/achi_bar1.png",
    "game/floorNumBG1.png"
  ],
  "loadList3D": []
}
