{
  "type": "Box",
  "props": {
    "y": 0,
    "x": 0,
    "width": 196,
    "presetID": 1,
    "isPresetRoot": true,
    "height": 46
  },
  "compId": 21,
  "child": [
    {
      "type": "FontClip",
      "props": {
        "y": 13,
        "x": 54,
        "width": 28,
        "value": "+991k",
        "valign": "middle",
        "text": "2",
        "spaceX": -15,
        "skin": "game/res_num0_9.png",
        "sheet": "0123456789+k",
        "scaleX": 1,
        "presetID": 4,
        "name": "resnum",
        "height": 26,
        "fontSize": 26,
        "font": "Microsoft YaHei",
        "color": "#ffffff",
        "align": "left"
      },
      "compId": 55
    },
    {
      "type": "Image",
      "props": {
        "skin": "game/game_wood.png",
        "presetID": 5,
        "name": "icon"
      },
      "compId": 58
    }
  ],
  "loadList": ["game/res_num0_9.png", "game/game_wood.png"],
  "loadList3D": []
}
