{
  "type": "Image",
  "props": {
    "y": 0,
    "x": 0,
    "width": 99,
    "skin": "game/invite_player icon.png",
    "presetID": 1,
    "name": "dayInvitePlayer",
    "isPresetRoot": true,
    "height": 99
  },
  "compId": 10,
  "child": [
    {
      "type": "Image",
      "props": {
        "var": "head",
        "top": 2,
        "skin": "game/task_04-4.png",
        "right": 2,
        "presetID": 2,
        "name": "head",
        "left": 2,
        "bottom": 2
      },
      "compId": 11
    },
    {
      "type": "Text",
      "props": {
        "y": 104,
        "x": 0,
        "width": 40,
        "valign": "middle",
        "text": "奖励：",
        "presetID": 3,
        "name": "resultitle",
        "height": 20,
        "fontSize": 14,
        "font": "Microsoft YaHei",
        "color": "#104884",
        "bold": true,
        "align": "left",
        "runtime": "Laya.Text"
      },
      "compId": 13
    },
    {
      "type": "Image",
      "props": {
        "y": 102,
        "x": 38,
        "width": 27,
        "skin": "game/res_gem_icon.png",
        "presetID": 4,
        "name": "damicon",
        "height": 23
      },
      "compId": 14
    },
    {
      "type": "Text",
      "props": {
        "y": 104,
        "x": 67,
        "width": 32,
        "var": "txtresult",
        "valign": "middle",
        "text": "999",
        "presetID": 5,
        "name": "txtresult",
        "height": 20,
        "fontSize": 14,
        "font": "Microsoft YaHei",
        "color": "#104884",
        "bold": true,
        "align": "center",
        "runtime": "Laya.Text"
      },
      "compId": 16
    },
    {
      "type": "Image",
      "props": {
        "y": 128,
        "x": 4,
        "width": 90,
        "var": "btninvite",
        "skin": "game/b_btn_invite_green.png",
        "sizeGrid": "25,41,28,51",
        "presetID": 6,
        "name": "btninvite",
        "height": 45
      },
      "compId": 17,
      "child": [
        {
          "type": "Text",
          "props": {
            "y": 2,
            "x": 0,
            "width": 91,
            "valign": "middle",
            "text": "已邀请",
            "presetID": 7,
            "name": "txtinvitebtn",
            "height": 42,
            "fontSize": 18,
            "font": "Microsoft YaHei",
            "color": "#ffffff",
            "bold": true,
            "align": "center",
            "runtime": "Laya.Text"
          },
          "compId": 18
        }
      ]
    }
  ],
  "loadList": [
    "game/invite_player icon.png",
    "game/task_04-4.png",
    "game/res_gem_icon.png",
    "game/b_btn_invite_green.png"
  ],
  "loadList3D": []
}
