{
  "type": "Image",
  "props": {
    "y": 24,
    "width": 250,
    "skin": "game/message_bg.png",
    "sizeGrid": "11,14,9,13,1",
    "presetID": 1,
    "name": "dialogboxitem",
    "isPresetRoot": true,
    "height": 36,
    "anchorY": 0.5,
    "anchorX": 0.5
  },
  "compId": 292,
  "child": [
    {
      "type": "Image",
      "props": {
        "skin": "game/message_arrow.png",
        "presetID": 2,
        "name": "arrow",
        "centerX": 0,
        "bottom": -14.8
      },
      "compId": 293
    },
    {
      "type": "Text",
      "props": {
        "y": 10,
        "x": 6,
        "wordWrap": true,
        "width": 238,
        "valign": "middle",
        "text": "我是要成为海贼王的男人",
        "presetID": 3,
        "overflow": "visible",
        "name": "txtcontent",
        "leading": 8,
        "height": 21,
        "fontSize": 20,
        "font": "Microsoft YaHei",
        "color": "#ffffff",
        "bold": true,
        "align": "center",
        "runtime": "Laya.Text"
      },
      "compId": 294
    }
  ],
  "loadList": ["game/message_bg.png", "game/message_arrow.png"],
  "loadList3D": []
}
