{
  "type": "Box",
  "props": {
    "y": 110,
    "x": 71,
    "width": 142,
    "styleSkin": "comp/image.png",
    "presetID": 1,
    "name": "fightBuffItem",
    "isPresetRoot": true,
    "height": 220,
    "anchorY": 0.5,
    "anchorX": 0.5
  },
  "compId": 55,
  "child": [
    {
      "type": "Image",
      "props": {
        "width": 142,
        "top": 0,
        "skin": "game/battle_item_bg.png",
        "presetID": 2,
        "name": "itembg",
        "height": 141,
        "centerX": 0
      },
      "compId": 56,
      "child": [
        {
          "type": "Image",
          "props": {
            "skin": "game/battle_i_noharm.png",
            "presetID": 3,
            "name": "itemicon",
            "centerY": 0,
            "centerX": 0
          },
          "compId": 57
        },
        {
          "type": "Image",
          "props": {
            "y": 79,
            "x": 78,
            "visible": false,
            "skin": "game/weapon_lvbg.png",
            "presetID": 10,
            "name": "levelicon"
          },
          "compId": 65,
          "child": [
            {
              "type": "Label",
              "props": {
                "width": 40,
                "valign": "middle",
                "text": "+5",
                "right": 4,
                "presetID": 11,
                "name": "leveltxt",
                "height": 26,
                "fontSize": 20,
                "font": "Microsoft YaHei",
                "color": "#ffffff",
                "bottom": 0,
                "bold": true,
                "align": "right"
              },
              "compId": 66
            }
          ]
        }
      ]
    },
    {
      "type": "Image",
      "props": {
        "y": 181,
        "width": 142,
        "skin": "game/b_btn_yellow.png",
        "sizeGrid": "0,6,0,4",
        "presetID": 4,
        "name": "btnuse",
        "height": 78,
        "centerX": 0,
        "bottom": 0,
        "anchorY": 0.5,
        "anchorX": 0.5
      },
      "compId": 58,
      "child": [
        {
          "type": "Image",
          "props": {
            "x": 16,
            "skin": "game/offline_time.png",
            "presetID": 5,
            "name": "cdicon",
            "centerY": 0
          },
          "compId": 59
        },
        {
          "type": "Label",
          "props": {
            "x": 58,
            "width": 76,
            "valign": "middle",
            "text": "99:99",
            "presetID": 6,
            "name": "cdtxt",
            "height": 39,
            "fontSize": 26,
            "font": "Microsoft YaHei",
            "color": "#ffffff",
            "centerY": 2,
            "bold": true,
            "align": "center"
          },
          "compId": 60
        },
        {
          "type": "Image",
          "props": {
            "y": 6,
            "x": 31,
            "width": 31,
            "skin": "game/video2.png",
            "presetID": 7,
            "name": "resicon",
            "height": 31
          },
          "compId": 61
        },
        {
          "type": "Label",
          "props": {
            "y": 7,
            "x": 53,
            "width": 76,
            "valign": "middle",
            "text": "免费",
            "presetID": 8,
            "name": "rescount",
            "height": 32,
            "fontSize": 26,
            "font": "Microsoft YaHei",
            "color": "#ffffff",
            "bold": true,
            "align": "center"
          },
          "compId": 63
        },
        {
          "type": "Label",
          "props": {
            "y": 42,
            "width": 107,
            "valign": "middle",
            "text": "强化跑怒",
            "presetID": 9,
            "name": "buffname",
            "height": 30,
            "fontSize": 22,
            "font": "Microsoft YaHei",
            "color": "#ffffff",
            "centerX": 0,
            "bold": true,
            "align": "center"
          },
          "compId": 64
        }
      ]
    }
  ],
  "loadList": [
    "comp/image.png",
    "game/battle_item_bg.png",
    "game/battle_i_noharm.png",
    "game/weapon_lvbg.png",
    "game/b_btn_yellow.png",
    "game/offline_time.png",
    "game/video2.png"
  ],
  "loadList3D": []
}
