{
  "type": "Image",
  "props": {
    "y": 0,
    "x": 0,
    "width": 484,
    "skin": "game/buildBannar_bg.png",
    "sizeGrid": "33,20,32,24",
    "presetID": 1,
    "name": "inviteFrienditem",
    "isPresetRoot": true,
    "height": 104
  },
  "compId": 23,
  "child": [
    {
      "type": "Text",
      "props": {
        "y": 29,
        "x": 19,
        "width": 149,
        "var": "txtnum",
        "valign": "middle",
        "text": "第1位新好友",
        "presetID": 2,
        "height": 51,
        "fontSize": 22,
        "font": "Microsoft YaHei",
        "color": "#0c4d6c",
        "bold": true,
        "align": "left",
        "runtime": "Laya.Text"
      },
      "compId": 24
    },
    {
      "type": "Text",
      "props": {
        "y": 29,
        "x": 185,
        "width": 149,
        "valign": "middle",
        "text": "奖励：     999",
        "presetID": 3,
        "name": "txtresult",
        "height": 51,
        "fontSize": 22,
        "font": "Microsoft YaHei",
        "color": "#0c4d6c",
        "bold": true,
        "align": "left",
        "runtime": "Laya.Text"
      },
      "compId": 25
    },
    {
      "type": "Image",
      "props": {
        "y": 40,
        "x": 247,
        "width": 27,
        "skin": "game/res_gem_icon.png",
        "presetID": 4,
        "name": "resulticon",
        "height": 23
      },
      "compId": 26
    },
    {
      "type": "Image",
      "props": {
        "y": 27,
        "x": 369,
        "skin": "game/b_btn_invite_orange.png",
        "presetID": 5,
        "name": "btnget"
      },
      "compId": 27
    },
    {
      "type": "Text",
      "props": {
        "y": 30,
        "x": 375,
        "width": 91,
        "valign": "middle",
        "text": "去邀请",
        "presetID": 6,
        "name": "btntxt",
        "mouseThrough": true,
        "mouseEnabled": false,
        "height": 44,
        "fontSize": 18,
        "font": "Microsoft YaHei",
        "color": "#ffffff",
        "align": "center",
        "runtime": "Laya.Text"
      },
      "compId": 28
    }
  ],
  "loadList": [
    "game/buildBannar_bg.png",
    "game/res_gem_icon.png",
    "game/b_btn_invite_orange.png"
  ],
  "loadList3D": []
}
