{
  "type": "Box",
  "props": {
    "y": 0,
    "x": 0,
    "width": 100,
    "styleSkin": "game/task_01.png",
    "presetID": 1,
    "name": "islanditem",
    "isPresetRoot": true,
    "height": 100
  },
  "compId": 96,
  "child": [
    {
      "type": "Image",
      "props": {
        "y": 27,
        "x": 19,
        "width": 61,
        "skin": "game/task_01.png",
        "presetID": 2,
        "name": "icon",
        "height": 61
      },
      "compId": 98
    },
    {
      "type": "Image",
      "props": {
        "y": 92,
        "x": 16,
        "width": 67,
        "skin": "game/map_nameBG.png",
        "sizeGrid": "6,16,7,15",
        "presetID": 3,
        "name": "namebg"
      },
      "compId": 99,
      "child": [
        {
          "type": "Text",
          "props": {
            "y": 1,
            "x": 0,
            "width": 67,
            "valign": "middle",
            "text": "失落神庙",
            "presetID": 4,
            "name": "name",
            "height": 19,
            "fontSize": 12,
            "font": "Microsoft YaHei",
            "color": "#ffffff",
            "align": "center",
            "runtime": "Laya.Text"
          },
          "compId": 97
        }
      ]
    },
    {
      "type": "Image",
      "props": {
        "y": 32.5,
        "x": 28.5,
        "skin": "game/map_sail.png",
        "presetID": 5,
        "name": "ship"
      },
      "compId": 100,
      "child": [
        {
          "type": "Image",
          "props": {
            "y": -37,
            "x": 9,
            "skin": "game/map_point.png",
            "presetID": 6,
            "name": "arrow"
          },
          "compId": 101
        }
      ]
    }
  ],
  "loadList": [
    "game/task_01.png",
    "game/map_nameBG.png",
    "game/map_sail.png",
    "game/map_point.png"
  ],
  "loadList3D": []
}
