{
  "type": "Box",
  "props": {
    "y": 0,
    "x": 0,
    "width": 498,
    "presetID": 1,
    "isPresetRoot": true,
    "height": 116
  },
  "compId": 21,
  "child": [
    {
      "type": "Image",
      "props": {
        "width": 498,
        "skin": "game/buildBannar_bg.png",
        "sizeGrid": "36,23,35,25",
        "presetID": 2,
        "name": "bg",
        "height": 116
      },
      "compId": 20
    },
    {
      "type": "Image",
      "props": {
        "y": 12,
        "x": 16,
        "skin": "game/builditem_iconBG.png",
        "presetID": 5
      },
      "compId": 25
    },
    {
      "type": "Image",
      "props": {
        "y": 59,
        "x": 64,
        "skin": "game/buildIcon09.png",
        "presetID": 3,
        "name": "icon",
        "anchorY": 0.5,
        "anchorX": 0.5
      },
      "compId": 22
    },
    {
      "type": "Text",
      "props": {
        "y": 24,
        "x": 148.5,
        "text": "建造10块船板",
        "presetID": 6,
        "name": "desc",
        "fontSize": 30,
        "font": "Microsoft YaHei",
        "color": "#584f48",
        "bold": true,
        "runtime": "Laya.Text"
      },
      "compId": 27
    },
    {
      "type": "Text",
      "props": {
        "y": 74,
        "x": 148.5,
        "text": "奖励：",
        "presetID": 7,
        "fontSize": 22,
        "font": "Microsoft YaHei",
        "color": "#e65d01",
        "bold": true,
        "runtime": "Laya.Text"
      },
      "compId": 28
    },
    {
      "type": "Image",
      "props": {
        "y": 56,
        "x": 225.5,
        "skin": "game/res_wood_icon.png",
        "presetID": 8,
        "name": "moodicon"
      },
      "compId": 29
    },
    {
      "type": "Text",
      "props": {
        "y": 74,
        "x": 291,
        "text": "500",
        "presetID": 9,
        "name": "rewardnum",
        "fontSize": 28,
        "font": "Microsoft YaHei",
        "color": "#e65d01",
        "bold": true,
        "runtime": "Laya.Text"
      },
      "compId": 30
    },
    {
      "type": "Sprite",
      "props": {
        "y": -11,
        "x": 467,
        "visible": false,
        "texture": "game/tips.png",
        "presetID": 10,
        "name": "tips"
      },
      "compId": 31
    },
    {
      "type": "Image",
      "props": {
        "y": 1,
        "x": 0,
        "width": 498,
        "skin": "game/achi_bannar_mask.png",
        "sizeGrid": "40,35,39,34",
        "presetID": 4,
        "name": "itemmask",
        "height": 115
      },
      "compId": 24,
      "child": [
        {
          "type": "Sprite",
          "props": {
            "y": 30,
            "x": 403,
            "texture": "game/buildBannar_done.png",
            "presetID": 11
          },
          "compId": 32
        }
      ]
    }
  ],
  "loadList": [
    "game/buildBannar_bg.png",
    "game/builditem_iconBG.png",
    "game/buildIcon09.png",
    "game/res_wood_icon.png",
    "game/tips.png",
    "game/achi_bannar_mask.png",
    "game/buildBannar_done.png"
  ],
  "loadList3D": []
}
