{
  "type": "Box",
  "props": {
    "y": 0,
    "x": 0,
    "width": 396,
    "presetID": 1,
    "isPresetRoot": true,
    "height": 153
  },
  "compId": 20,
  "child": [
    {
      "type": "Image",
      "props": {
        "width": 396,
        "skin": "game/faceBG.png",
        "sizeGrid": "36,44,78,126",
        "presetID": 2,
        "name": "bg",
        "height": 153
      },
      "compId": 19
    },
    {
      "type": "Image",
      "props": {
        "y": 0,
        "x": 1.5,
        "skin": "game/end_1_star3.png",
        "presetID": 3,
        "name": "icon"
      },
      "compId": 21
    }
  ],
  "loadList": ["game/faceBG.png", "game/end_1_star3.png"],
  "loadList3D": []
}
