{
  "type": "Box",
  "props": {
    "y": 0,
    "x": 0,
    "width": 173,
    "presetID": 1,
    "isPresetRoot": true,
    "height": 225
  },
  "compId": 69,
  "child": [
    {
      "type": "Sprite",
      "props": {
        "texture": "game/shop_diamondBG.png",
        "presetID": 2,
        "name": "bg"
      },
      "compId": 68
    },
    {
      "type": "Image",
      "props": {
        "y": 92,
        "x": 86,
        "skin": "game/gems_02.png",
        "presetID": 3,
        "name": "icon",
        "anchorY": 0.5,
        "anchorX": 0.5
      },
      "compId": 70
    },
    {
      "type": "Text",
      "props": {
        "y": 142,
        "x": 11,
        "width": 151,
        "valign": "middle",
        "text": " 50 ",
        "strokeColor": "#ffffff",
        "stroke": 3,
        "presetID": 4,
        "name": "rewardnum",
        "height": 41,
        "fontSize": 28,
        "font": "Microsoft YaHei",
        "color": "#d801a6",
        "bold": true,
        "align": "center",
        "runtime": "Laya.Text"
      },
      "compId": 71
    },
    {
      "type": "Text",
      "props": {
        "y": 186,
        "x": 51,
        "width": 70,
        "valign": "middle",
        "text": " 50 ",
        "strokeColor": "#ffffff",
        "presetID": 5,
        "name": "price",
        "height": 29,
        "fontSize": 20,
        "font": "Microsoft YaHei",
        "color": "#e8e2e7",
        "bold": true,
        "align": "center",
        "runtime": "Laya.Text"
      },
      "compId": 72
    },
    {
      "type": "Sprite",
      "props": {
        "y": 178,
        "x": 21,
        "texture": "game/video_sign.png",
        "presetID": 6,
        "name": "videoicon"
      },
      "compId": 73
    }
  ],
  "loadList": [
    "game/shop_diamondBG.png",
    "game/gems_02.png",
    "game/video_sign.png"
  ],
  "loadList3D": []
}
