{
  "type": "Sprite",
  "props": {
    "width": 113,
    "texture": "game/signBG.png",
    "presetID": 1,
    "mouseThrough": true,
    "isPresetRoot": true,
    "height": 144
  },
  "compId": 8,
  "child": [
    {
      "type": "Text",
      "props": {
        "y": 9,
        "x": 25,
        "valign": "middle",
        "text": "第 1 天",
        "styleSkin": "game/day1.png",
        "presetID": 9,
        "name": "day",
        "fontSize": 20,
        "font": "Microsoft YaHei",
        "color": "#ffffff",
        "bold": true,
        "align": "center",
        "runtime": "Laya.Text"
      },
      "compId": 16
    },
    {
      "type": "Image",
      "props": {
        "y": 75,
        "x": 56,
        "skin": "game/sign_wood.png",
        "presetID": 3,
        "name": "icon",
        "anchorY": 0.5,
        "anchorX": 0.5
      },
      "compId": 10
    },
    {
      "type": "Label",
      "props": {
        "y": 113,
        "x": 7,
        "width": 98,
        "valign": "middle",
        "text": "1000",
        "styleSkin": "game/qiandao_Btn.png",
        "presetID": 6,
        "name": "goldnum",
        "height": 25,
        "fontSize": 25,
        "font": "Arial",
        "color": "#ffffff",
        "bold": true,
        "align": "center"
      },
      "compId": 13
    },
    {
      "type": "Sprite",
      "props": {
        "y": 92,
        "x": 63,
        "width": 56,
        "texture": "game/sign_already.png",
        "presetID": 4,
        "name": "receive",
        "height": 47
      },
      "compId": 11
    }
  ],
  "loadList": [
    "game/signBG.png",
    "game/day1.png",
    "game/sign_wood.png",
    "game/qiandao_Btn.png",
    "game/sign_already.png"
  ],
  "loadList3D": []
}
