{
  "type": "Box",
  "props": {
    "y": 0,
    "x": 0,
    "width": 173,
    "presetID": 1,
    "isPresetRoot": true,
    "height": 225
  },
  "compId": 65,
  "child": [
    {
      "type": "Image",
      "props": {
        "skin": "game/characterBG_blue.png",
        "presetID": 2,
        "name": "bg"
      },
      "compId": 66
    },
    {
      "type": "Image",
      "props": {
        "y": 128,
        "x": 90,
        "width": 129,
        "skin": "game/character_01.png",
        "scaleY": 1,
        "scaleX": 1,
        "presetID": 3,
        "name": "icon",
        "height": 185,
        "anchorY": 0.5,
        "anchorX": 0.5
      },
      "compId": 67
    },
    {
      "type": "Sprite",
      "props": {
        "y": -8,
        "x": -14,
        "texture": "game/tips.png",
        "presetID": 4,
        "name": "tips"
      },
      "compId": 68
    },
    {
      "type": "Text",
      "props": {
        "y": 15,
        "x": 4,
        "width": 165,
        "valign": "middle",
        "text": "艾福利二",
        "presetID": 5,
        "name": "itemname",
        "height": 28,
        "fontSize": 22,
        "font": "Microsoft YaHei",
        "color": "#ffffff",
        "bold": true,
        "align": "center",
        "runtime": "Laya.Text"
      },
      "compId": 69
    },
    {
      "type": "Sprite",
      "props": {
        "y": -1,
        "x": 0,
        "texture": "game/characterBG_mask.png",
        "presetID": 7,
        "name": "graymask"
      },
      "compId": 71
    },
    {
      "type": "Image",
      "props": {
        "y": 178.5,
        "x": 127.5,
        "skin": "game/skin_magnascope.png",
        "presetID": 6,
        "name": "mark"
      },
      "compId": 70
    },
    {
      "type": "Image",
      "props": {
        "y": 182,
        "x": 44,
        "width": 87,
        "visible": false,
        "skin": "game/ad_chest_light.png",
        "presetID": 8,
        "pivotY": 43,
        "pivotX": 44,
        "name": "light",
        "height": 86
      },
      "compId": 72
    },
    {
      "type": "Sprite",
      "props": {
        "y": 185,
        "x": 43,
        "width": 48,
        "visible": false,
        "texture": "game/gem.png",
        "presetID": 9,
        "pivotY": 20,
        "pivotX": 24,
        "name": "gem",
        "height": 39
      },
      "compId": 73
    }
  ],
  "loadList": [
    "game/characterBG_blue.png",
    "game/character_01.png",
    "game/tips.png",
    "game/characterBG_mask.png",
    "game/skin_magnascope.png",
    "game/ad_chest_light.png",
    "game/gem.png"
  ],
  "loadList3D": []
}
