{
  "type": "Box",
  "props": {
    "y": 0,
    "x": 0,
    "width": 750,
    "top": 0,
    "right": 0,
    "presetID": 1,
    "left": 0,
    "isPresetRoot": true,
    "height": 1334,
    "bottom": 0
  },
  "compId": 127,
  "child": [
    {
      "type": "Image",
      "props": {
        "y": 0,
        "x": 0,
        "width": 750,
        "skin": "game/scene_switch_1.png",
        "radius": 50,
        "presetID": 3,
        "name": "doorleft",
        "lineWidth": 1,
        "fillColor": "#ff0000",
        "cacheAs": "bitmap"
      },
      "compId": 129
    },
    {
      "type": "Image",
      "props": {
        "y": 830,
        "x": 0,
        "width": 750,
        "skin": "game/scene_switch_2.png",
        "radius": 50,
        "presetID": 4,
        "name": "doorright",
        "lineWidth": 1,
        "fillColor": "#ff0000",
        "cacheAs": "bitmap"
      },
      "compId": 130
    },
    {
      "type": "Image",
      "props": {
        "visible": false,
        "skin": "game/newyear_ani_img2.png",
        "presetID": 5,
        "name": "aniicon",
        "centerY": 0,
        "centerX": 0,
        "anchorY": 0.5,
        "anchorX": 0.5
      },
      "compId": 132
    }
  ],
  "loadList": [
    "game/scene_switch_1.png",
    "game/scene_switch_2.png",
    "game/newyear_ani_img2.png"
  ],
  "loadList3D": []
}
