{
  "type": "Image",
  "props": {
    "y": 0,
    "x": 0,
    "width": 141,
    "skin": "game/end_characterBG_grey.png",
    "presetID": 1,
    "name": "unlockitem",
    "isPresetRoot": true,
    "height": 153
  },
  "compId": 88,
  "child": [
    {
      "type": "Image",
      "props": {
        "y": -5,
        "x": 8.900000000000006,
        "width": 123.2,
        "skin": "game/character_09.png",
        "presetID": 2,
        "name": "icon",
        "height": 175
      },
      "compId": 92,
      "child": [
        {
          "type": "Image",
          "props": {
            "y": 11,
            "x": -3,
            "width": 131,
            "skin": "game/Weathe_mask.png",
            "renderType": "mask",
            "presetID": 3,
            "name": "mask",
            "height": 139
          },
          "compId": 93
        }
      ]
    },
    {
      "type": "Image",
      "props": {
        "skin": "game/end_map_item_mask.png",
        "presetID": 4,
        "name": "lock"
      },
      "compId": 94,
      "child": [
        {
          "type": "Image",
          "props": {
            "y": 97,
            "x": 95,
            "skin": "game/lock.png",
            "presetID": 5
          },
          "compId": 95
        }
      ]
    }
  ],
  "loadList": [
    "game/end_characterBG_grey.png",
    "game/character_09.png",
    "game/Weathe_mask.png",
    "game/end_map_item_mask.png",
    "game/lock.png"
  ],
  "loadList3D": []
}
