{
  "type": "Box",
  "props": {
    "width": 109,
    "presetID": 1,
    "isPresetRoot": true,
    "height": 139
  },
  "compId": 162,
  "child": [
    {
      "type": "Image",
      "props": {
        "top": 0,
        "skin": "game/ad_iconbg.png",
        "sizeGrid": "20,24,28,20,1",
        "right": 0,
        "presetID": 6,
        "name": "bg",
        "left": 0,
        "bottom": 0
      },
      "compId": 167
    },
    {
      "type": "Image",
      "props": {
        "y": 5,
        "x": 4,
        "width": 100,
        "presetID": 3,
        "name": "icon",
        "height": 100
      },
      "compId": 157
    },
    {
      "type": "Text",
      "props": {
        "y": 105,
        "x": 0,
        "width": 106,
        "valign": "middle",
        "text": "第一关卡当前是第一关卡当前是",
        "presetID": 4,
        "overflow": "hidden",
        "name": "name",
        "height": 33,
        "fontSize": 18,
        "font": "Microsoft YaHei",
        "color": "#000000",
        "bold": false,
        "align": "center",
        "runtime": "Laya.Text"
      },
      "compId": 163
    },
    {
      "type": "Image",
      "props": {
        "top": 0,
        "skin": "game/ADhot.png",
        "presetID": 5,
        "name": "flag",
        "left": 0
      },
      "compId": 166
    },
    {
      "type": "Image",
      "props": {
        "width": 55,
        "top": -22,
        "skin": "game/ad_icon_close.png",
        "presetID": 7,
        "name": "btnclose",
        "left": 0,
        "height": 22
      },
      "compId": 168
    }
  ],
  "loadList": [
    "game/ad_iconbg.png",
    "game/ADhot.png",
    "game/ad_icon_close.png"
  ],
  "loadList3D": []
}
