{
  "type": "Box",
  "props": {
    "y": 0,
    "x": 0,
    "width": 114,
    "presetID": 1,
    "isPresetRoot": true,
    "height": 140
  },
  "compId": 11,
  "child": [
    {
      "type": "Image",
      "props": {
        "y": 0,
        "x": 0,
        "width": 114,
        "skin": "ht/ad_v_iconbg.png",
        "sizeGrid": "30,30,30,30",
        "presetID": 6,
        "name": "bg",
        "height": 140
      },
      "compId": 18
    },
    {
      "type": "Image",
      "props": {
        "y": 6,
        "x": 6,
        "width": 103,
        "presetID": 3,
        "name": "icon",
        "height": 103
      },
      "compId": 12
    },
    {
      "type": "Text",
      "props": {
        "y": 115,
        "x": 2,
        "width": 109,
        "valign": "middle",
        "text": "全民枪手传奇",
        "strokeColor": "#000000",
        "stroke": 1,
        "presetID": 4,
        "name": "name",
        "height": 22,
        "fontSize": 16,
        "font": "Microsoft YaHei",
        "color": "#ffffff",
        "bold": true,
        "align": "center",
        "runtime": "Laya.Text"
      },
      "compId": 13
    },
    {
      "type": "Image",
      "props": {
        "y": -2.5,
        "x": 73,
        "skin": "game/ADnew.png",
        "presetID": 5,
        "name": "flag",
        "top": 0,
        "left": 0
      },
      "compId": 16
    }
  ],
  "loadList": ["ht/ad_v_iconbg.png", "game/ADnew.png"],
  "loadList3D": []
}
