[1,["f0BIwQ8D5Ml7nTNQbh1YlS","ecpdLyjvZBwrvm+cedCcQy","e97GVMl6JHh5Ml5qEDdSGa","29FYIk+N1GYaeWH/q1NxQO","71VhFCTINJM6/Ky3oX9nBT","41D7kWhyFGY7q4NDlzkazn","31vIlawANFZqnzLlSuHBfc","03aRigZfpHzp+ajJLUzqzW","8ffqmvmjRA87G2eAJbtpnx","c5mJJJTQlBW54e6oK/Pkpv","6aoKpq6+5BVaCIpoemqt7E","a8Anh32NZGRZegUtSgEj26","b4P/PCArtIdIH38t6mlw8Y","e8Ueib+qJEhL6mXAHdnwbi"],["node","_spriteFrame","_textureSetter","_parent","_N$normalSprite","_N$pressedSprite","_N$hoverSprite","_N$disabledSprite","playButton","scene","audioClip","BgClip","tipAudioUI"],[["cc.Node",["_name","_zIndex","_objFlags","_id","_components","_contentSize","_parent","_children","_trs","_color"],-1,9,5,1,2,7,5],"cc.SpriteFrame",["cc.Widget",["_alignFlags","_originalWidth","_originalHeight","alignMode","node"],-1,1],["cc.Sprite",["_type","_sizeMode","node","_materials","_spriteFrame"],1,1,3,6],["cc.Button",["_N$transition","node","clickEvents","_N$normalColor","_N$pressedColor","_N$disabledColor","_N$target","_N$normalSprite","_N$pressedSprite","_N$hoverSprite","_N$disabledSprite"],2,1,9,5,5,5,1,6,6,6,6],["cc.Label",["_string","_fontSize","_N$horizontalAlign","_N$verticalAlign","_srcBlendFactor","_lineHeight","_enableWrapText","_N$overflow","_N$cacheMode","node","_materials"],-6,1,3],["cc.SceneAsset",["_name","asyncLoadAssets"],1],["cc.Node",["_name","_parent","_children","_components","_contentSize","_trs"],2,1,2,2,5,7],["cc.Canvas",["node","_designResolution"],3,1,5],["364a0LTL+NObrYHvz2JIiVO",["node","playButton","audioClip","BgClip","tipAudioUI"],3,1,1,6,6,6],["cc.Layout",["_resize","_N$layoutType","_N$spacingX","node","_layoutSize"],0,1,5],["cc.ClickEvent",["_componentId","handler","target"],1,1],["cc.Scene",["_name","_active","_zIndex","_children","_anchorPoint","_trs"],0,2,5,7],["cc.Camera",["_clearFlags","_depth","node"],1,1]],[[3,0,1,2,3,4,3],[0,0,2,7,4,5,8,3],[0,0,2,6,4,9,5,3],[2,3,0,1,2,4,5],[11,0,1,2,3],[5,0,1,6,2,3,7,8,9,10,8],[0,0,6,7,4,5,8,2],[4,0,1,2,3,4,5,6,7,8,9,10,2],[0,0,1,6,4,5,8,3],[6,0,1,3],[0,0,1,3,7,4,9,5,8,4],[0,0,6,7,4,5,2],[0,0,1,6,4,9,5,3],[0,0,1,6,4,3],[7,0,1,2,3,4,5,2],[8,0,1,1],[2,0,4,2],[2,0,1,2,4,4],[9,0,1,2,3,4,1],[10,0,1,2,3,4,4],[3,2,3,4,1],[4,0,1,2,3,4,5,6,2],[12,0,1,2,3,4,5,4],[13,0,1,2,3],[5,4,0,1,5,2,3,9,10,7]],[[[{"name":"default_btn_disabled","rect":[0,0,40,40],"offset":[0,0],"originalSize":[40,40],"capInsets":[12,12,12,12]}],[1],0,[0],[2],[4]],[[[9,"helloworld",null],[10,"Canvas",0,"a286bbGknJLZpRpxROV6M94",[-5,-6,-7,-8,-9],[[15,-1,[5,1280,720]],[16,45,-2],[18,-4,-3,29,30,31]],[4,4294769916],[5,1280,720],[640,360,0,0,0,0,1,1,1,1]],[11,"btnRoot",1,[-11,-12,-13,-14],[[19,1,1,20,-10,[5,460,200]]],[5,460,200]],[1,"Background",512,[-17],[[0,1,0,-15,[6],7],[3,0,45,100,40,-16]],[5,100,40],[0,0,0,0,0,0,1,1,1,0]],[1,"Background",512,[-20],[[0,1,0,-18,[9],10],[3,0,45,100,40,-19]],[5,100,40],[0,0,0,0,0,0,1,1,1,0]],[1,"Background",512,[-23],[[0,1,0,-21,[16],17],[3,0,45,100,40,-22]],[5,100,40],[0,0,0,0,0,0,1,1,1,0]],[1,"Background",512,[-26],[[0,1,0,-24,[23],24],[3,0,45,100,40,-25]],[5,100,40],[0,0,0,0,0,0,1,1,1,0]],[12,"background",0,1,[[17,45,200,150,-27],[0,1,0,-28,[0],1]],[4,4281214491],[5,1280,720]],[14,"play",2,[3],[-29],[5,100,40],[-180,-285.061,0,0,0,0,1,1,1,1]],[6,"play copy",2,[4],[[7,3,-30,[[4,"364a0LTL+NObrYHvz2JIiVO","onPlayButtonClick",1]],[4,4293322470],[4,4291348680],[4,3363338360],4,11,12,13,14]],[5,100,40],[-60,-285.061,0,0,0,0,1,1,1,1]],[6,"resume",2,[5],[[7,3,-31,[[4,"364a0LTL+NObrYHvz2JIiVO","onResume",1]],[4,4293322470],[4,4291348680],[4,3363338360],5,18,19,20,21]],[5,100,40],[60,-285.061,0,0,0,0,1,1,1,1]],[6,"replay",2,[6],[[7,3,-32,[[4,"364a0LTL+NObrYHvz2JIiVO","onReplay",1]],[4,4293322470],[4,4291348680],[4,3363338360],6,25,26,27,28]],[5,100,40],[180,-285.061,0,0,0,0,1,1,1,1]],[22,"New Node",false,0,[1],[0,0,0],[0,0,0,0,0,0,1,1,1,1]],[13,"Main Camera",0,1,[[23,7,-1,-33]]],[8,"cocos",0,1,[[20,-34,[2],3]],[5,175,226],[0,50,0,0,0,0,1,1,1,1]],[8,"label",0,1,[[24,1,"Label",60,60,1,1,-35,[4]]],[5,146.81,75.6],[0,-180,0,0,0,0,1,1,1,1]],[2,"Label",512,3,[[5,"playBg",20,false,1,1,1,1,-36,[5]]],[4,4278190080],[5,100,40]],[21,3,8,[[4,"364a0LTL+NObrYHvz2JIiVO","onPlayBgButtonClick",1]],[4,4293322470],[4,4291348680],[4,3363338360],3],[2,"Label",512,4,[[5,"play",20,false,1,1,1,1,-37,[8]]],[4,4278190080],[5,100,40]],[2,"Label",512,5,[[5,"resume",20,false,1,1,1,1,-38,[15]]],[4,4278190080],[5,100,40]],[2,"Label",512,6,[[5,"replay",20,false,1,1,1,1,-39,[22]]],[4,4278190080],[5,100,40]]],0,[0,0,1,0,0,1,0,8,17,0,0,1,0,-1,13,0,-2,7,0,-3,14,0,-4,15,0,-5,2,0,0,2,0,-1,8,0,-2,9,0,-3,10,0,-4,11,0,0,3,0,0,3,0,-1,16,0,0,4,0,0,4,0,-1,18,0,0,5,0,0,5,0,-1,19,0,0,6,0,0,6,0,-1,20,0,0,7,0,0,7,0,-1,17,0,0,9,0,0,10,0,0,11,0,0,13,0,0,14,0,0,15,0,0,16,0,0,18,0,0,19,0,0,20,0,9,12,1,3,12,3,3,8,4,3,9,5,3,10,6,3,11,39],[0,0,0,0,0,0,0,0,0,0,0,0,0,0,0,0,0,0,0,0,0,0,0,0,0,0,0,0,0,0,0,0,17,17,17,17],[-1,1,-1,1,-1,-1,-1,1,-1,-1,1,4,5,6,7,-1,-1,1,4,5,6,7,-1,-1,1,4,5,6,7,10,11,12,4,5,6,7],[1,5,1,6,1,1,1,0,1,1,0,0,2,0,3,1,1,0,0,2,0,3,1,1,0,0,2,0,3,7,8,9,0,2,0,3]],[[{"name":"HelloWorld","rect":[44,14,175,226],"offset":[3.5,1],"originalSize":[256,256],"capInsets":[0,0,0,0]}],[1],0,[0],[2],[10]],[[{"name":"singleColor","rect":[0,0,2,2],"offset":[0,0],"originalSize":[2,2],"capInsets":[0,0,0,0]}],[1],0,[0],[2],[11]],[[{"name":"default_btn_pressed","rect":[0,0,40,40],"offset":[0,0],"originalSize":[40,40],"capInsets":[12,12,12,12]}],[1],0,[0],[2],[12]],[[{"name":"default_btn_normal","rect":[0,0,40,40],"offset":[0,0],"originalSize":[40,40],"capInsets":[12,12,12,12]}],[1],0,[0],[2],[13]]]]