[
  {
    "Id": 1,
    "Desc": "游戏总时长（x小时）",
    "Value": "2,4,6,8",
    "Reward": "15,15,15,20"
  },
  {
    "Id": 2,
    "Desc": "收集x个海面浮木",
    "Value": "50,100,150,200",
    "Reward": "15,15,15,20"
  },
  {
    "Id": 3,
    "Desc": "收集x木材资源",
    "Value": "10000,100000,1000000,10000000",
    "Reward": "15,15,15,20"
  },
  {
    "Id": 4,
    "Desc": "招募x个船员",
    "Value": "2,4,6,8",
    "Reward": "15,15,15,20"
  },
  {
    "Id": 5,
    "Desc": "收容x只动物",
    "Value": "1,2,3,4",
    "Reward": "15,15,15,20"
  },
  {
    "Id": 6,
    "Desc": "拾取x个黄金宝箱",
    "Value": "30,50,100,200",
    "Reward": "15,15,15,20"
  },
  {
    "Id": 7,
    "Desc": "使用穿越黑夜x次",
    "Value": "30,50,100,200",
    "Reward": "15,15,15,20"
  },
  {
    "Id": 8,
    "Desc": "使用资源加速x次",
    "Value": "30,50,100,200",
    "Reward": "15,15,15,20"
  },
  {
    "Id": 9,
    "Desc": "建造x块船板",
    "Value": "300,600,900,1200",
    "Reward": "15,15,15,20"
  },
  {
    "Id": 10,
    "Desc": "航行总次数达到x次",
    "Value": "4,6,8,10",
    "Reward": "15,15,15,20"
  },
  {
    "Id": 11,
    "Desc": "观看x个激励广告",
    "Value": "5,20,50,200",
    "Reward": "15,15,15,20"
  }
]
