[
  {
    "Id": 1,
    "Web": 0,
    "WXAd": "adunit-9fdfc150a166e305",
    "OPPOAd": 227077,
    "VivoAd": "6b6fb7bfd0de4f558b3359a6df84d1e1",
    "TouTAd": 0,
    "QQAd": "1ad7544729b96349596f63f0b1154fe0",
    "MeiZu": "XSAwMMvj",
    "BaiDu": 0,
    "Remark": "主界面banner"
  },
  {
    "Id": 2,
    "Web": 0,
    "WXAd": 0,
    "OPPOAd": 227077,
    "VivoAd": "6b6fb7bfd0de4f558b3359a6df84d1e1",
    "TouTAd": 0,
    "QQAd": "1ad7544729b96349596f63f0b1154fe0",
    "MeiZu": "XSAwMMvj",
    "BaiDu": 0,
    "Remark": "资源界面底部banner"
  },
  {
    "Id": 3,
    "Web": 0,
    "WXAd": "adunit-9fdfc150a166e305",
    "OPPOAd": 227077,
    "VivoAd": "6b6fb7bfd0de4f558b3359a6df84d1e1",
    "TouTAd": 0,
    "QQAd": "1ad7544729b96349596f63f0b1154fe0",
    "MeiZu": "XSAwMMvj",
    "BaiDu": 0,
    "Remark": "建造列表界面底部banner"
  },
  {
    "Id": 4,
    "Web": 0,
    "WXAd": 0,
    "OPPOAd": 227077,
    "VivoAd": "6b6fb7bfd0de4f558b3359a6df84d1e1",
    "TouTAd": 0,
    "QQAd": "1ad7544729b96349596f63f0b1154fe0",
    "MeiZu": "XSAwMMvj",
    "BaiDu": 0,
    "Remark": "皮肤界面底部banner"
  },
  {
    "Id": 5,
    "Web": 0,
    "WXAd": 0,
    "OPPOAd": 227077,
    "VivoAd": "6b6fb7bfd0de4f558b3359a6df84d1e1",
    "TouTAd": 0,
    "QQAd": "1ad7544729b96349596f63f0b1154fe0",
    "MeiZu": "XSAwMMvj",
    "BaiDu": 0,
    "Remark": "商城界面底部banner"
  },
  {
    "Id": 6,
    "Web": 0,
    "WXAd": 0,
    "OPPOAd": 227077,
    "VivoAd": "6b6fb7bfd0de4f558b3359a6df84d1e1",
    "TouTAd": 0,
    "QQAd": "1ad7544729b96349596f63f0b1154fe0",
    "MeiZu": "XSAwMMvj",
    "BaiDu": 0,
    "Remark": "地图界面底部banner"
  },
  {
    "Id": 7,
    "Web": 0,
    "WXAd": 0,
    "OPPOAd": 227077,
    "VivoAd": "6b6fb7bfd0de4f558b3359a6df84d1e1",
    "TouTAd": 0,
    "QQAd": "1ad7544729b96349596f63f0b1154fe0",
    "MeiZu": "XSAwMMvj",
    "BaiDu": 0,
    "Remark": "成就界面底部banner"
  },
  {
    "Id": 8,
    "Web": 0,
    "WXAd": 0,
    "OPPOAd": 227077,
    "VivoAd": "6b6fb7bfd0de4f558b3359a6df84d1e1",
    "TouTAd": 0,
    "QQAd": "1ad7544729b96349596f63f0b1154fe0",
    "MeiZu": "XSAwMMvj",
    "BaiDu": 0,
    "Remark": "抽奖界面底部banner"
  },
  {
    "Id": 9,
    "Web": 0,
    "WXAd": 0,
    "OPPOAd": 227077,
    "VivoAd": "6b6fb7bfd0de4f558b3359a6df84d1e1",
    "TouTAd": 0,
    "QQAd": "1ad7544729b96349596f63f0b1154fe0",
    "MeiZu": "XSAwMMvj",
    "BaiDu": 0,
    "Remark": "签到界面底部banner"
  },
  {
    "Id": 10,
    "Web": 0,
    "WXAd": 0,
    "OPPOAd": 0,
    "VivoAd": 0,
    "TouTAd": 0,
    "QQAd": 0,
    "MeiZu": 0,
    "BaiDu": 0,
    "Remark": "好友助力界面底部banner"
  },
  {
    "Id": 11,
    "Web": 0,
    "WXAd": "adunit-dca6519bc907d8b7",
    "OPPOAd": 227075,
    "VivoAd": "568ef09da52545f38a38e3b71b52b35b",
    "TouTAd": "201wcx4p5id22mn6ky",
    "QQAd": "be9e48679b8e60c1255e63e83fbe6f2f",
    "MeiZu": "sWjPVmqg",
    "BaiDu": 0,
    "Remark": "抽奖看视频获得奖励"
  },
  {
    "Id": 12,
    "Web": 0,
    "WXAd": "adunit-dca6519bc907d8b7",
    "OPPOAd": 227075,
    "VivoAd": "568ef09da52545f38a38e3b71b52b35b",
    "TouTAd": "201wcx4p5id22mn6ky",
    "QQAd": "66d3a4d6cd8b76103efb7f748d3444e1",
    "MeiZu": "sWjPVmqg",
    "BaiDu": 0,
    "Remark": "加速建造看视频获得奖励"
  },
  {
    "Id": 13,
    "Web": 0,
    "WXAd": "adunit-dca6519bc907d8b7",
    "OPPOAd": 227075,
    "VivoAd": "568ef09da52545f38a38e3b71b52b35b",
    "TouTAd": "201wcx4p5id22mn6ky",
    "QQAd": "264a67fef54041a3b089433b3aa622c2",
    "MeiZu": "sWjPVmqg",
    "BaiDu": 0,
    "Remark": "加速天亮看视频获得奖励"
  },
  {
    "Id": 14,
    "Web": 0,
    "WXAd": "adunit-dca6519bc907d8b7",
    "OPPOAd": 227075,
    "VivoAd": "568ef09da52545f38a38e3b71b52b35b",
    "TouTAd": "201wcx4p5id22mn6ky",
    "QQAd": "b129007f6ffb4f5f6f000c4a6708adea",
    "MeiZu": "sWjPVmqg",
    "BaiDu": 0,
    "Remark": "成就看视频获得奖励"
  },
  {
    "Id": 15,
    "Web": 0,
    "WXAd": "adunit-dca6519bc907d8b7",
    "OPPOAd": 227075,
    "VivoAd": "568ef09da52545f38a38e3b71b52b35b",
    "TouTAd": "201wcx4p5id22mn6ky",
    "QQAd": "b5e6e31a878b5b8b1ed70bb2e4e10dff",
    "MeiZu": "sWjPVmqg",
    "BaiDu": 0,
    "Remark": "捡宝箱看视频获得奖励"
  },
  {
    "Id": 16,
    "Web": 0,
    "WXAd": "adunit-dca6519bc907d8b7",
    "OPPOAd": 227075,
    "VivoAd": "568ef09da52545f38a38e3b71b52b35b",
    "TouTAd": "201wcx4p5id22mn6ky",
    "QQAd": "b129007f6ffb4f5f6f000c4a6708adea",
    "MeiZu": "sWjPVmqg",
    "BaiDu": 0,
    "Remark": "资源加速看视频获得奖励"
  },
  {
    "Id": 17,
    "Web": 0,
    "WXAd": "adunit-dca6519bc907d8b7",
    "OPPOAd": 227075,
    "VivoAd": "568ef09da52545f38a38e3b71b52b35b",
    "TouTAd": "201wcx4p5id22mn6ky",
    "QQAd": "b129007f6ffb4f5f6f000c4a6708adea",
    "MeiZu": "sWjPVmqg",
    "BaiDu": 0,
    "Remark": "签到双倍看视频获得奖励"
  },
  {
    "Id": 18,
    "Web": 0,
    "WXAd": "adunit-dca6519bc907d8b7",
    "OPPOAd": 227075,
    "VivoAd": "568ef09da52545f38a38e3b71b52b35b",
    "TouTAd": "201wcx4p5id22mn6ky",
    "QQAd": "b129007f6ffb4f5f6f000c4a6708adea",
    "MeiZu": "sWjPVmqg",
    "BaiDu": 0,
    "Remark": "离线资源看视频获得奖励"
  },
  {
    "Id": 19,
    "Web": 0,
    "WXAd": "adunit-dca6519bc907d8b7",
    "OPPOAd": 227075,
    "VivoAd": "568ef09da52545f38a38e3b71b52b35b",
    "TouTAd": "201wcx4p5id22mn6ky",
    "QQAd": "6ffc143811af5a06542158dbcc8c2efd",
    "MeiZu": "sWjPVmqg",
    "BaiDu": 0,
    "Remark": "商城看视频获得奖励"
  },
  {
    "Id": 20,
    "Web": 0,
    "WXAd": "adunit-dca6519bc907d8b7",
    "OPPOAd": 0,
    "VivoAd": 0,
    "TouTAd": "201wcx4p5id22mn6ky",
    "QQAd": "b129007f6ffb4f5f6f000c4a6708adea",
    "MeiZu": "sWjPVmqg",
    "BaiDu": 0,
    "Remark": "打开建造列表弹看视频获得奖励"
  },
  {
    "Id": 21,
    "Web": 0,
    "WXAd": "adunit-a1673e62ef72a31c",
    "OPPOAd": 0,
    "VivoAd": 0,
    "TouTAd": 0,
    "QQAd": 0,
    "MeiZu": 0,
    "BaiDu": 0,
    "Remark": "微信当请求不到30秒视频请求15秒视频"
  },
  {
    "Id": 22,
    "Web": 0,
    "WXAd": 0,
    "OPPOAd": 227076,
    "VivoAd": "d122168e09374f0296753b183623de4a",
    "TouTAd": 0,
    "QQAd": 0,
    "MeiZu": "ZgC9PnXf",
    "BaiDu": 0,
    "Remark": "原生插屏广告ID"
  },
  {
    "Id": 23,
    "Web": 0,
    "WXAd": 0,
    "OPPOAd": 229930,
    "VivoAd": 0,
    "TouTAd": 0,
    "QQAd": 0,
    "MeiZu": 0,
    "BaiDu": 0,
    "Remark": "OPPO请求不到原生banner，再次请求它"
  },
  {
    "Id": 23,
    "Web": 0,
    "WXAd": 0,
    "OPPOAd": 0,
    "VivoAd": 0,
    "TouTAd": 0,
    "QQAd": "c73f31d68f7de9924cc7d3e826230f9e",
    "MeiZu": 0,
    "BaiDu": 0,
    "Remark": "QQ看视频开红包"
  },
  {
    "Id": 24,
    "Web": 0,
    "WXAd": 0,
    "OPPOAd": 0,
    "VivoAd": 0,
    "TouTAd": 0,
    "QQAd": "b83474a55119998e77726224ec927852",
    "MeiZu": 0,
    "BaiDu": 0,
    "Remark": "QQ右侧盒子广告"
  },
  {
    "Id": 25,
    "Web": 0,
    "WXAd": 0,
    "OPPOAd": 0,
    "VivoAd": 0,
    "TouTAd": 0,
    "QQAd": "6b68ea983967a9edfff676f880f1108a",
    "MeiZu": 0,
    "BaiDu": 0,
    "Remark": "QQ积木广告"
  },
  {
    "Id": 26,
    "Web": 0,
    "WXAd": 0,
    "OPPOAd": 0,
    "VivoAd": 0,
    "TouTAd": 0,
    "QQAd": 0,
    "MeiZu": 0,
    "BaiDu": 0,
    "Remark": "OPPO互推横幅"
  },
  {
    "Id": 27,
    "Web": 0,
    "WXAd": 0,
    "OPPOAd": 237042,
    "VivoAd": 0,
    "TouTAd": 0,
    "QQAd": 0,
    "MeiZu": 0,
    "BaiDu": 0,
    "Remark": "OPPO九宫格"
  },
  {
    "Id": 28,
    "Web": 0,
    "WXAd": "adunit-dca6519bc907d8b7",
    "OPPOAd": 227075,
    "VivoAd": "568ef09da52545f38a38e3b71b52b35b",
    "TouTAd": "201wcx4p5id22mn6ky",
    "QQAd": "46a2fa636828047a650ad77c6cd3585a",
    "MeiZu": "sWjPVmqg",
    "BaiDu": 0,
    "Remark": "弹出的随机奖励的视频广告"
  },
  {
    "Id": 29,
    "Web": 0,
    "WXAd": "adunit-dca6519bc907d8b7",
    "OPPOAd": 227075,
    "VivoAd": "568ef09da52545f38a38e3b71b52b35b",
    "TouTAd": "201wcx4p5id22mn6ky",
    "QQAd": "82ecdf40dd850929f438a68bfa2751f7",
    "MeiZu": "sWjPVmqg",
    "BaiDu": 0,
    "Remark": "七天提现红包功能的视频广告"
  },
  {
    "Id": 30,
    "Web": 0,
    "WXAd": "adunit-dca6519bc907d8b7",
    "OPPOAd": 227075,
    "VivoAd": "568ef09da52545f38a38e3b71b52b35b",
    "TouTAd": "201wcx4p5id22mn6ky",
    "QQAd": "619410ff4405ba7fc0f06047a71b3d4c",
    "MeiZu": "sWjPVmqg",
    "BaiDu": 0,
    "Remark": "海上漂浮红包的视频广告"
  },
  {
    "Id": 31,
    "Web": 0,
    "WXAd": 0,
    "OPPOAd": 0,
    "VivoAd": 0,
    "TouTAd": 0,
    "QQAd": "910db3117d1fe4c7ac4f5793822a67d9",
    "MeiZu": 0,
    "BaiDu": 0,
    "Remark": "QQ打开皮肤和商城弹出插屏广告"
  },
  {
    "Id": 32,
    "Web": 0,
    "WXAd": "adunit-dca6519bc907d8b7",
    "OPPOAd": 227075,
    "VivoAd": "568ef09da52545f38a38e3b71b52b35b",
    "TouTAd": "201wcx4p5id22mn6ky",
    "QQAd": "0f12da51a7d8d444aebdf271b9a85c30",
    "MeiZu": "sWjPVmqg",
    "BaiDu": 0,
    "Remark": "主界面免费钻石广告位"
  },
  {
    "Id": 33,
    "Web": 0,
    "WXAd": "adunit-dca6519bc907d8b7",
    "OPPOAd": 227075,
    "VivoAd": "568ef09da52545f38a38e3b71b52b35b",
    "TouTAd": "201wcx4p5id22mn6ky",
    "QQAd": "9801b474fdf78ebd4b265ba9d307e124",
    "MeiZu": "sWjPVmqg",
    "BaiDu": 0,
    "Remark": "主界面皮肤领取广告位，哪吒和三太子"
  },
  {
    "Id": 34,
    "Web": 0,
    "WXAd": "adunit-dca6519bc907d8b7",
    "OPPOAd": 227075,
    "VivoAd": "568ef09da52545f38a38e3b71b52b35b",
    "TouTAd": "201wcx4p5id22mn6ky",
    "QQAd": "2351031249ea3275b61fa13c5bbe9a84",
    "MeiZu": "sWjPVmqg",
    "BaiDu": 0,
    "Remark": "魅力号buff广告位"
  },
  {
    "Id": 35,
    "Web": 0,
    "WXAd": "adunit-dca6519bc907d8b7",
    "OPPOAd": 227075,
    "VivoAd": "568ef09da52545f38a38e3b71b52b35b",
    "TouTAd": "201wcx4p5id22mn6ky",
    "QQAd": "e9c047061fe1d261c66d07dab676deed",
    "MeiZu": "sWjPVmqg",
    "BaiDu": 0,
    "Remark": "数码宝贝皮肤buff广告位"
  },
  {
    "Id": 36,
    "Web": 0,
    "WXAd": "adunit-5d4d80253cbc1396",
    "OPPOAd": 0,
    "VivoAd": 0,
    "TouTAd": 0,
    "QQAd": 0,
    "MeiZu": 0,
    "BaiDu": 0,
    "Remark": "微信五宫格子广告"
  },
  {
    "Id": 37,
    "Web": 0,
    "WXAd": "adunit-0971f24cdf084dec",
    "OPPOAd": 0,
    "VivoAd": 0,
    "TouTAd": 0,
    "QQAd": 0,
    "MeiZu": 0,
    "BaiDu": 0,
    "Remark": "微信原生icon广告"
  },
  {
    "Id": 38,
    "Web": 0,
    "WXAd": "adunit-84fccb37bba58d23",
    "OPPOAd": 0,
    "VivoAd": 0,
    "TouTAd": 0,
    "QQAd": 0,
    "MeiZu": 0,
    "BaiDu": 0,
    "Remark": "微信插屏广告"
  }
]
