[
  {
    "Id": 1,
    "Level": 1,
    "Requre": "1,2",
    "Buff": 100
  },
  {
    "Id": 2,
    "Level": 2,
    "Requre": "1,3",
    "Buff": 200
  },
  {
    "Id": 3,
    "Level": 3,
    "Requre": "1,4",
    "Buff": 300
  },
  {
    "Id": 4,
    "Level": 4,
    "Requre": "1,5",
    "Buff": 400
  },
  {
    "Id": 5,
    "Level": 5,
    "Requre": "1,6",
    "Buff": 500
  },
  {
    "Id": 6,
    "Level": 6,
    "Requre": "1,7",
    "Buff": 600
  },
  {
    "Id": 7,
    "Level": 7,
    "Requre": "1,8",
    "Buff": 700
  },
  {
    "Id": 8,
    "Level": 8,
    "Requre": "1,9",
    "Buff": 800
  },
  {
    "Id": 9,
    "Level": 9,
    "Requre": "1,10",
    "Buff": 900
  },
  {
    "Id": 10,
    "Level": 10,
    "Requre": "1,11",
    "Buff": 1000
  },
  {
    "Id": 11,
    "Level": 11,
    "Requre": "1,12",
    "Buff": 1100
  },
  {
    "Id": 12,
    "Level": 12,
    "Requre": "1,13",
    "Buff": 1200
  },
  {
    "Id": 13,
    "Level": 13,
    "Requre": "1,14",
    "Buff": 1300
  },
  {
    "Id": 14,
    "Level": 14,
    "Requre": "1,15",
    "Buff": 1400
  },
  {
    "Id": 15,
    "Level": 15,
    "Requre": "1,16",
    "Buff": 1500
  },
  {
    "Id": 16,
    "Level": 16,
    "Requre": "1,17",
    "Buff": 1600
  },
  {
    "Id": 17,
    "Level": 17,
    "Requre": "1,18",
    "Buff": 1700
  },
  {
    "Id": 18,
    "Level": 18,
    "Requre": "1,19",
    "Buff": 1800
  },
  {
    "Id": 19,
    "Level": 19,
    "Requre": "1,20",
    "Buff": 1900
  },
  {
    "Id": 20,
    "Level": 20,
    "Requre": "1,21",
    "Buff": 2000
  },
  {
    "Id": 21,
    "Level": 21,
    "Requre": "1,22",
    "Buff": 2100
  },
  {
    "Id": 22,
    "Level": 22,
    "Requre": "1,23",
    "Buff": 2200
  },
  {
    "Id": 23,
    "Level": 23,
    "Requre": "1,24",
    "Buff": 2300
  },
  {
    "Id": 24,
    "Level": 24,
    "Requre": "1,25",
    "Buff": 2400
  },
  {
    "Id": 25,
    "Level": 25,
    "Requre": "1,26",
    "Buff": 2500
  },
  {
    "Id": 26,
    "Level": 26,
    "Requre": "1,27",
    "Buff": 2600
  },
  {
    "Id": 27,
    "Level": 27,
    "Requre": "1,28",
    "Buff": 2700
  },
  {
    "Id": 28,
    "Level": 28,
    "Requre": "1,29",
    "Buff": 2800
  },
  {
    "Id": 29,
    "Level": 29,
    "Requre": "1,30",
    "Buff": 2900
  },
  {
    "Id": 30,
    "Level": 30,
    "Requre": "1,31",
    "Buff": 3000
  },
  {
    "Id": 31,
    "Level": 31,
    "Requre": "1,32",
    "Buff": 3100
  },
  {
    "Id": 32,
    "Level": 32,
    "Requre": "1,33",
    "Buff": 3200
  },
  {
    "Id": 33,
    "Level": 33,
    "Requre": "1,34",
    "Buff": 3300
  },
  {
    "Id": 34,
    "Level": 34,
    "Requre": "1,35",
    "Buff": 3400
  },
  {
    "Id": 35,
    "Level": 35,
    "Requre": "1,36",
    "Buff": 3500
  },
  {
    "Id": 36,
    "Level": 36,
    "Requre": "1,37",
    "Buff": 3600
  },
  {
    "Id": 37,
    "Level": 37,
    "Requre": "1,38",
    "Buff": 3700
  },
  {
    "Id": 38,
    "Level": 38,
    "Requre": "1,39",
    "Buff": 3800
  },
  {
    "Id": 39,
    "Level": 39,
    "Requre": "1,40",
    "Buff": 3900
  },
  {
    "Id": 40,
    "Level": 40,
    "Requre": "1,41",
    "Buff": 4000
  },
  {
    "Id": 41,
    "Level": 41,
    "Requre": "1,42",
    "Buff": 4100
  },
  {
    "Id": 42,
    "Level": 42,
    "Requre": "1,43",
    "Buff": 4200
  },
  {
    "Id": 43,
    "Level": 43,
    "Requre": "1,44",
    "Buff": 4300
  },
  {
    "Id": 44,
    "Level": 44,
    "Requre": "1,45",
    "Buff": 4400
  },
  {
    "Id": 45,
    "Level": 45,
    "Requre": "1,46",
    "Buff": 4500
  },
  {
    "Id": 46,
    "Level": 46,
    "Requre": "1,47",
    "Buff": 4600
  },
  {
    "Id": 47,
    "Level": 47,
    "Requre": "1,48",
    "Buff": 4700
  },
  {
    "Id": 48,
    "Level": 48,
    "Requre": "1,49",
    "Buff": 4800
  },
  {
    "Id": 49,
    "Level": 49,
    "Requre": "1,50",
    "Buff": 4900
  },
  {
    "Id": 50,
    "Level": 50,
    "Requre": "1,51",
    "Buff": 5000
  },
  {
    "Id": 51,
    "Level": 51,
    "Requre": "1,52",
    "Buff": 5100
  },
  {
    "Id": 52,
    "Level": 52,
    "Requre": "1,53",
    "Buff": 5200
  },
  {
    "Id": 53,
    "Level": 53,
    "Requre": "1,54",
    "Buff": 5300
  },
  {
    "Id": 54,
    "Level": 54,
    "Requre": "1,55",
    "Buff": 5400
  },
  {
    "Id": 55,
    "Level": 55,
    "Requre": "1,56",
    "Buff": 5500
  },
  {
    "Id": 56,
    "Level": 56,
    "Requre": "1,57",
    "Buff": 5600
  },
  {
    "Id": 57,
    "Level": 57,
    "Requre": "1,58",
    "Buff": 5700
  },
  {
    "Id": 58,
    "Level": 58,
    "Requre": "1,59",
    "Buff": 5800
  },
  {
    "Id": 59,
    "Level": 59,
    "Requre": "1,60",
    "Buff": 5900
  },
  {
    "Id": 60,
    "Level": 60,
    "Requre": "1,61",
    "Buff": 6000
  },
  {
    "Id": 61,
    "Level": 61,
    "Requre": "1,62",
    "Buff": 6100
  },
  {
    "Id": 62,
    "Level": 62,
    "Requre": "1,63",
    "Buff": 6200
  },
  {
    "Id": 63,
    "Level": 63,
    "Requre": "1,64",
    "Buff": 6300
  },
  {
    "Id": 64,
    "Level": 64,
    "Requre": "1,65",
    "Buff": 6400
  },
  {
    "Id": 65,
    "Level": 65,
    "Requre": "1,66",
    "Buff": 6500
  },
  {
    "Id": 66,
    "Level": 66,
    "Requre": "1,67",
    "Buff": 6600
  },
  {
    "Id": 67,
    "Level": 67,
    "Requre": "1,68",
    "Buff": 6700
  },
  {
    "Id": 68,
    "Level": 68,
    "Requre": "1,69",
    "Buff": 6800
  },
  {
    "Id": 69,
    "Level": 69,
    "Requre": "1,70",
    "Buff": 6800
  },
  {
    "Id": 70,
    "Level": 70,
    "Requre": "1,71",
    "Buff": 6800
  },
  {
    "Id": 71,
    "Level": 71,
    "Requre": "1,72",
    "Buff": 6800
  },
  {
    "Id": 72,
    "Level": 72,
    "Requre": "1,73",
    "Buff": 6800
  },
  {
    "Id": 73,
    "Level": 73,
    "Requre": "1,74",
    "Buff": 6800
  },
  {
    "Id": 74,
    "Level": 74,
    "Requre": "1,75",
    "Buff": 6800
  },
  {
    "Id": 75,
    "Level": 75,
    "Requre": "1,76",
    "Buff": 6800
  },
  {
    "Id": 76,
    "Level": 76,
    "Requre": "1,77",
    "Buff": 6800
  },
  {
    "Id": 77,
    "Level": 77,
    "Requre": "1,78",
    "Buff": 6800
  },
  {
    "Id": 78,
    "Level": 78,
    "Requre": "1,79",
    "Buff": 6800
  },
  {
    "Id": 79,
    "Level": 79,
    "Requre": "1,80",
    "Buff": 6800
  },
  {
    "Id": 80,
    "Level": 80,
    "Requre": "1,81",
    "Buff": 6900
  },
  {
    "Id": 81,
    "Level": 81,
    "Requre": "1,82",
    "Buff": 6900
  },
  {
    "Id": 82,
    "Level": 82,
    "Requre": "1,83",
    "Buff": 6900
  },
  {
    "Id": 83,
    "Level": 83,
    "Requre": "1,84",
    "Buff": 6900
  },
  {
    "Id": 84,
    "Level": 84,
    "Requre": "1,85",
    "Buff": 6900
  },
  {
    "Id": 85,
    "Level": 85,
    "Requre": "1,86",
    "Buff": 6900
  },
  {
    "Id": 86,
    "Level": 86,
    "Requre": "1,87",
    "Buff": 6900
  },
  {
    "Id": 87,
    "Level": 87,
    "Requre": "1,88",
    "Buff": 6900
  },
  {
    "Id": 88,
    "Level": 88,
    "Requre": "1,89",
    "Buff": 6900
  },
  {
    "Id": 89,
    "Level": 89,
    "Requre": "1,90",
    "Buff": 7000
  },
  {
    "Id": 90,
    "Level": 90,
    "Requre": "1,91",
    "Buff": 7000
  },
  {
    "Id": 91,
    "Level": 91,
    "Requre": "1,92",
    "Buff": 7000
  },
  {
    "Id": 92,
    "Level": 92,
    "Requre": "1,93",
    "Buff": 7000
  },
  {
    "Id": 93,
    "Level": 93,
    "Requre": "1,94",
    "Buff": 7000
  },
  {
    "Id": 94,
    "Level": 94,
    "Requre": "1,95",
    "Buff": 7000
  },
  {
    "Id": 95,
    "Level": 95,
    "Requre": "1,96",
    "Buff": 7000
  },
  {
    "Id": 96,
    "Level": 96,
    "Requre": "1,97",
    "Buff": 7000
  },
  {
    "Id": 97,
    "Level": 97,
    "Requre": "1,98",
    "Buff": 7000
  },
  {
    "Id": 98,
    "Level": 98,
    "Requre": "1,99",
    "Buff": 7000
  },
  {
    "Id": 99,
    "Level": 99,
    "Requre": "1,10000",
    "Buff": 8000
  },
  {
    "Id": 100,
    "Level": 100,
    "Requre": "1,10001",
    "Buff": 8000
  },
  {
    "Id": 101,
    "Level": 101,
    "Requre": "1,10002",
    "Buff": 8000
  },
  {
    "Id": 102,
    "Level": 102,
    "Requre": "1,10003",
    "Buff": 8000
  },
  {
    "Id": 103,
    "Level": 103,
    "Requre": "1,10004",
    "Buff": 8000
  },
  {
    "Id": 104,
    "Level": 104,
    "Requre": "1,10005",
    "Buff": 8000
  },
  {
    "Id": 105,
    "Level": 105,
    "Requre": "1,10006",
    "Buff": 8000
  },
  {
    "Id": 106,
    "Level": 106,
    "Requre": "1,10007",
    "Buff": 8000
  },
  {
    "Id": 107,
    "Level": 107,
    "Requre": "1,10008",
    "Buff": 8000
  },
  {
    "Id": 108,
    "Level": 108,
    "Requre": "1,10009",
    "Buff": 8000
  },
  {
    "Id": 109,
    "Level": 109,
    "Requre": "1,10010",
    "Buff": 8000
  },
  {
    "Id": 110,
    "Level": 110,
    "Requre": "1,10011",
    "Buff": 8000
  },
  {
    "Id": 111,
    "Level": 111,
    "Requre": "1,10012",
    "Buff": 8000
  },
  {
    "Id": 112,
    "Level": 112,
    "Requre": "1,10013",
    "Buff": 8000
  },
  {
    "Id": 113,
    "Level": 113,
    "Requre": "1,10014",
    "Buff": 8000
  },
  {
    "Id": 114,
    "Level": 114,
    "Requre": "1,10015",
    "Buff": 8000
  },
  {
    "Id": 115,
    "Level": 115,
    "Requre": "1,10016",
    "Buff": 8000
  },
  {
    "Id": 116,
    "Level": 116,
    "Requre": "1,10017",
    "Buff": 8000
  },
  {
    "Id": 117,
    "Level": 117,
    "Requre": "1,10018",
    "Buff": 8000
  },
  {
    "Id": 118,
    "Level": 118,
    "Requre": "1,10019",
    "Buff": 8000
  },
  {
    "Id": 119,
    "Level": 119,
    "Requre": "1,10020",
    "Buff": 8000
  },
  {
    "Id": 120,
    "Level": 120,
    "Requre": "1,10021",
    "Buff": 8000
  },
  {
    "Id": 121,
    "Level": 121,
    "Requre": "1,10022",
    "Buff": 8000
  },
  {
    "Id": 122,
    "Level": 122,
    "Requre": "1,10023",
    "Buff": 8000
  },
  {
    "Id": 123,
    "Level": 123,
    "Requre": "1,10024",
    "Buff": 8000
  },
  {
    "Id": 124,
    "Level": 124,
    "Requre": "1,10025",
    "Buff": 8000
  },
  {
    "Id": 125,
    "Level": 125,
    "Requre": "1,10026",
    "Buff": 8000
  },
  {
    "Id": 126,
    "Level": 126,
    "Requre": "1,10027",
    "Buff": 8000
  },
  {
    "Id": 127,
    "Level": 127,
    "Requre": "1,10028",
    "Buff": 8000
  },
  {
    "Id": 128,
    "Level": 128,
    "Requre": "1,10029",
    "Buff": 8000
  },
  {
    "Id": 129,
    "Level": 129,
    "Requre": "1,10030",
    "Buff": 8000
  },
  {
    "Id": 130,
    "Level": 130,
    "Requre": "1,10031",
    "Buff": 8000
  },
  {
    "Id": 131,
    "Level": 131,
    "Requre": "1,10032",
    "Buff": 8000
  },
  {
    "Id": 132,
    "Level": 132,
    "Requre": "1,10033",
    "Buff": 8000
  },
  {
    "Id": 133,
    "Level": 133,
    "Requre": "1,10034",
    "Buff": 8000
  },
  {
    "Id": 134,
    "Level": 134,
    "Requre": "1,10035",
    "Buff": 8000
  },
  {
    "Id": 135,
    "Level": 135,
    "Requre": "1,10036",
    "Buff": 8000
  },
  {
    "Id": 136,
    "Level": 136,
    "Requre": "1,10037",
    "Buff": 8000
  },
  {
    "Id": 137,
    "Level": 137,
    "Requre": "1,10038",
    "Buff": 8000
  },
  {
    "Id": 138,
    "Level": 138,
    "Requre": "1,10039",
    "Buff": 8000
  },
  {
    "Id": 139,
    "Level": 139,
    "Requre": "1,10040",
    "Buff": 8000
  },
  {
    "Id": 140,
    "Level": 140,
    "Requre": "1,10041",
    "Buff": 8000
  },
  {
    "Id": 141,
    "Level": 141,
    "Requre": "1,10042",
    "Buff": 8000
  },
  {
    "Id": 142,
    "Level": 142,
    "Requre": "1,10043",
    "Buff": 8000
  },
  {
    "Id": 143,
    "Level": 143,
    "Requre": "1,10044",
    "Buff": 8000
  },
  {
    "Id": 144,
    "Level": 144,
    "Requre": "1,10045",
    "Buff": 8000
  },
  {
    "Id": 145,
    "Level": 145,
    "Requre": "1,10046",
    "Buff": 8000
  },
  {
    "Id": 146,
    "Level": 146,
    "Requre": "1,10047",
    "Buff": 8000
  },
  {
    "Id": 147,
    "Level": 147,
    "Requre": "1,10048",
    "Buff": 8000
  },
  {
    "Id": 148,
    "Level": 148,
    "Requre": "1,10049",
    "Buff": 8000
  },
  {
    "Id": 149,
    "Level": 149,
    "Requre": "1,10050",
    "Buff": 8000
  },
  {
    "Id": 150,
    "Level": 150,
    "Requre": "1,10051",
    "Buff": 8000
  },
  {
    "Id": 151,
    "Level": 151,
    "Requre": "1,10052",
    "Buff": 8000
  },
  {
    "Id": 152,
    "Level": 152,
    "Requre": "1,10053",
    "Buff": 8000
  },
  {
    "Id": 153,
    "Level": 153,
    "Requre": "1,10054",
    "Buff": 8000
  },
  {
    "Id": 154,
    "Level": 154,
    "Requre": "1,10055",
    "Buff": 8000
  },
  {
    "Id": 155,
    "Level": 155,
    "Requre": "1,10056",
    "Buff": 8000
  },
  {
    "Id": 156,
    "Level": 156,
    "Requre": "1,10057",
    "Buff": 8000
  },
  {
    "Id": 157,
    "Level": 157,
    "Requre": "1,10058",
    "Buff": 8000
  },
  {
    "Id": 158,
    "Level": 158,
    "Requre": "1,10059",
    "Buff": 8000
  },
  {
    "Id": 159,
    "Level": 159,
    "Requre": "1,10060",
    "Buff": 8000
  },
  {
    "Id": 160,
    "Level": 160,
    "Requre": "1,10061",
    "Buff": 8000
  },
  {
    "Id": 161,
    "Level": 161,
    "Requre": "1,10062",
    "Buff": 8000
  },
  {
    "Id": 162,
    "Level": 162,
    "Requre": "1,10063",
    "Buff": 8000
  },
  {
    "Id": 163,
    "Level": 163,
    "Requre": "1,10064",
    "Buff": 8000
  },
  {
    "Id": 164,
    "Level": 164,
    "Requre": "1,10065",
    "Buff": 8000
  },
  {
    "Id": 165,
    "Level": 165,
    "Requre": "1,10066",
    "Buff": 8000
  },
  {
    "Id": 166,
    "Level": 166,
    "Requre": "1,10067",
    "Buff": 8000
  },
  {
    "Id": 167,
    "Level": 167,
    "Requre": "1,10068",
    "Buff": 8000
  },
  {
    "Id": 168,
    "Level": 168,
    "Requre": "1,10069",
    "Buff": 8000
  },
  {
    "Id": 169,
    "Level": 169,
    "Requre": "1,10070",
    "Buff": 8000
  },
  {
    "Id": 170,
    "Level": 170,
    "Requre": "1,10071",
    "Buff": 8000
  },
  {
    "Id": 171,
    "Level": 171,
    "Requre": "1,10072",
    "Buff": 8000
  },
  {
    "Id": 172,
    "Level": 172,
    "Requre": "1,10073",
    "Buff": 8000
  },
  {
    "Id": 173,
    "Level": 173,
    "Requre": "1,10074",
    "Buff": 8000
  },
  {
    "Id": 174,
    "Level": 174,
    "Requre": "1,10075",
    "Buff": 8000
  },
  {
    "Id": 175,
    "Level": 175,
    "Requre": "1,10076",
    "Buff": 8000
  },
  {
    "Id": 176,
    "Level": 176,
    "Requre": "1,10077",
    "Buff": 8000
  },
  {
    "Id": 177,
    "Level": 177,
    "Requre": "1,10078",
    "Buff": 8000
  },
  {
    "Id": 178,
    "Level": 178,
    "Requre": "1,10079",
    "Buff": 8000
  },
  {
    "Id": 179,
    "Level": 179,
    "Requre": "1,10080",
    "Buff": 8000
  },
  {
    "Id": 180,
    "Level": 180,
    "Requre": "1,10081",
    "Buff": 8000
  },
  {
    "Id": 181,
    "Level": 181,
    "Requre": "1,10082",
    "Buff": 8000
  },
  {
    "Id": 182,
    "Level": 182,
    "Requre": "1,10083",
    "Buff": 8000
  },
  {
    "Id": 183,
    "Level": 183,
    "Requre": "1,10084",
    "Buff": 8000
  },
  {
    "Id": 184,
    "Level": 184,
    "Requre": "1,10085",
    "Buff": 8000
  },
  {
    "Id": 185,
    "Level": 185,
    "Requre": "1,10086",
    "Buff": 8000
  },
  {
    "Id": 186,
    "Level": 186,
    "Requre": "1,10087",
    "Buff": 8000
  },
  {
    "Id": 187,
    "Level": 187,
    "Requre": "1,10088",
    "Buff": 8000
  },
  {
    "Id": 188,
    "Level": 188,
    "Requre": "1,10089",
    "Buff": 8000
  },
  {
    "Id": 189,
    "Level": 189,
    "Requre": "1,10090",
    "Buff": 8000
  },
  {
    "Id": 190,
    "Level": 190,
    "Requre": "1,10091",
    "Buff": 8000
  },
  {
    "Id": 191,
    "Level": 191,
    "Requre": "1,10092",
    "Buff": 8000
  },
  {
    "Id": 192,
    "Level": 192,
    "Requre": "1,10093",
    "Buff": 8000
  },
  {
    "Id": 193,
    "Level": 193,
    "Requre": "1,10094",
    "Buff": 8000
  },
  {
    "Id": 194,
    "Level": 194,
    "Requre": "1,10095",
    "Buff": 8000
  },
  {
    "Id": 195,
    "Level": 195,
    "Requre": "1,10096",
    "Buff": 8000
  },
  {
    "Id": 196,
    "Level": 196,
    "Requre": "1,10097",
    "Buff": 8000
  },
  {
    "Id": 197,
    "Level": 197,
    "Requre": "1,10098",
    "Buff": 8000
  },
  {
    "Id": 198,
    "Level": 198,
    "Requre": "1,10099",
    "Buff": 8000
  },
  {
    "Id": 199,
    "Level": 199,
    "Requre": "1,10100",
    "Buff": 8000
  },
  {
    "Id": 200,
    "Level": 200,
    "Requre": "1,10101",
    "Buff": 8000
  },
  {
    "Id": 201,
    "Level": 201,
    "Requre": "1,10102",
    "Buff": 8000
  },
  {
    "Id": 202,
    "Level": 202,
    "Requre": "1,10103",
    "Buff": 8000
  },
  {
    "Id": 203,
    "Level": 203,
    "Requre": "1,10104",
    "Buff": 8000
  },
  {
    "Id": 204,
    "Level": 204,
    "Requre": "1,10105",
    "Buff": 8000
  },
  {
    "Id": 205,
    "Level": 205,
    "Requre": "1,10106",
    "Buff": 8000
  },
  {
    "Id": 206,
    "Level": 206,
    "Requre": "1,10107",
    "Buff": 8000
  },
  {
    "Id": 207,
    "Level": 207,
    "Requre": "1,10108",
    "Buff": 8000
  },
  {
    "Id": 208,
    "Level": 208,
    "Requre": "1,10109",
    "Buff": 8000
  },
  {
    "Id": 209,
    "Level": 209,
    "Requre": "1,10110",
    "Buff": 8000
  },
  {
    "Id": 210,
    "Level": 210,
    "Requre": "1,10111",
    "Buff": 8000
  },
  {
    "Id": 211,
    "Level": 211,
    "Requre": "1,10112",
    "Buff": 8000
  },
  {
    "Id": 212,
    "Level": 212,
    "Requre": "1,10113",
    "Buff": 8000
  },
  {
    "Id": 213,
    "Level": 213,
    "Requre": "1,10114",
    "Buff": 8000
  },
  {
    "Id": 214,
    "Level": 214,
    "Requre": "1,10115",
    "Buff": 8000
  },
  {
    "Id": 215,
    "Level": 215,
    "Requre": "1,10116",
    "Buff": 8000
  },
  {
    "Id": 216,
    "Level": 216,
    "Requre": "1,10117",
    "Buff": 8000
  },
  {
    "Id": 217,
    "Level": 217,
    "Requre": "1,10118",
    "Buff": 8000
  },
  {
    "Id": 218,
    "Level": 218,
    "Requre": "1,10119",
    "Buff": 8000
  },
  {
    "Id": 219,
    "Level": 219,
    "Requre": "1,10120",
    "Buff": 8000
  },
  {
    "Id": 220,
    "Level": 220,
    "Requre": "1,10121",
    "Buff": 8000
  },
  {
    "Id": 221,
    "Level": 221,
    "Requre": "1,10122",
    "Buff": 8000
  },
  {
    "Id": 222,
    "Level": 222,
    "Requre": "1,10123",
    "Buff": 8000
  },
  {
    "Id": 223,
    "Level": 223,
    "Requre": "1,10124",
    "Buff": 8000
  },
  {
    "Id": 224,
    "Level": 224,
    "Requre": "1,10125",
    "Buff": 8000
  },
  {
    "Id": 225,
    "Level": 225,
    "Requre": "1,10126",
    "Buff": 8000
  },
  {
    "Id": 226,
    "Level": 226,
    "Requre": "1,10127",
    "Buff": 8000
  },
  {
    "Id": 227,
    "Level": 227,
    "Requre": "1,10128",
    "Buff": 8000
  },
  {
    "Id": 228,
    "Level": 228,
    "Requre": "1,10129",
    "Buff": 8000
  },
  {
    "Id": 229,
    "Level": 229,
    "Requre": "1,10130",
    "Buff": 8000
  },
  {
    "Id": 230,
    "Level": 230,
    "Requre": "1,10131",
    "Buff": 8000
  },
  {
    "Id": 231,
    "Level": 231,
    "Requre": "1,10132",
    "Buff": 8000
  },
  {
    "Id": 232,
    "Level": 232,
    "Requre": "1,10133",
    "Buff": 8000
  },
  {
    "Id": 233,
    "Level": 233,
    "Requre": "1,10134",
    "Buff": 8000
  },
  {
    "Id": 234,
    "Level": 234,
    "Requre": "1,10135",
    "Buff": 8000
  },
  {
    "Id": 235,
    "Level": 235,
    "Requre": "1,10136",
    "Buff": 8000
  },
  {
    "Id": 236,
    "Level": 236,
    "Requre": "1,10137",
    "Buff": 8000
  },
  {
    "Id": 237,
    "Level": 237,
    "Requre": "1,10138",
    "Buff": 8000
  },
  {
    "Id": 238,
    "Level": 238,
    "Requre": "1,10139",
    "Buff": 8000
  },
  {
    "Id": 239,
    "Level": 239,
    "Requre": "1,10140",
    "Buff": 8000
  },
  {
    "Id": 240,
    "Level": 240,
    "Requre": "1,10141",
    "Buff": 8000
  },
  {
    "Id": 241,
    "Level": 241,
    "Requre": "1,10142",
    "Buff": 8000
  },
  {
    "Id": 242,
    "Level": 242,
    "Requre": "1,10143",
    "Buff": 8000
  },
  {
    "Id": 243,
    "Level": 243,
    "Requre": "1,10144",
    "Buff": 8000
  },
  {
    "Id": 244,
    "Level": 244,
    "Requre": "1,10145",
    "Buff": 8000
  },
  {
    "Id": 245,
    "Level": 245,
    "Requre": "1,10146",
    "Buff": 8000
  },
  {
    "Id": 246,
    "Level": 246,
    "Requre": "1,10147",
    "Buff": 8000
  },
  {
    "Id": 247,
    "Level": 247,
    "Requre": "1,10148",
    "Buff": 8000
  },
  {
    "Id": 248,
    "Level": 248,
    "Requre": "1,10149",
    "Buff": 8000
  },
  {
    "Id": 249,
    "Level": 249,
    "Requre": "1,10150",
    "Buff": 8000
  },
  {
    "Id": 250,
    "Level": 250,
    "Requre": "1,10151",
    "Buff": 8000
  },
  {
    "Id": 251,
    "Level": 251,
    "Requre": "1,10152",
    "Buff": 8000
  },
  {
    "Id": 252,
    "Level": 252,
    "Requre": "1,10153",
    "Buff": 8000
  },
  {
    "Id": 253,
    "Level": 253,
    "Requre": "1,10154",
    "Buff": 8000
  },
  {
    "Id": 254,
    "Level": 254,
    "Requre": "1,10155",
    "Buff": 8000
  },
  {
    "Id": 255,
    "Level": 255,
    "Requre": "1,10156",
    "Buff": 8000
  },
  {
    "Id": 256,
    "Level": 256,
    "Requre": "1,10157",
    "Buff": 8000
  },
  {
    "Id": 257,
    "Level": 257,
    "Requre": "1,10158",
    "Buff": 8000
  },
  {
    "Id": 258,
    "Level": 258,
    "Requre": "1,10159",
    "Buff": 8000
  },
  {
    "Id": 259,
    "Level": 259,
    "Requre": "1,10160",
    "Buff": 8000
  },
  {
    "Id": 260,
    "Level": 260,
    "Requre": "1,10161",
    "Buff": 8000
  },
  {
    "Id": 261,
    "Level": 261,
    "Requre": "1,10162",
    "Buff": 8000
  },
  {
    "Id": 262,
    "Level": 262,
    "Requre": "1,10163",
    "Buff": 8000
  },
  {
    "Id": 263,
    "Level": 263,
    "Requre": "1,10164",
    "Buff": 8000
  },
  {
    "Id": 264,
    "Level": 264,
    "Requre": "1,10165",
    "Buff": 8000
  },
  {
    "Id": 265,
    "Level": 265,
    "Requre": "1,10166",
    "Buff": 8000
  },
  {
    "Id": 266,
    "Level": 266,
    "Requre": "1,10167",
    "Buff": 8000
  },
  {
    "Id": 267,
    "Level": 267,
    "Requre": "1,10168",
    "Buff": 8000
  },
  {
    "Id": 268,
    "Level": 268,
    "Requre": "1,10169",
    "Buff": 8000
  },
  {
    "Id": 269,
    "Level": 269,
    "Requre": "1,10170",
    "Buff": 8000
  },
  {
    "Id": 270,
    "Level": 270,
    "Requre": "1,10171",
    "Buff": 8000
  },
  {
    "Id": 271,
    "Level": 271,
    "Requre": "1,10172",
    "Buff": 8000
  },
  {
    "Id": 272,
    "Level": 272,
    "Requre": "1,10173",
    "Buff": 8000
  },
  {
    "Id": 273,
    "Level": 273,
    "Requre": "1,10174",
    "Buff": 8000
  },
  {
    "Id": 274,
    "Level": 274,
    "Requre": "1,10175",
    "Buff": 8000
  },
  {
    "Id": 275,
    "Level": 275,
    "Requre": "1,10176",
    "Buff": 8000
  },
  {
    "Id": 276,
    "Level": 276,
    "Requre": "1,10177",
    "Buff": 8000
  },
  {
    "Id": 277,
    "Level": 277,
    "Requre": "1,10178",
    "Buff": 8000
  },
  {
    "Id": 278,
    "Level": 278,
    "Requre": "1,10179",
    "Buff": 8000
  },
  {
    "Id": 279,
    "Level": 279,
    "Requre": "1,10180",
    "Buff": 8000
  },
  {
    "Id": 280,
    "Level": 280,
    "Requre": "1,10181",
    "Buff": 8000
  },
  {
    "Id": 281,
    "Level": 281,
    "Requre": "1,10182",
    "Buff": 8000
  },
  {
    "Id": 282,
    "Level": 282,
    "Requre": "1,10183",
    "Buff": 8000
  },
  {
    "Id": 283,
    "Level": 283,
    "Requre": "1,10184",
    "Buff": 8000
  },
  {
    "Id": 284,
    "Level": 284,
    "Requre": "1,10185",
    "Buff": 8000
  },
  {
    "Id": 285,
    "Level": 285,
    "Requre": "1,10186",
    "Buff": 8000
  },
  {
    "Id": 286,
    "Level": 286,
    "Requre": "1,10187",
    "Buff": 8000
  },
  {
    "Id": 287,
    "Level": 287,
    "Requre": "1,10188",
    "Buff": 8000
  },
  {
    "Id": 288,
    "Level": 288,
    "Requre": "1,10189",
    "Buff": 8000
  },
  {
    "Id": 289,
    "Level": 289,
    "Requre": "1,10190",
    "Buff": 8000
  },
  {
    "Id": 290,
    "Level": 290,
    "Requre": "1,10191",
    "Buff": 8000
  },
  {
    "Id": 291,
    "Level": 291,
    "Requre": "1,10192",
    "Buff": 8000
  },
  {
    "Id": 292,
    "Level": 292,
    "Requre": "1,10193",
    "Buff": 8000
  },
  {
    "Id": 293,
    "Level": 293,
    "Requre": "1,10194",
    "Buff": 8000
  },
  {
    "Id": 294,
    "Level": 294,
    "Requre": "1,10195",
    "Buff": 8000
  },
  {
    "Id": 295,
    "Level": 295,
    "Requre": "1,10196",
    "Buff": 8000
  },
  {
    "Id": 296,
    "Level": 296,
    "Requre": "1,10197",
    "Buff": 8000
  },
  {
    "Id": 297,
    "Level": 297,
    "Requre": "1,10198",
    "Buff": 8000
  },
  {
    "Id": 298,
    "Level": 298,
    "Requre": "1,10199",
    "Buff": 8000
  },
  {
    "Id": 299,
    "Level": 299,
    "Requre": "1,10200",
    "Buff": 8000
  },
  {
    "Id": 300,
    "Level": 300,
    "Requre": "1,10201",
    "Buff": 8000
  },
  {
    "Id": 301,
    "Level": 301,
    "Requre": "1,10202",
    "Buff": 8000
  },
  {
    "Id": 302,
    "Level": 302,
    "Requre": "1,10203",
    "Buff": 8000
  },
  {
    "Id": 303,
    "Level": 303,
    "Requre": "1,10204",
    "Buff": 8000
  },
  {
    "Id": 304,
    "Level": 304,
    "Requre": "1,10205",
    "Buff": 8000
  },
  {
    "Id": 305,
    "Level": 305,
    "Requre": "1,10206",
    "Buff": 8000
  },
  {
    "Id": 306,
    "Level": 306,
    "Requre": "1,10207",
    "Buff": 8000
  },
  {
    "Id": 307,
    "Level": 307,
    "Requre": "1,10208",
    "Buff": 8000
  },
  {
    "Id": 308,
    "Level": 308,
    "Requre": "1,10209",
    "Buff": 8000
  },
  {
    "Id": 309,
    "Level": 309,
    "Requre": "1,10210",
    "Buff": 8000
  },
  {
    "Id": 310,
    "Level": 310,
    "Requre": "1,10211",
    "Buff": 8000
  },
  {
    "Id": 311,
    "Level": 311,
    "Requre": "1,10212",
    "Buff": 8000
  },
  {
    "Id": 312,
    "Level": 312,
    "Requre": "1,10213",
    "Buff": 8000
  },
  {
    "Id": 313,
    "Level": 313,
    "Requre": "1,10214",
    "Buff": 8000
  },
  {
    "Id": 314,
    "Level": 314,
    "Requre": "1,10215",
    "Buff": 8000
  },
  {
    "Id": 315,
    "Level": 315,
    "Requre": "1,10216",
    "Buff": 8000
  },
  {
    "Id": 316,
    "Level": 316,
    "Requre": "1,10217",
    "Buff": 8000
  },
  {
    "Id": 317,
    "Level": 317,
    "Requre": "1,10218",
    "Buff": 8000
  },
  {
    "Id": 318,
    "Level": 318,
    "Requre": "1,10219",
    "Buff": 8000
  },
  {
    "Id": 319,
    "Level": 319,
    "Requre": "1,10220",
    "Buff": 8000
  },
  {
    "Id": 320,
    "Level": 320,
    "Requre": "1,10221",
    "Buff": 8000
  },
  {
    "Id": 321,
    "Level": 321,
    "Requre": "1,10222",
    "Buff": 8000
  },
  {
    "Id": 322,
    "Level": 322,
    "Requre": "1,10223",
    "Buff": 8000
  },
  {
    "Id": 323,
    "Level": 323,
    "Requre": "1,10224",
    "Buff": 8000
  },
  {
    "Id": 324,
    "Level": 324,
    "Requre": "1,10225",
    "Buff": 8000
  },
  {
    "Id": 325,
    "Level": 325,
    "Requre": "1,10226",
    "Buff": 8000
  },
  {
    "Id": 326,
    "Level": 326,
    "Requre": "1,10227",
    "Buff": 8000
  },
  {
    "Id": 327,
    "Level": 327,
    "Requre": "1,10228",
    "Buff": 8000
  },
  {
    "Id": 328,
    "Level": 328,
    "Requre": "1,10229",
    "Buff": 8000
  },
  {
    "Id": 329,
    "Level": 329,
    "Requre": "1,10230",
    "Buff": 8000
  },
  {
    "Id": 330,
    "Level": 330,
    "Requre": "1,10231",
    "Buff": 8000
  },
  {
    "Id": 331,
    "Level": 331,
    "Requre": "1,10232",
    "Buff": 8000
  },
  {
    "Id": 332,
    "Level": 332,
    "Requre": "1,10233",
    "Buff": 8000
  },
  {
    "Id": 333,
    "Level": 333,
    "Requre": "1,10234",
    "Buff": 8000
  }
]
