[
  {
    "Id": 1,
    "FishNumber": 10,
    "CorsairNumber": 5,
    "Reward": "1,5|100,1000",
    "RewardBuff": "16|10",
    "Factor": "0.71,1.11"
  },
  {
    "Id": 2,
    "FishNumber": 10,
    "CorsairNumber": 5,
    "Reward": "1,5|100,1001",
    "RewardBuff": "16|10",
    "Factor": "0.71,1.12"
  },
  {
    "Id": 3,
    "FishNumber": 10,
    "CorsairNumber": 5,
    "Reward": "1,5|100,1002",
    "RewardBuff": "16|10",
    "Factor": "0.71,1.13"
  },
  {
    "Id": 4,
    "FishNumber": 10,
    "CorsairNumber": 5,
    "Reward": "1,5|100,1003",
    "RewardBuff": "16|10",
    "Factor": "0.71,1.14"
  },
  {
    "Id": 5,
    "FishNumber": 10,
    "CorsairNumber": 5,
    "Reward": "1,5|100,1004",
    "RewardBuff": "16|10",
    "Factor": "0.71,1.15"
  },
  {
    "Id": 6,
    "FishNumber": 10,
    "CorsairNumber": 5,
    "Reward": "1,5|100,1005",
    "RewardBuff": "16|10",
    "Factor": "0.71,1.16"
  },
  {
    "Id": 7,
    "FishNumber": 10,
    "CorsairNumber": 5,
    "Reward": "1,5|100,1006",
    "RewardBuff": "16|10",
    "Factor": "0.71,1.17"
  },
  {
    "Id": 8,
    "FishNumber": 10,
    "CorsairNumber": 5,
    "Reward": "1,5|100,1007",
    "RewardBuff": "16|10",
    "Factor": "0.71,1.18"
  },
  {
    "Id": 9,
    "FishNumber": 10,
    "CorsairNumber": 5,
    "Reward": "1,5|100,1008",
    "RewardBuff": "16|10",
    "Factor": "0.71,1.19"
  },
  {
    "Id": 10,
    "FishNumber": 10,
    "CorsairNumber": 5,
    "Reward": "1,5|100,1009",
    "RewardBuff": "16|10",
    "Factor": "0.71,1.20"
  },
  {
    "Id": 11,
    "FishNumber": 10,
    "CorsairNumber": 5,
    "Reward": "1,5|100,1010",
    "RewardBuff": "16|10",
    "Factor": "0.71,1.21"
  },
  {
    "Id": 12,
    "FishNumber": 10,
    "CorsairNumber": 5,
    "Reward": "1,5|100,1011",
    "RewardBuff": "16|10",
    "Factor": "0.71,1.22"
  },
  {
    "Id": 13,
    "FishNumber": 10,
    "CorsairNumber": 5,
    "Reward": "1,5|100,1012",
    "RewardBuff": "16|10",
    "Factor": "0.71,1.23"
  },
  {
    "Id": 14,
    "FishNumber": 10,
    "CorsairNumber": 5,
    "Reward": "1,5|100,1013",
    "RewardBuff": "16|10",
    "Factor": "0.71,1.24"
  },
  {
    "Id": 15,
    "FishNumber": 10,
    "CorsairNumber": 5,
    "Reward": "1,5|100,1014",
    "RewardBuff": "16|10",
    "Factor": "0.71,1.25"
  },
  {
    "Id": 16,
    "FishNumber": 10,
    "CorsairNumber": 5,
    "Reward": "1,5|100,1015",
    "RewardBuff": "16|10",
    "Factor": "0.71,1.26"
  },
  {
    "Id": 17,
    "FishNumber": 10,
    "CorsairNumber": 5,
    "Reward": "1,5|100,1016",
    "RewardBuff": "16|10",
    "Factor": "0.71,1.27"
  },
  {
    "Id": 18,
    "FishNumber": 10,
    "CorsairNumber": 5,
    "Reward": "1,5|100,1017",
    "RewardBuff": "16|10",
    "Factor": "0.71,1.28"
  },
  {
    "Id": 19,
    "FishNumber": 10,
    "CorsairNumber": 5,
    "Reward": "1,5|100,1018",
    "RewardBuff": "16|10",
    "Factor": "0.71,1.29"
  },
  {
    "Id": 20,
    "FishNumber": 10,
    "CorsairNumber": 5,
    "Reward": "1,5|100,1019",
    "RewardBuff": "16|10",
    "Factor": "0.71,1.30"
  },
  {
    "Id": 21,
    "FishNumber": 10,
    "CorsairNumber": 5,
    "Reward": "1,5|100,1020",
    "RewardBuff": "16|10",
    "Factor": "0.71,1.31"
  },
  {
    "Id": 22,
    "FishNumber": 10,
    "CorsairNumber": 5,
    "Reward": "1,5|100,1021",
    "RewardBuff": "16|10",
    "Factor": "0.71,1.32"
  },
  {
    "Id": 23,
    "FishNumber": 10,
    "CorsairNumber": 5,
    "Reward": "1,5|100,1022",
    "RewardBuff": "16|10",
    "Factor": "0.71,1.33"
  },
  {
    "Id": 24,
    "FishNumber": 10,
    "CorsairNumber": 5,
    "Reward": "1,5|100,1023",
    "RewardBuff": "16|10",
    "Factor": "0.71,1.34"
  },
  {
    "Id": 25,
    "FishNumber": 10,
    "CorsairNumber": 5,
    "Reward": "1,5|100,1024",
    "RewardBuff": "16|10",
    "Factor": "0.71,1.35"
  },
  {
    "Id": 26,
    "FishNumber": 10,
    "CorsairNumber": 5,
    "Reward": "1,5|100,1025",
    "RewardBuff": "16|10",
    "Factor": "0.71,1.36"
  },
  {
    "Id": 27,
    "FishNumber": 10,
    "CorsairNumber": 5,
    "Reward": "1,5|100,1026",
    "RewardBuff": "16|10",
    "Factor": "0.71,1.37"
  },
  {
    "Id": 28,
    "FishNumber": 10,
    "CorsairNumber": 5,
    "Reward": "1,5|100,1027",
    "RewardBuff": "16|10",
    "Factor": "0.71,1.38"
  },
  {
    "Id": 29,
    "FishNumber": 10,
    "CorsairNumber": 5,
    "Reward": "1,5|100,1028",
    "RewardBuff": "16|10",
    "Factor": "0.71,1.39"
  },
  {
    "Id": 30,
    "FishNumber": 10,
    "CorsairNumber": 5,
    "Reward": "1,5|100,1029",
    "RewardBuff": "16|10",
    "Factor": "0.71,1.40"
  },
  {
    "Id": 31,
    "FishNumber": 10,
    "CorsairNumber": 5,
    "Reward": "1,5|100,1030",
    "RewardBuff": "16|10",
    "Factor": "0.71,1.41"
  },
  {
    "Id": 32,
    "FishNumber": 10,
    "CorsairNumber": 5,
    "Reward": "1,5|100,1031",
    "RewardBuff": "16|10",
    "Factor": "0.71,1.42"
  },
  {
    "Id": 33,
    "FishNumber": 10,
    "CorsairNumber": 5,
    "Reward": "1,5|100,1032",
    "RewardBuff": "16|10",
    "Factor": "0.71,1.43"
  },
  {
    "Id": 34,
    "FishNumber": 10,
    "CorsairNumber": 5,
    "Reward": "1,5|100,1033",
    "RewardBuff": "16|10",
    "Factor": "0.71,1.44"
  },
  {
    "Id": 35,
    "FishNumber": 10,
    "CorsairNumber": 5,
    "Reward": "1,5|100,1034",
    "RewardBuff": "16|10",
    "Factor": "0.71,1.45"
  },
  {
    "Id": 36,
    "FishNumber": 10,
    "CorsairNumber": 5,
    "Reward": "1,5|100,1035",
    "RewardBuff": "16|10",
    "Factor": "0.71,1.46"
  },
  {
    "Id": 37,
    "FishNumber": 10,
    "CorsairNumber": 5,
    "Reward": "1,5|100,1036",
    "RewardBuff": "16|10",
    "Factor": "0.71,1.47"
  },
  {
    "Id": 38,
    "FishNumber": 10,
    "CorsairNumber": 5,
    "Reward": "1,5|100,1037",
    "RewardBuff": "16|10",
    "Factor": "0.71,1.48"
  },
  {
    "Id": 39,
    "FishNumber": 10,
    "CorsairNumber": 5,
    "Reward": "1,5|100,1038",
    "RewardBuff": "16|10",
    "Factor": "0.71,1.49"
  },
  {
    "Id": 40,
    "FishNumber": 10,
    "CorsairNumber": 5,
    "Reward": "1,5|100,1039",
    "RewardBuff": "16|10",
    "Factor": "0.71,1.50"
  },
  {
    "Id": 41,
    "FishNumber": 10,
    "CorsairNumber": 5,
    "Reward": "1,5|100,1040",
    "RewardBuff": "16|10",
    "Factor": "0.71,1.51"
  },
  {
    "Id": 42,
    "FishNumber": 10,
    "CorsairNumber": 5,
    "Reward": "1,5|100,1041",
    "RewardBuff": "16|10",
    "Factor": "0.71,1.52"
  },
  {
    "Id": 43,
    "FishNumber": 10,
    "CorsairNumber": 5,
    "Reward": "1,5|100,1042",
    "RewardBuff": "16|10",
    "Factor": "0.71,1.53"
  },
  {
    "Id": 44,
    "FishNumber": 10,
    "CorsairNumber": 5,
    "Reward": "1,5|100,1043",
    "RewardBuff": "16|10",
    "Factor": "0.71,1.54"
  },
  {
    "Id": 45,
    "FishNumber": 10,
    "CorsairNumber": 5,
    "Reward": "1,5|100,1044",
    "RewardBuff": "16|10",
    "Factor": "0.71,1.55"
  },
  {
    "Id": 46,
    "FishNumber": 10,
    "CorsairNumber": 5,
    "Reward": "1,5|100,1045",
    "RewardBuff": "16|10",
    "Factor": "0.71,1.56"
  },
  {
    "Id": 47,
    "FishNumber": 10,
    "CorsairNumber": 5,
    "Reward": "1,5|100,1046",
    "RewardBuff": "16|10",
    "Factor": "0.71,1.57"
  },
  {
    "Id": 48,
    "FishNumber": 10,
    "CorsairNumber": 5,
    "Reward": "1,5|100,1047",
    "RewardBuff": "16|10",
    "Factor": "0.71,1.58"
  },
  {
    "Id": 49,
    "FishNumber": 10,
    "CorsairNumber": 5,
    "Reward": "1,5|100,1048",
    "RewardBuff": "16|10",
    "Factor": "0.71,1.59"
  },
  {
    "Id": 50,
    "FishNumber": 10,
    "CorsairNumber": 5,
    "Reward": "1,5|100,1049",
    "RewardBuff": "16|10",
    "Factor": "0.71,1.60"
  },
  {
    "Id": 51,
    "FishNumber": 10,
    "CorsairNumber": 5,
    "Reward": "1,5|100,1050",
    "RewardBuff": "16|10",
    "Factor": "0.71,1.61"
  },
  {
    "Id": 52,
    "FishNumber": 10,
    "CorsairNumber": 5,
    "Reward": "1,5|100,1051",
    "RewardBuff": "16|10",
    "Factor": "0.71,1.62"
  },
  {
    "Id": 53,
    "FishNumber": 10,
    "CorsairNumber": 5,
    "Reward": "1,5|100,1052",
    "RewardBuff": "16|10",
    "Factor": "0.71,1.63"
  },
  {
    "Id": 54,
    "FishNumber": 10,
    "CorsairNumber": 5,
    "Reward": "1,5|100,1053",
    "RewardBuff": "16|10",
    "Factor": "0.71,1.64"
  },
  {
    "Id": 55,
    "FishNumber": 10,
    "CorsairNumber": 5,
    "Reward": "1,5|100,1054",
    "RewardBuff": "16|10",
    "Factor": "0.71,1.65"
  },
  {
    "Id": 56,
    "FishNumber": 10,
    "CorsairNumber": 5,
    "Reward": "1,5|100,1055",
    "RewardBuff": "16|10",
    "Factor": "0.71,1.66"
  },
  {
    "Id": 57,
    "FishNumber": 10,
    "CorsairNumber": 5,
    "Reward": "1,5|100,1056",
    "RewardBuff": "16|10",
    "Factor": "0.71,1.67"
  },
  {
    "Id": 58,
    "FishNumber": 10,
    "CorsairNumber": 5,
    "Reward": "1,5|100,1057",
    "RewardBuff": "16|10",
    "Factor": "0.71,1.68"
  },
  {
    "Id": 59,
    "FishNumber": 10,
    "CorsairNumber": 5,
    "Reward": "1,5|100,1058",
    "RewardBuff": "16|10",
    "Factor": "0.71,1.69"
  },
  {
    "Id": 60,
    "FishNumber": 10,
    "CorsairNumber": 5,
    "Reward": "1,5|100,1059",
    "RewardBuff": "16|10",
    "Factor": "0.71,1.70"
  },
  {
    "Id": 61,
    "FishNumber": 10,
    "CorsairNumber": 5,
    "Reward": "1,5|100,1060",
    "RewardBuff": "16|10",
    "Factor": "0.71,1.71"
  },
  {
    "Id": 62,
    "FishNumber": 10,
    "CorsairNumber": 5,
    "Reward": "1,5|100,1061",
    "RewardBuff": "16|10",
    "Factor": "0.71,1.72"
  },
  {
    "Id": 63,
    "FishNumber": 10,
    "CorsairNumber": 5,
    "Reward": "1,5|100,1062",
    "RewardBuff": "16|10",
    "Factor": "0.71,1.73"
  },
  {
    "Id": 64,
    "FishNumber": 10,
    "CorsairNumber": 5,
    "Reward": "1,5|100,1063",
    "RewardBuff": "16|10",
    "Factor": "0.71,1.74"
  },
  {
    "Id": 65,
    "FishNumber": 10,
    "CorsairNumber": 5,
    "Reward": "1,5|100,1064",
    "RewardBuff": "16|10",
    "Factor": "0.71,1.75"
  },
  {
    "Id": 66,
    "FishNumber": 10,
    "CorsairNumber": 5,
    "Reward": "1,5|100,1065",
    "RewardBuff": "16|10",
    "Factor": "0.71,1.76"
  },
  {
    "Id": 67,
    "FishNumber": 10,
    "CorsairNumber": 5,
    "Reward": "1,5|100,1066",
    "RewardBuff": "16|10",
    "Factor": "0.71,1.77"
  },
  {
    "Id": 68,
    "FishNumber": 10,
    "CorsairNumber": 5,
    "Reward": "1,5|100,1067",
    "RewardBuff": "16|10",
    "Factor": "0.71,1.78"
  },
  {
    "Id": 69,
    "FishNumber": 10,
    "CorsairNumber": 5,
    "Reward": "1,5|100,1068",
    "RewardBuff": "16|10",
    "Factor": "0.71,1.79"
  },
  {
    "Id": 70,
    "FishNumber": 10,
    "CorsairNumber": 5,
    "Reward": "1,5|100,1069",
    "RewardBuff": "16|10",
    "Factor": "0.71,1.80"
  },
  {
    "Id": 71,
    "FishNumber": 10,
    "CorsairNumber": 5,
    "Reward": "1,5|100,1070",
    "RewardBuff": "16|10",
    "Factor": "0.71,1.81"
  },
  {
    "Id": 72,
    "FishNumber": 10,
    "CorsairNumber": 5,
    "Reward": "1,5|100,1071",
    "RewardBuff": "16|10",
    "Factor": "0.71,1.82"
  },
  {
    "Id": 73,
    "FishNumber": 10,
    "CorsairNumber": 5,
    "Reward": "1,5|100,1072",
    "RewardBuff": "16|10",
    "Factor": "0.71,1.83"
  },
  {
    "Id": 74,
    "FishNumber": 10,
    "CorsairNumber": 5,
    "Reward": "1,5|100,1073",
    "RewardBuff": "16|10",
    "Factor": "0.71,1.84"
  },
  {
    "Id": 75,
    "FishNumber": 10,
    "CorsairNumber": 5,
    "Reward": "1,5|100,1074",
    "RewardBuff": "16|10",
    "Factor": "0.71,1.85"
  },
  {
    "Id": 76,
    "FishNumber": 10,
    "CorsairNumber": 5,
    "Reward": "1,5|100,1075",
    "RewardBuff": "16|10",
    "Factor": "0.71,1.86"
  },
  {
    "Id": 77,
    "FishNumber": 10,
    "CorsairNumber": 5,
    "Reward": "1,5|100,1076",
    "RewardBuff": "16|10",
    "Factor": "0.71,1.87"
  },
  {
    "Id": 78,
    "FishNumber": 10,
    "CorsairNumber": 5,
    "Reward": "1,5|100,1076",
    "RewardBuff": "16|10",
    "Factor": "0.71,1.87"
  },
  {
    "Id": 79,
    "FishNumber": 10,
    "CorsairNumber": 5,
    "Reward": "1,5|100,1076",
    "RewardBuff": "16|10",
    "Factor": "0.71,1.87"
  },
  {
    "Id": 80,
    "FishNumber": 10,
    "CorsairNumber": 5,
    "Reward": "1,5|100,1076",
    "RewardBuff": "16|10",
    "Factor": "0.71,1.87"
  },
  {
    "Id": 81,
    "FishNumber": 10,
    "CorsairNumber": 5,
    "Reward": "1,5|100,1059",
    "RewardBuff": "16|10",
    "Factor": "0.71,1.70"
  },
  {
    "Id": 82,
    "FishNumber": 10,
    "CorsairNumber": 5,
    "Reward": "1,5|100,1060",
    "RewardBuff": "16|10",
    "Factor": "0.71,1.71"
  },
  {
    "Id": 83,
    "FishNumber": 10,
    "CorsairNumber": 5,
    "Reward": "1,5|100,1061",
    "RewardBuff": "16|10",
    "Factor": "0.71,1.72"
  },
  {
    "Id": 84,
    "FishNumber": 10,
    "CorsairNumber": 5,
    "Reward": "1,5|100,1062",
    "RewardBuff": "16|10",
    "Factor": "0.71,1.73"
  },
  {
    "Id": 85,
    "FishNumber": 10,
    "CorsairNumber": 5,
    "Reward": "1,5|100,1063",
    "RewardBuff": "16|10",
    "Factor": "0.71,1.74"
  },
  {
    "Id": 86,
    "FishNumber": 10,
    "CorsairNumber": 5,
    "Reward": "1,5|100,1064",
    "RewardBuff": "16|10",
    "Factor": "0.71,1.75"
  },
  {
    "Id": 87,
    "FishNumber": 10,
    "CorsairNumber": 5,
    "Reward": "1,5|100,1065",
    "RewardBuff": "16|10",
    "Factor": "0.71,1.76"
  },
  {
    "Id": 88,
    "FishNumber": 10,
    "CorsairNumber": 5,
    "Reward": "1,5|100,1066",
    "RewardBuff": "16|10",
    "Factor": "0.71,1.77"
  },
  {
    "Id": 89,
    "FishNumber": 10,
    "CorsairNumber": 5,
    "Reward": "1,5|100,1067",
    "RewardBuff": "16|10",
    "Factor": "0.71,1.78"
  },
  {
    "Id": 90,
    "FishNumber": 10,
    "CorsairNumber": 5,
    "Reward": "1,5|100,1068",
    "RewardBuff": "16|10",
    "Factor": "0.71,1.79"
  },
  {
    "Id": 91,
    "FishNumber": 10,
    "CorsairNumber": 5,
    "Reward": "1,5|100,1069",
    "RewardBuff": "16|10",
    "Factor": "0.71,1.80"
  },
  {
    "Id": 92,
    "FishNumber": 10,
    "CorsairNumber": 5,
    "Reward": "1,5|100,1070",
    "RewardBuff": "16|10",
    "Factor": "0.71,1.81"
  },
  {
    "Id": 93,
    "FishNumber": 10,
    "CorsairNumber": 5,
    "Reward": "1,5|100,1071",
    "RewardBuff": "16|10",
    "Factor": "0.71,1.82"
  },
  {
    "Id": 94,
    "FishNumber": 10,
    "CorsairNumber": 5,
    "Reward": "1,5|100,1072",
    "RewardBuff": "16|10",
    "Factor": "0.71,1.83"
  },
  {
    "Id": 95,
    "FishNumber": 10,
    "CorsairNumber": 5,
    "Reward": "1,5|100,1073",
    "RewardBuff": "16|10",
    "Factor": "0.71,1.84"
  },
  {
    "Id": 96,
    "FishNumber": 10,
    "CorsairNumber": 5,
    "Reward": "1,5|100,1074",
    "RewardBuff": "16|10",
    "Factor": "0.71,1.85"
  },
  {
    "Id": 97,
    "FishNumber": 10,
    "CorsairNumber": 5,
    "Reward": "1,5|100,1075",
    "RewardBuff": "16|10",
    "Factor": "0.71,1.86"
  },
  {
    "Id": 98,
    "FishNumber": 10,
    "CorsairNumber": 5,
    "Reward": "1,5|100,1076",
    "RewardBuff": "16|10",
    "Factor": "0.71,1.87"
  },
  {
    "Id": 99,
    "FishNumber": 10,
    "CorsairNumber": 5,
    "Reward": "1,5|100,1076",
    "RewardBuff": "16|10",
    "Factor": "0.71,1.87"
  },
  {
    "Id": 100,
    "FishNumber": 10,
    "CorsairNumber": 5,
    "Reward": "1,5|100,1076",
    "RewardBuff": "16|10",
    "Factor": "0.71,1.87"
  },
  {
    "Id": 101,
    "FishNumber": 10,
    "CorsairNumber": 5,
    "Reward": "1,5|100,1076",
    "RewardBuff": "16|10",
    "Factor": "0.71,1.87"
  },
  {
    "Id": 102,
    "FishNumber": 10,
    "CorsairNumber": 5,
    "Reward": "1,5|100,1059",
    "RewardBuff": "16|10",
    "Factor": "0.71,1.70"
  },
  {
    "Id": 103,
    "FishNumber": 10,
    "CorsairNumber": 5,
    "Reward": "1,5|100,1060",
    "RewardBuff": "16|10",
    "Factor": "0.71,1.71"
  },
  {
    "Id": 104,
    "FishNumber": 10,
    "CorsairNumber": 5,
    "Reward": "1,5|100,1061",
    "RewardBuff": "16|10",
    "Factor": "0.71,1.72"
  },
  {
    "Id": 105,
    "FishNumber": 10,
    "CorsairNumber": 5,
    "Reward": "1,5|100,1062",
    "RewardBuff": "16|10",
    "Factor": "0.71,1.73"
  },
  {
    "Id": 106,
    "FishNumber": 10,
    "CorsairNumber": 5,
    "Reward": "1,5|100,1063",
    "RewardBuff": "16|10",
    "Factor": "0.71,1.74"
  },
  {
    "Id": 107,
    "FishNumber": 10,
    "CorsairNumber": 5,
    "Reward": "1,5|100,1064",
    "RewardBuff": "16|10",
    "Factor": "0.71,1.75"
  },
  {
    "Id": 108,
    "FishNumber": 10,
    "CorsairNumber": 5,
    "Reward": "1,5|100,1065",
    "RewardBuff": "16|10",
    "Factor": "0.71,1.76"
  },
  {
    "Id": 109,
    "FishNumber": 10,
    "CorsairNumber": 5,
    "Reward": "1,5|100,1066",
    "RewardBuff": "16|10",
    "Factor": "0.71,1.77"
  },
  {
    "Id": 110,
    "FishNumber": 10,
    "CorsairNumber": 5,
    "Reward": "1,5|100,1067",
    "RewardBuff": "16|10",
    "Factor": "0.71,1.78"
  },
  {
    "Id": 111,
    "FishNumber": 10,
    "CorsairNumber": 5,
    "Reward": "1,5|100,1068",
    "RewardBuff": "16|10",
    "Factor": "0.71,1.79"
  },
  {
    "Id": 112,
    "FishNumber": 10,
    "CorsairNumber": 5,
    "Reward": "1,5|100,1069",
    "RewardBuff": "16|10",
    "Factor": "0.71,1.80"
  },
  {
    "Id": 113,
    "FishNumber": 10,
    "CorsairNumber": 5,
    "Reward": "1,5|100,1070",
    "RewardBuff": "16|10",
    "Factor": "0.71,1.81"
  },
  {
    "Id": 114,
    "FishNumber": 10,
    "CorsairNumber": 5,
    "Reward": "1,5|100,1071",
    "RewardBuff": "16|10",
    "Factor": "0.71,1.82"
  },
  {
    "Id": 115,
    "FishNumber": 10,
    "CorsairNumber": 5,
    "Reward": "1,5|100,1072",
    "RewardBuff": "16|10",
    "Factor": "0.71,1.83"
  },
  {
    "Id": 116,
    "FishNumber": 10,
    "CorsairNumber": 5,
    "Reward": "1,5|100,1073",
    "RewardBuff": "16|10",
    "Factor": "0.71,1.84"
  },
  {
    "Id": 117,
    "FishNumber": 10,
    "CorsairNumber": 5,
    "Reward": "1,5|100,1074",
    "RewardBuff": "16|10",
    "Factor": "0.71,1.85"
  },
  {
    "Id": 118,
    "FishNumber": 10,
    "CorsairNumber": 5,
    "Reward": "1,5|100,1075",
    "RewardBuff": "16|10",
    "Factor": "0.71,1.86"
  },
  {
    "Id": 119,
    "FishNumber": 10,
    "CorsairNumber": 5,
    "Reward": "1,5|100,1076",
    "RewardBuff": "16|10",
    "Factor": "0.71,1.87"
  },
  {
    "Id": 120,
    "FishNumber": 10,
    "CorsairNumber": 5,
    "Reward": "1,5|100,1076",
    "RewardBuff": "16|10",
    "Factor": "0.71,1.87"
  },
  {
    "Id": 121,
    "FishNumber": 10,
    "CorsairNumber": 5,
    "Reward": "1,5|100,1076",
    "RewardBuff": "16|10",
    "Factor": "0.71,1.87"
  },
  {
    "Id": 122,
    "FishNumber": 10,
    "CorsairNumber": 5,
    "Reward": "1,5|100,1076",
    "RewardBuff": "16|10",
    "Factor": "0.71,1.87"
  },
  {
    "Id": 123,
    "FishNumber": 10,
    "CorsairNumber": 5,
    "Reward": "1,5|100,1059",
    "RewardBuff": "16|10",
    "Factor": "0.71,1.70"
  },
  {
    "Id": 124,
    "FishNumber": 10,
    "CorsairNumber": 5,
    "Reward": "1,5|100,1060",
    "RewardBuff": "16|10",
    "Factor": "0.71,1.71"
  },
  {
    "Id": 125,
    "FishNumber": 10,
    "CorsairNumber": 5,
    "Reward": "1,5|100,1061",
    "RewardBuff": "16|10",
    "Factor": "0.71,1.72"
  },
  {
    "Id": 126,
    "FishNumber": 10,
    "CorsairNumber": 5,
    "Reward": "1,5|100,1062",
    "RewardBuff": "16|10",
    "Factor": "0.71,1.73"
  },
  {
    "Id": 127,
    "FishNumber": 10,
    "CorsairNumber": 5,
    "Reward": "1,5|100,1063",
    "RewardBuff": "16|10",
    "Factor": "0.71,1.74"
  },
  {
    "Id": 128,
    "FishNumber": 10,
    "CorsairNumber": 5,
    "Reward": "1,5|100,1064",
    "RewardBuff": "16|10",
    "Factor": "0.71,1.75"
  },
  {
    "Id": 129,
    "FishNumber": 10,
    "CorsairNumber": 5,
    "Reward": "1,5|100,1065",
    "RewardBuff": "16|10",
    "Factor": "0.71,1.76"
  },
  {
    "Id": 130,
    "FishNumber": 10,
    "CorsairNumber": 5,
    "Reward": "1,5|100,1066",
    "RewardBuff": "16|10",
    "Factor": "0.71,1.77"
  },
  {
    "Id": 131,
    "FishNumber": 10,
    "CorsairNumber": 5,
    "Reward": "1,5|100,1067",
    "RewardBuff": "16|10",
    "Factor": "0.71,1.78"
  },
  {
    "Id": 132,
    "FishNumber": 10,
    "CorsairNumber": 5,
    "Reward": "1,5|100,1068",
    "RewardBuff": "16|10",
    "Factor": "0.71,1.79"
  },
  {
    "Id": 133,
    "FishNumber": 10,
    "CorsairNumber": 5,
    "Reward": "1,5|100,1069",
    "RewardBuff": "16|10",
    "Factor": "0.71,1.80"
  },
  {
    "Id": 134,
    "FishNumber": 10,
    "CorsairNumber": 5,
    "Reward": "1,5|100,1070",
    "RewardBuff": "16|10",
    "Factor": "0.71,1.81"
  },
  {
    "Id": 135,
    "FishNumber": 10,
    "CorsairNumber": 5,
    "Reward": "1,5|100,1071",
    "RewardBuff": "16|10",
    "Factor": "0.71,1.82"
  },
  {
    "Id": 136,
    "FishNumber": 10,
    "CorsairNumber": 5,
    "Reward": "1,5|100,1072",
    "RewardBuff": "16|10",
    "Factor": "0.71,1.83"
  },
  {
    "Id": 137,
    "FishNumber": 10,
    "CorsairNumber": 5,
    "Reward": "1,5|100,1073",
    "RewardBuff": "16|10",
    "Factor": "0.71,1.84"
  },
  {
    "Id": 138,
    "FishNumber": 10,
    "CorsairNumber": 5,
    "Reward": "1,5|100,1074",
    "RewardBuff": "16|10",
    "Factor": "0.71,1.85"
  },
  {
    "Id": 139,
    "FishNumber": 10,
    "CorsairNumber": 5,
    "Reward": "1,5|100,1075",
    "RewardBuff": "16|10",
    "Factor": "0.71,1.86"
  },
  {
    "Id": 140,
    "FishNumber": 10,
    "CorsairNumber": 5,
    "Reward": "1,5|100,1076",
    "RewardBuff": "16|10",
    "Factor": "0.71,1.87"
  },
  {
    "Id": 141,
    "FishNumber": 10,
    "CorsairNumber": 5,
    "Reward": "1,5|100,1076",
    "RewardBuff": "16|10",
    "Factor": "0.71,1.87"
  },
  {
    "Id": 142,
    "FishNumber": 10,
    "CorsairNumber": 5,
    "Reward": "1,5|100,1076",
    "RewardBuff": "16|10",
    "Factor": "0.71,1.87"
  },
  {
    "Id": 143,
    "FishNumber": 10,
    "CorsairNumber": 5,
    "Reward": "1,5|100,1076",
    "RewardBuff": "16|10",
    "Factor": "0.71,1.87"
  },
  {
    "Id": 144,
    "FishNumber": 10,
    "CorsairNumber": 5,
    "Reward": "1,5|100,1059",
    "RewardBuff": "16|10",
    "Factor": "0.71,1.70"
  },
  {
    "Id": 145,
    "FishNumber": 10,
    "CorsairNumber": 5,
    "Reward": "1,5|100,1060",
    "RewardBuff": "16|10",
    "Factor": "0.71,1.71"
  },
  {
    "Id": 146,
    "FishNumber": 10,
    "CorsairNumber": 5,
    "Reward": "1,5|100,1061",
    "RewardBuff": "16|10",
    "Factor": "0.71,1.72"
  },
  {
    "Id": 147,
    "FishNumber": 10,
    "CorsairNumber": 5,
    "Reward": "1,5|100,1062",
    "RewardBuff": "16|10",
    "Factor": "0.71,1.73"
  },
  {
    "Id": 148,
    "FishNumber": 10,
    "CorsairNumber": 5,
    "Reward": "1,5|100,1063",
    "RewardBuff": "16|10",
    "Factor": "0.71,1.74"
  },
  {
    "Id": 149,
    "FishNumber": 10,
    "CorsairNumber": 5,
    "Reward": "1,5|100,1064",
    "RewardBuff": "16|10",
    "Factor": "0.71,1.75"
  },
  {
    "Id": 150,
    "FishNumber": 10,
    "CorsairNumber": 5,
    "Reward": "1,5|100,1065",
    "RewardBuff": "16|10",
    "Factor": "0.71,1.76"
  },
  {
    "Id": 151,
    "FishNumber": 10,
    "CorsairNumber": 5,
    "Reward": "1,5|100,1066",
    "RewardBuff": "16|10",
    "Factor": "0.71,1.77"
  },
  {
    "Id": 152,
    "FishNumber": 10,
    "CorsairNumber": 5,
    "Reward": "1,5|100,1067",
    "RewardBuff": "16|10",
    "Factor": "0.71,1.78"
  },
  {
    "Id": 153,
    "FishNumber": 10,
    "CorsairNumber": 5,
    "Reward": "1,5|100,1068",
    "RewardBuff": "16|10",
    "Factor": "0.71,1.79"
  },
  {
    "Id": 154,
    "FishNumber": 10,
    "CorsairNumber": 5,
    "Reward": "1,5|100,1069",
    "RewardBuff": "16|10",
    "Factor": "0.71,1.80"
  },
  {
    "Id": 155,
    "FishNumber": 10,
    "CorsairNumber": 5,
    "Reward": "1,5|100,1070",
    "RewardBuff": "16|10",
    "Factor": "0.71,1.81"
  },
  {
    "Id": 156,
    "FishNumber": 10,
    "CorsairNumber": 5,
    "Reward": "1,5|100,1071",
    "RewardBuff": "16|10",
    "Factor": "0.71,1.82"
  },
  {
    "Id": 157,
    "FishNumber": 10,
    "CorsairNumber": 5,
    "Reward": "1,5|100,1072",
    "RewardBuff": "16|10",
    "Factor": "0.71,1.83"
  },
  {
    "Id": 158,
    "FishNumber": 10,
    "CorsairNumber": 5,
    "Reward": "1,5|100,1073",
    "RewardBuff": "16|10",
    "Factor": "0.71,1.84"
  },
  {
    "Id": 159,
    "FishNumber": 10,
    "CorsairNumber": 5,
    "Reward": "1,5|100,1074",
    "RewardBuff": "16|10",
    "Factor": "0.71,1.85"
  },
  {
    "Id": 160,
    "FishNumber": 10,
    "CorsairNumber": 5,
    "Reward": "1,5|100,1075",
    "RewardBuff": "16|10",
    "Factor": "0.71,1.86"
  },
  {
    "Id": 161,
    "FishNumber": 10,
    "CorsairNumber": 5,
    "Reward": "1,5|100,1076",
    "RewardBuff": "16|10",
    "Factor": "0.71,1.87"
  },
  {
    "Id": 162,
    "FishNumber": 10,
    "CorsairNumber": 5,
    "Reward": "1,5|100,1076",
    "RewardBuff": "16|10",
    "Factor": "0.71,1.87"
  },
  {
    "Id": 163,
    "FishNumber": 10,
    "CorsairNumber": 5,
    "Reward": "1,5|100,1076",
    "RewardBuff": "16|10",
    "Factor": "0.71,1.87"
  },
  {
    "Id": 164,
    "FishNumber": 10,
    "CorsairNumber": 5,
    "Reward": "1,5|100,1076",
    "RewardBuff": "16|10",
    "Factor": "0.71,1.87"
  },
  {
    "Id": 165,
    "FishNumber": 10,
    "CorsairNumber": 5,
    "Reward": "1,5|100,1059",
    "RewardBuff": "16|10",
    "Factor": "0.71,1.70"
  },
  {
    "Id": 166,
    "FishNumber": 10,
    "CorsairNumber": 5,
    "Reward": "1,5|100,1060",
    "RewardBuff": "16|10",
    "Factor": "0.71,1.71"
  },
  {
    "Id": 167,
    "FishNumber": 10,
    "CorsairNumber": 5,
    "Reward": "1,5|100,1061",
    "RewardBuff": "16|10",
    "Factor": "0.71,1.72"
  },
  {
    "Id": 168,
    "FishNumber": 10,
    "CorsairNumber": 5,
    "Reward": "1,5|100,1062",
    "RewardBuff": "16|10",
    "Factor": "0.71,1.73"
  },
  {
    "Id": 169,
    "FishNumber": 10,
    "CorsairNumber": 5,
    "Reward": "1,5|100,1063",
    "RewardBuff": "16|10",
    "Factor": "0.71,1.74"
  },
  {
    "Id": 170,
    "FishNumber": 10,
    "CorsairNumber": 5,
    "Reward": "1,5|100,1064",
    "RewardBuff": "16|10",
    "Factor": "0.71,1.75"
  },
  {
    "Id": 171,
    "FishNumber": 10,
    "CorsairNumber": 5,
    "Reward": "1,5|100,1065",
    "RewardBuff": "16|10",
    "Factor": "0.71,1.76"
  },
  {
    "Id": 172,
    "FishNumber": 10,
    "CorsairNumber": 5,
    "Reward": "1,5|100,1066",
    "RewardBuff": "16|10",
    "Factor": "0.71,1.77"
  },
  {
    "Id": 173,
    "FishNumber": 10,
    "CorsairNumber": 5,
    "Reward": "1,5|100,1067",
    "RewardBuff": "16|10",
    "Factor": "0.71,1.78"
  },
  {
    "Id": 174,
    "FishNumber": 10,
    "CorsairNumber": 5,
    "Reward": "1,5|100,1068",
    "RewardBuff": "16|10",
    "Factor": "0.71,1.79"
  },
  {
    "Id": 175,
    "FishNumber": 10,
    "CorsairNumber": 5,
    "Reward": "1,5|100,1069",
    "RewardBuff": "16|10",
    "Factor": "0.71,1.80"
  },
  {
    "Id": 176,
    "FishNumber": 10,
    "CorsairNumber": 5,
    "Reward": "1,5|100,1070",
    "RewardBuff": "16|10",
    "Factor": "0.71,1.81"
  },
  {
    "Id": 177,
    "FishNumber": 10,
    "CorsairNumber": 5,
    "Reward": "1,5|100,1071",
    "RewardBuff": "16|10",
    "Factor": "0.71,1.82"
  },
  {
    "Id": 178,
    "FishNumber": 10,
    "CorsairNumber": 5,
    "Reward": "1,5|100,1072",
    "RewardBuff": "16|10",
    "Factor": "0.71,1.83"
  },
  {
    "Id": 179,
    "FishNumber": 10,
    "CorsairNumber": 5,
    "Reward": "1,5|100,1073",
    "RewardBuff": "16|10",
    "Factor": "0.71,1.84"
  },
  {
    "Id": 180,
    "FishNumber": 10,
    "CorsairNumber": 5,
    "Reward": "1,5|100,1074",
    "RewardBuff": "16|10",
    "Factor": "0.71,1.85"
  },
  {
    "Id": 181,
    "FishNumber": 10,
    "CorsairNumber": 5,
    "Reward": "1,5|100,1075",
    "RewardBuff": "16|10",
    "Factor": "0.71,1.86"
  },
  {
    "Id": 182,
    "FishNumber": 10,
    "CorsairNumber": 5,
    "Reward": "1,5|100,1076",
    "RewardBuff": "16|10",
    "Factor": "0.71,1.87"
  },
  {
    "Id": 183,
    "FishNumber": 10,
    "CorsairNumber": 5,
    "Reward": "1,5|100,1076",
    "RewardBuff": "16|10",
    "Factor": "0.71,1.87"
  },
  {
    "Id": 184,
    "FishNumber": 10,
    "CorsairNumber": 5,
    "Reward": "1,5|100,1076",
    "RewardBuff": "16|10",
    "Factor": "0.71,1.87"
  },
  {
    "Id": 185,
    "FishNumber": 10,
    "CorsairNumber": 5,
    "Reward": "1,5|100,1076",
    "RewardBuff": "16|10",
    "Factor": "0.71,1.87"
  },
  {
    "Id": 186,
    "FishNumber": 10,
    "CorsairNumber": 5,
    "Reward": "1,5|100,1059",
    "RewardBuff": "16|10",
    "Factor": "0.71,1.70"
  },
  {
    "Id": 187,
    "FishNumber": 10,
    "CorsairNumber": 5,
    "Reward": "1,5|100,1060",
    "RewardBuff": "16|10",
    "Factor": "0.71,1.71"
  },
  {
    "Id": 188,
    "FishNumber": 10,
    "CorsairNumber": 5,
    "Reward": "1,5|100,1061",
    "RewardBuff": "16|10",
    "Factor": "0.71,1.72"
  },
  {
    "Id": 189,
    "FishNumber": 10,
    "CorsairNumber": 5,
    "Reward": "1,5|100,1062",
    "RewardBuff": "16|10",
    "Factor": "0.71,1.73"
  },
  {
    "Id": 190,
    "FishNumber": 10,
    "CorsairNumber": 5,
    "Reward": "1,5|100,1063",
    "RewardBuff": "16|10",
    "Factor": "0.71,1.74"
  },
  {
    "Id": 191,
    "FishNumber": 10,
    "CorsairNumber": 5,
    "Reward": "1,5|100,1064",
    "RewardBuff": "16|10",
    "Factor": "0.71,1.75"
  },
  {
    "Id": 192,
    "FishNumber": 10,
    "CorsairNumber": 5,
    "Reward": "1,5|100,1065",
    "RewardBuff": "16|10",
    "Factor": "0.71,1.76"
  },
  {
    "Id": 193,
    "FishNumber": 10,
    "CorsairNumber": 5,
    "Reward": "1,5|100,1066",
    "RewardBuff": "16|10",
    "Factor": "0.71,1.77"
  },
  {
    "Id": 194,
    "FishNumber": 10,
    "CorsairNumber": 5,
    "Reward": "1,5|100,1067",
    "RewardBuff": "16|10",
    "Factor": "0.71,1.78"
  },
  {
    "Id": 195,
    "FishNumber": 10,
    "CorsairNumber": 5,
    "Reward": "1,5|100,1068",
    "RewardBuff": "16|10",
    "Factor": "0.71,1.79"
  },
  {
    "Id": 196,
    "FishNumber": 10,
    "CorsairNumber": 5,
    "Reward": "1,5|100,1069",
    "RewardBuff": "16|10",
    "Factor": "0.71,1.80"
  },
  {
    "Id": 197,
    "FishNumber": 10,
    "CorsairNumber": 5,
    "Reward": "1,5|100,1070",
    "RewardBuff": "16|10",
    "Factor": "0.71,1.81"
  },
  {
    "Id": 198,
    "FishNumber": 10,
    "CorsairNumber": 5,
    "Reward": "1,5|100,1071",
    "RewardBuff": "16|10",
    "Factor": "0.71,1.82"
  },
  {
    "Id": 199,
    "FishNumber": 10,
    "CorsairNumber": 5,
    "Reward": "1,5|100,1072",
    "RewardBuff": "16|10",
    "Factor": "0.71,1.83"
  },
  {
    "Id": 200,
    "FishNumber": 10,
    "CorsairNumber": 5,
    "Reward": "1,5|100,1073",
    "RewardBuff": "16|10",
    "Factor": "0.71,1.84"
  }
]
