[
  {
    "Id": 1,
    "Name": "埃里斯",
    "BgResPath": "game/characterBG.png",
    "IconUrl": "game/character_01.png",
    "RoleUrl": "player_01",
    "Quality": 1,
    "Type": 1,
    "Info": "我真正的人生是从航行开始的。",
    "Unlock": 1,
    "UnlockPoint": 1,
    "Explanation": "洪水过后1",
    "FeatureBuff": "0,0,0,0,0,0,0",
    "TimeBuff": 0,
    "PlayerOnline": 1,
    "FeatureProduce": 0,
    "Doings": 0,
    "Sort": 2,
    "GambleDefenseValue": 600,
    "ReceiveGem": 1
  },
  {
    "Id": 2,
    "Name": "默索",
    "BgResPath": "game/characterBG_blue.png",
    "IconUrl": "game/character_01.png",
    "RoleUrl": "player_01",
    "Quality": 1,
    "Type": 1,
    "Info": "现在还在听hard rock的人……",
    "Unlock": 1,
    "UnlockPoint": 2,
    "Explanation": "失落神庙2",
    "FeatureBuff": "0,0,0,0,0,0,0",
    "TimeBuff": 0,
    "PlayerOnline": 1,
    "FeatureProduce": 0,
    "Doings": 0,
    "Sort": 4,
    "GambleDefenseValue": 1200,
    "ReceiveGem": 5
  },
  {
    "Id": 3,
    "Name": "亚当",
    "BgResPath": "game/characterBG.png",
    "IconUrl": "game/character_02.png",
    "RoleUrl": "player_03",
    "Quality": 1,
    "Type": 1,
    "Info": "苹果改变了世界，也改变了我",
    "Unlock": 1,
    "UnlockPoint": 1,
    "Explanation": "洪水过后1",
    "FeatureBuff": "0,0,0,0,0,0,0",
    "TimeBuff": 0,
    "PlayerOnline": 1,
    "FeatureProduce": 0,
    "Doings": 0,
    "Sort": 1,
    "GambleDefenseValue": 1000,
    "ReceiveGem": 5
  },
  {
    "Id": 4,
    "Name": "吉尔",
    "BgResPath": "game/characterBG_blue.png",
    "IconUrl": "game/character_03.png",
    "RoleUrl": "player_04",
    "Quality": 3,
    "Type": 1,
    "Info": "要成为父亲那样的人。",
    "Unlock": 1,
    "UnlockPoint": 1,
    "Explanation": "洪水过后1",
    "FeatureBuff": "0,0,0,0,0,0,0",
    "TimeBuff": 0,
    "PlayerOnline": 1,
    "FeatureProduce": 0,
    "Doings": 0,
    "Sort": 3,
    "GambleDefenseValue": 1100,
    "ReceiveGem": 5
  },
  {
    "Id": 5,
    "Name": "柯德尔",
    "BgResPath": "game/characterBG_purple.png",
    "IconUrl": "game/character_09.png",
    "RoleUrl": "player_08",
    "Quality": 2,
    "Type": 1,
    "Info": "史前文明，了解一下呗，有龙",
    "Unlock": 1,
    "UnlockPoint": 3,
    "Explanation": "一船通行6",
    "FeatureBuff": "0,0,0,0,0,0,0",
    "TimeBuff": 0,
    "PlayerOnline": 1,
    "FeatureProduce": 0,
    "Doings": 0,
    "Sort": 5,
    "GambleDefenseValue": 1600,
    "ReceiveGem": 5
  },
  {
    "Id": 6,
    "Name": "山柯蒂斯",
    "BgResPath": "game/characterBG_purple.png",
    "IconUrl": "game/character_05.png",
    "RoleUrl": "player_05",
    "Quality": 2,
    "Type": 1,
    "Info": "热血凉不了，坚冰捂不化……",
    "Unlock": 1,
    "UnlockPoint": 4,
    "Explanation": "碧蓝传奇4",
    "FeatureBuff": "0,0,0,0,0,0,0",
    "TimeBuff": 0,
    "PlayerOnline": 1,
    "FeatureProduce": 0,
    "Doings": 0,
    "Sort": 6,
    "GambleDefenseValue": 1100,
    "ReceiveGem": 5
  },
  {
    "Id": 7,
    "Name": "理查德",
    "BgResPath": "game/characterBG_purple.png",
    "IconUrl": "game/character_06.png",
    "RoleUrl": "player_09",
    "Quality": 2,
    "Type": 1,
    "Info": "差不多先生",
    "Unlock": 1,
    "UnlockPoint": 5,
    "Explanation": "寻找仙境5",
    "FeatureBuff": "0,0,0,0,0,0,0",
    "TimeBuff": 0,
    "PlayerOnline": 1,
    "FeatureProduce": 0,
    "Doings": 0,
    "Sort": 7,
    "GambleDefenseValue": 1900,
    "ReceiveGem": 5
  },
  {
    "Id": 8,
    "Name": "蒂娜",
    "BgResPath": "game/characterBG_purple.png",
    "IconUrl": "game/character_10.png",
    "RoleUrl": "player_10",
    "Quality": 2,
    "Type": 1,
    "Info": "沉迷海钓不能自拔……",
    "Unlock": 1,
    "UnlockPoint": 0,
    "Explanation": "一船通行6",
    "FeatureBuff": "0,0,0,0,0,0,0",
    "TimeBuff": 0,
    "PlayerOnline": 1,
    "FeatureProduce": 0,
    "Doings": 0,
    "Sort": 8,
    "GambleDefenseValue": 900,
    "ReceiveGem": 5
  },
  {
    "Id": 9,
    "Name": "拜伦沃兹",
    "BgResPath": "game/characterBG_purple.png",
    "IconUrl": "game/character_08.png",
    "RoleUrl": "player_07",
    "Quality": 2,
    "Type": 1,
    "Info": "哈利路亚，哈利路亚……",
    "Unlock": 1,
    "UnlockPoint": 8,
    "Explanation": "抽奖",
    "FeatureBuff": "0,0,0,0,0,0,0",
    "TimeBuff": 0,
    "PlayerOnline": 1,
    "FeatureProduce": 0,
    "Doings": 0,
    "Sort": 9,
    "GambleDefenseValue": 700,
    "ReceiveGem": 5
  },
  {
    "Id": 10,
    "Name": "切糕大姐",
    "BgResPath": "game/characterBG_purple.png",
    "IconUrl": "game/character_04.png",
    "RoleUrl": "player_02",
    "Quality": 2,
    "Type": 1,
    "Info": "我的切糕好吃又不贵！",
    "Unlock": 1,
    "UnlockPoint": 6,
    "Explanation": "罗马帝国",
    "FeatureBuff": "0,0,0,0,0,0,0",
    "TimeBuff": 0,
    "PlayerOnline": 1,
    "FeatureProduce": 0,
    "Doings": 0,
    "Sort": 10,
    "TextInfo": "卖切糕咯！",
    "GambleDefenseValue": 800,
    "ReceiveGem": 5
  },
  {
    "Id": 11,
    "Name": "雪山野人",
    "BgResPath": "game/characterBG_purple.png",
    "IconUrl": "game/character_07.png",
    "RoleUrl": "player_06",
    "Quality": 2,
    "Type": 1,
    "Info": "不知道怎么了漂流到这里。",
    "Unlock": 1,
    "UnlockPoint": 7,
    "Explanation": "木器时代",
    "FeatureBuff": "0,0,0,0,0,0,0",
    "TimeBuff": 0,
    "PlayerOnline": 1,
    "FeatureProduce": 0,
    "Doings": 0,
    "Sort": 11,
    "TextInfo": "哟嚯…",
    "GambleDefenseValue": 1800,
    "ReceiveGem": 5
  },
  {
    "Id": 12,
    "Name": "黄缘龟",
    "BgResPath": "game/characterBG_yellow.png",
    "IconUrl": "game/animal_2.png",
    "RoleUrl": "animal_02_turtle",
    "Quality": 3,
    "Type": 3,
    "Info": "提升10%建筑产量",
    "Unlock": 1,
    "UnlockPoint": 3,
    "Explanation": "绯红与沙3",
    "FeatureBuff": "1000,1000,1000,1000,1000,1000,1000",
    "TimeBuff": 0,
    "PlayerOnline": 1,
    "FeatureProduce": 0,
    "Doings": 0,
    "Sort": 13,
    "GambleDefenseValue": 1200,
    "ReceiveGem": 5
  },
  {
    "Id": 13,
    "Name": "雪鸡",
    "BgResPath": "game/characterBG_yellow.png",
    "IconUrl": "game/animal_1.png",
    "RoleUrl": "animal_01_chicken",
    "Quality": 3,
    "Type": 2,
    "Info": "高兴了才会下蛋",
    "Unlock": 1,
    "UnlockPoint": 2,
    "Explanation": "失落神庙2",
    "FeatureBuff": "0,0,0,0,0,0,0",
    "TimeBuff": 0,
    "PlayerOnline": 1,
    "FeatureProduce": 0,
    "Doings": 0,
    "Sort": 12,
    "GambleDefenseValue": 600,
    "ReceiveGem": 5
  },
  {
    "Id": 14,
    "Name": "卷羽鹈鹕",
    "BgResPath": "game/characterBG_yellow.png",
    "IconUrl": "game/animal_3.png",
    "RoleUrl": "animal_03_seabird",
    "Quality": 3,
    "Type": 2,
    "Info": "抓鱼比钓鱼快多了",
    "Unlock": 1,
    "UnlockPoint": 4,
    "Explanation": "碧蓝传奇4",
    "FeatureBuff": "0,0,0,0,0,0,0",
    "TimeBuff": 0,
    "PlayerOnline": 1,
    "FeatureProduce": 0,
    "Doings": 0,
    "Sort": 14,
    "GambleDefenseValue": 1900,
    "ReceiveGem": 5
  },
  {
    "Id": 15,
    "Name": "猫",
    "BgResPath": "game/characterBG_purple.png",
    "IconUrl": "game/animal_4.png",
    "RoleUrl": "animal_04_cat",
    "Quality": 3,
    "Type": 2,
    "Info": "大家的宠物",
    "Unlock": 2,
    "UnlockPoint": 0,
    "Explanation": "抽奖",
    "FeatureBuff": "0,0,0,0,0,0,0",
    "TimeBuff": 0,
    "PlayerOnline": 1,
    "FeatureProduce": 40,
    "Doings": 0,
    "Sort": 16,
    "GambleDefenseValue": 700,
    "ReceiveGem": 5
  },
  {
    "Id": 16,
    "Name": "叶猴",
    "BgResPath": "game/characterBG_purple.png",
    "IconUrl": "game/animal_6.png",
    "RoleUrl": "animal_06_monkey",
    "Quality": 3,
    "Type": 4,
    "Info": "偶尔下水捡东西",
    "Unlock": 1,
    "UnlockPoint": 5,
    "Explanation": "寻找仙境5",
    "FeatureBuff": "0,0,0,0,0,0,0",
    "TimeBuff": 0,
    "PlayerOnline": 1,
    "FeatureProduce": 0,
    "Doings": 1,
    "Sort": 15,
    "GambleDefenseValue": 800,
    "ReceiveGem": 5
  },
  {
    "Id": 19,
    "Name": "鲛鲨",
    "BgResPath": "game/characterBG_purple.png",
    "IconUrl": "game/animal_8.png",
    "RoleUrl": "animal_08_whale",
    "Quality": 3,
    "Type": 3,
    "Info": "土豪才可以饲养喔！",
    "Unlock": 1,
    "UnlockPoint": 8,
    "Explanation": "一船通行8",
    "FeatureBuff": "0,0,0,0,0,0,0",
    "TimeBuff": 0,
    "PlayerOnline": 1,
    "FeatureProduce": 0,
    "Doings": 0,
    "Sort": 19,
    "GambleDefenseValue": 1800,
    "ReceiveGem": 5
  },
  {
    "Id": 20,
    "Name": "小小粥",
    "BgResPath": "game/characterBG_purple.png",
    "IconUrl": "game/character_13.png",
    "RoleUrl": "player_13",
    "Quality": 3,
    "Type": 1,
    "Info": "在你的地盘，听你的……",
    "Unlock": 1,
    "UnlockPoint": 8,
    "Explanation": "特殊解锁1",
    "FeatureBuff": "0,0,0,0,0,0,0",
    "TimeBuff": 0,
    "PlayerOnline": 1,
    "FeatureProduce": 0,
    "Doings": 0,
    "Sort": 20,
    "GambleDefenseValue": 1000,
    "ReceiveGem": 5
  },
  {
    "Id": 21,
    "Name": "刀疤小哥",
    "BgResPath": "game/characterBG_purple.png",
    "IconUrl": "game/character_14.png",
    "RoleUrl": "player_14",
    "Quality": 3,
    "Type": 1,
    "Info": "航海有他在，一路平安呀！",
    "Unlock": 1,
    "UnlockPoint": 8,
    "Explanation": "特殊解锁1",
    "FeatureBuff": "0,0,0,0,0,0,0",
    "TimeBuff": 0,
    "PlayerOnline": 1,
    "FeatureProduce": 0,
    "Doings": 0,
    "Sort": 21,
    "GambleDefenseValue": 1800,
    "ReceiveGem": 5
  },
  {
    "Id": 23,
    "Name": "魅力号",
    "BgResPath": "game/characterBG_purple.png",
    "IconUrl": "game/animal_ship.png",
    "RoleUrl": "LittleShip",
    "Quality": 3,
    "Type": 3,
    "Info": "提升5%建筑产量",
    "Unlock": 1,
    "UnlockPoint": 1,
    "Explanation": "看2次视频解锁",
    "FeatureBuff": "500,500,500,500,500,500,500",
    "TimeBuff": 0,
    "PlayerOnline": 1,
    "FeatureProduce": 0,
    "Doings": 0,
    "Sort": 22,
    "GambleDefenseValue": 1000,
    "ReceiveGem": 5
  },
  {
    "Id": 24,
    "Name": "帝企鹅",
    "BgResPath": "game/characterBG_purple.png",
    "IconUrl": "game/animal_7.png",
    "RoleUrl": "animal_07_penguin",
    "Quality": 2,
    "Type": 2,
    "Info": "当天可提升建筑产量；00点后宠物自动消失！",
    "Unlock": 1,
    "UnlockPoint": 1,
    "Explanation": "看1次视频解锁",
    "FeatureBuff": "200,300,400,600,700,700,700",
    "TimeBuff": 1,
    "PlayerOnline": 1,
    "FeatureProduce": 0,
    "Doings": 0,
    "Sort": 23,
    "TextInfo": "越冷越好……|生产加速中……",
    "GambleDefenseValue": 1000,
    "ReceiveGem": 5
  },
  {
    "Id": 25,
    "Name": "狗",
    "BgResPath": "game/characterBG_purple.png",
    "IconUrl": "game/animal_5.png",
    "RoleUrl": "animal_05_dog",
    "Quality": 3,
    "Type": 2,
    "Info": "当天可提升建筑产量；00点后宠物自动消失！",
    "Unlock": 1,
    "UnlockPoint": 1,
    "Explanation": "看1次视频解锁",
    "FeatureBuff": "200,300,400,600,700,700,700",
    "TimeBuff": 1,
    "PlayerOnline": 1,
    "FeatureProduce": 0,
    "Doings": 0,
    "Sort": 24,
    "TextInfo": "拥有它就不孤单！|生产加速中……",
    "GambleDefenseValue": 900,
    "ReceiveGem": 5
  },
  {
    "Id": 26,
    "Name": "八大财神",
    "BgResPath": "game/characterBG_purple.png",
    "IconUrl": "game/character_17.png",
    "RoleUrl": "Player_Rich",
    "Quality": 3,
    "Type": 2,
    "Info": "恭喜发财，财源广进！可提升建筑产量。",
    "Unlock": 1,
    "UnlockPoint": 1,
    "Explanation": "活动",
    "FeatureBuff": "500,500,500,500,500,500,500",
    "TimeBuff": 0,
    "PlayerOnline": 1,
    "FeatureProduce": 0,
    "Doings": 0,
    "Sort": 26,
    "TextInfo": "恭喜发财！|生产加速中……",
    "GambleDefenseValue": 1100,
    "ReceiveGem": 5
  },
  {
    "Id": 27,
    "Name": "小金牛",
    "BgResPath": "game/characterBG_purple.png",
    "IconUrl": "game/animal_11.png",
    "RoleUrl": "animal_11",
    "Quality": 3,
    "Type": 2,
    "Info": "牛年，属您最牛！可提升建筑产量。",
    "Unlock": 1,
    "UnlockPoint": 1,
    "Explanation": "活动",
    "FeatureBuff": "500,500,500,500,500,500,500",
    "TimeBuff": 0,
    "PlayerOnline": 1,
    "FeatureProduce": 0,
    "Doings": 0,
    "Sort": 27,
    "TextInfo": "您好，2021……|生产加速中……",
    "GambleDefenseValue": 1700,
    "ReceiveGem": 5
  },
  {
    "Id": 28,
    "Name": "圣诞老人",
    "BgResPath": "game/characterBG_purple.png",
    "IconUrl": "game/character_00.png",
    "RoleUrl": "player_00",
    "Quality": 3,
    "Type": 1,
    "Info": "活动角色，活动结束会消失喔！",
    "Unlock": 1,
    "UnlockPoint": 0,
    "Explanation": "活动",
    "FeatureBuff": "500,500,500,500,500,500,500",
    "TimeBuff": 0,
    "PlayerOnline": 0,
    "FeatureProduce": 0,
    "Doings": 0,
    "Sort": 0,
    "TextInfo": "我是真的圣诞老人！|生产加速中……",
    "GambleDefenseValue": 700,
    "ReceiveGem": 5
  },
  {
    "Id": 29,
    "Name": "年宝",
    "BgResPath": "game/characterBG_purple.png",
    "IconUrl": "game/character_18.png",
    "RoleUrl": "player_19",
    "Quality": 3,
    "Type": 1,
    "Info": "活动角色，活动结束会消失喔！",
    "Unlock": 1,
    "UnlockPoint": 0,
    "Explanation": "活动",
    "FeatureBuff": "500,500,500,500,500,500,500",
    "TimeBuff": 0,
    "PlayerOnline": 1,
    "FeatureProduce": 0,
    "Doings": 0,
    "Sort": 28,
    "TextInfo": "招财进宝！|生产加速中……",
    "GambleDefenseValue": 800,
    "ReceiveGem": 5
  }
]
