[
  {
    "Id": 1,
    "Content": "海平面正在上升……",
    "Title": "守望者",
    "Button": "真的吗？",
    "Icon": "game/sea_bottle.png",
    "Rate": 30,
    "Anim": "animate/DriftBattle.ani",
    "Type": 0,
    "Value": 0
  },
  {
    "Id": 2,
    "Content": "冰川纪过去了，到处都是冰凌",
    "Title": "冰川纪",
    "Button": "是吗？",
    "Icon": "game/sea_bottle.png",
    "Rate": 30,
    "Anim": "animate/DriftBattle.ani",
    "Type": 0,
    "Value": 0
  },
  {
    "Id": 3,
    "Content": "好望角发现了，死海里千帆相竞",
    "Title": "好望角",
    "Button": "加油",
    "Icon": "game/sea_bottle.png",
    "Rate": 30,
    "Anim": "animate/DriftBattle.ani",
    "Type": 0,
    "Value": 0
  },
  {
    "Id": 4,
    "Content": "海面上是一望无际的孤独",
    "Title": "海面瞭望",
    "Button": "陷入沉思",
    "Icon": "game/sea_bottle.png",
    "Rate": 30,
    "Anim": "animate/DriftBattle.ani",
    "Type": 0,
    "Value": 0
  },
  {
    "Id": 5,
    "Content": "佛罗伦萨不愧是艺术的摇篮",
    "Title": "佛罗伦萨",
    "Button": "太棒啦",
    "Icon": "game/sea_bottle.png",
    "Rate": 30,
    "Anim": "animate/DriftBattle.ani",
    "Type": 0,
    "Value": 0
  },
  {
    "Id": 6,
    "Content": "不要上岸，大海才是真正的家",
    "Title": "我们的家",
    "Button": "真的吗？",
    "Icon": "game/sea_bottle.png",
    "Rate": 30,
    "Anim": "animate/DriftBattle.ani",
    "Type": 0,
    "Value": 0
  },
  {
    "Id": 7,
    "Content": "造船最重要的是要有足够的材料，木材",
    "Title": "造船",
    "Button": "知道啦",
    "Icon": "game/sea_bottle.png",
    "Rate": 30,
    "Anim": "animate/DriftBattle.ani",
    "Type": 0,
    "Value": 0
  },
  {
    "Id": 8,
    "Content": "日出日落的时候最安静……",
    "Title": "休憩",
    "Button": "是的。",
    "Icon": "game/sea_bottle.png",
    "Rate": 30,
    "Anim": "animate/DriftBattle.ani",
    "Type": 0,
    "Value": 0
  },
  {
    "Id": 9,
    "Content": "我有个航海的远大目标，年轻人你呢",
    "Title": "航行",
    "Button": "加油",
    "Icon": "game/sea_bottle.png",
    "Rate": 30,
    "Anim": "animate/DriftBattle.ani",
    "Type": 0,
    "Value": 0
  },
  {
    "Id": 10,
    "Content": "陆地发生的事情，蔓延到海上的梦里",
    "Title": "梦靥",
    "Button": "加油",
    "Icon": "game/sea_bottle.png",
    "Rate": 30,
    "Anim": "animate/DriftBattle.ani",
    "Type": 0,
    "Value": 0
  },
  {
    "Id": 11,
    "Content": "第一次见到这么多奇怪的鱼。",
    "Title": "好奇",
    "Button": "太棒啦",
    "Icon": "game/sea_bottle.png",
    "Rate": 30,
    "Anim": "animate/DriftBattle.ani",
    "Type": 0,
    "Value": 0
  },
  {
    "Id": 12,
    "Content": "交个朋友吧，我知道你愿意的",
    "Title": "朋友",
    "Button": "当然",
    "Icon": "game/sea_bottle.png",
    "Rate": 30,
    "Anim": "animate/DriftBattle.ani",
    "Type": 0,
    "Value": 0
  },
  {
    "Id": 13,
    "Content": "喝酒从不喝醉的人真是可怕",
    "Title": "酒",
    "Button": "是吗？",
    "Icon": "game/sea_bottle.png",
    "Rate": 30,
    "Anim": "animate/DriftBattle.ani",
    "Type": 0,
    "Value": 0
  },
  {
    "Id": 14,
    "Content": "不要讨论意义，很没意思",
    "Title": "意义",
    "Button": "懂了",
    "Icon": "game/sea_bottle.png",
    "Rate": 30,
    "Anim": "animate/DriftBattle.ani",
    "Type": 0,
    "Value": 0
  },
  {
    "Id": 15,
    "Content": "地球怎么转，我就怎么转",
    "Title": "流浪者",
    "Button": "太棒啦",
    "Icon": "game/sea_bottle.png",
    "Rate": 30,
    "Anim": "animate/DriftBattle.ani",
    "Type": 0,
    "Value": 0
  },
  {
    "Id": 16,
    "Content": "你们必须尊重艺术，尊重艺术家",
    "Title": "艺术",
    "Button": "太棒啦",
    "Icon": "game/sea_bottle.png",
    "Rate": 30,
    "Anim": "animate/DriftBattle.ani",
    "Type": 0,
    "Value": 0
  },
  {
    "Id": 17,
    "Content": "东方文明真是让人向往",
    "Title": "东方",
    "Button": "太棒啦",
    "Icon": "game/sea_bottle.png",
    "Rate": 30,
    "Anim": "animate/DriftBattle.ani",
    "Type": 0,
    "Value": 0
  },
  {
    "Id": 18,
    "Content": "睡多了容易犯困",
    "Title": "睡觉",
    "Button": "太对啦",
    "Icon": "game/sea_bottle.png",
    "Rate": 30,
    "Anim": "animate/DriftBattle.ani",
    "Type": 0,
    "Value": 0
  },
  {
    "Id": 19,
    "Content": "罗捷!我被困在孤岛上了。麻烦救救我，我给你打工。",
    "Title": "我是打工人:路菲",
    "Button": "收到",
    "Icon": "game/lufi_hat.png",
    "Rate": 0,
    "Anim": "animate/DriftBattle_lufi_hat.ani",
    "Type": 0,
    "Value": 0
  },
  {
    "Id": 20,
    "Content": "获得加速生产30秒",
    "Title": "燃烧果实",
    "Button": "获取",
    "Icon": "game/sea_bottle_fruit_fire.png",
    "Rate": 0,
    "Anim": "animate/DriftBattle_fruit_fire.ani",
    "Type": 1,
    "Value": 30
  },
  {
    "Id": 21,
    "Content": "免费获得1K资源",
    "Title": "黄金果实",
    "Button": "获取",
    "Icon": "game/sea_bottle_fruit_gold.png",
    "Rate": 0,
    "Anim": "animate/DriftBattle_fruit_gold.ani",
    "Type": 2,
    "Value": 1000
  },
  {
    "Id": 22,
    "Content": "跳过一次夜晚时间",
    "Title": "时间果实",
    "Button": "获取",
    "Icon": "game/sea_bottle_fruit_time.png",
    "Rate": 0,
    "Anim": "animate/DriftBattle_fruit_time.ani",
    "Type": 3,
    "Value": 1
  },
  {
    "Id": 23,
    "Content": "你好，我来自小人国，能够给我个钻石去买吃的么?",
    "Title": "小人？",
    "Button": "赠送",
    "Icon": "game/sea_bottle_man.png",
    "Rate": 0,
    "Anim": "animate/DriftBattle_man.ani",
    "Type": 4,
    "Value": -15
  },
  {
    "Id": 24,
    "Content": "年轻人，我看你面善的很，2021年必是鸿运当头啊",
    "Title": "鸿运当头",
    "Button": "太棒啦！",
    "Icon": "game/sea_bottle.png",
    "Rate": 50,
    "Anim": "animate/DriftBattle.ani",
    "Type": 0,
    "Value": 0
  },
  {
    "Id": 25,
    "Content": "人间知音难觅，天涯芳草易寻。",
    "Title": "知己",
    "Button": "太对啦",
    "Icon": "game/sea_bottle.png",
    "Rate": 50,
    "Anim": "animate/DriftBattle.ani",
    "Type": 0,
    "Value": 0
  },
  {
    "Id": 26,
    "Content": "跨年的钟声即将响起……",
    "Title": "跨年",
    "Button": "加油",
    "Icon": "game/sea_bottle.png",
    "Rate": 50,
    "Anim": "animate/DriftBattle.ani",
    "Type": 0,
    "Value": 0
  },
  {
    "Id": 27,
    "Content": "有缘人，你相信命运吗？",
    "Title": "命运",
    "Button": "我不知道",
    "Icon": "game/sea_bottle.png",
    "Rate": 50,
    "Anim": "animate/DriftBattle.ani",
    "Type": 0,
    "Value": 0
  },
  {
    "Id": 28,
    "Content": "夕阳已去，皎月方来。",
    "Title": "夜幕",
    "Button": "好美",
    "Icon": "game/sea_bottle.png",
    "Rate": 50,
    "Anim": "animate/DriftBattle.ani",
    "Type": 0,
    "Value": 0
  },
  {
    "Id": 29,
    "Content": "天青色等烟雨，而我在等你。",
    "Title": "流行音乐",
    "Button": "太棒啦",
    "Icon": "game/sea_bottle.png",
    "Rate": 50,
    "Anim": "animate/DriftBattle.ani",
    "Type": 0,
    "Value": 0
  },
  {
    "Id": 30,
    "Content": "愿天下有情人终成眷属。",
    "Title": "祝福",
    "Button": "谢谢。",
    "Icon": "game/sea_bottle.png",
    "Rate": 50,
    "Anim": "animate/DriftBattle.ani",
    "Type": 0,
    "Value": 0
  },
  {
    "Id": 31,
    "Content": "最近我的胃口好的出奇，吃什么都特别香，又胖了。",
    "Title": "减肥",
    "Button": "加油。",
    "Icon": "game/sea_bottle.png",
    "Rate": 50,
    "Anim": "animate/DriftBattle.ani",
    "Type": 0,
    "Value": 0
  },
  {
    "Id": 32,
    "Content": "不得了啦，偶像的演唱会开到家门口啦……",
    "Title": "演唱会",
    "Button": "太棒啦",
    "Icon": "game/sea_bottle.png",
    "Rate": 50,
    "Anim": "animate/DriftBattle.ani",
    "Type": 0,
    "Value": 0
  },
  {
    "Id": 33,
    "Content": "朋友，你养过宠物吗？我有一只养了13年的狗。",
    "Title": "宠物",
    "Button": "当然",
    "Icon": "game/sea_bottle.png",
    "Rate": 50,
    "Anim": "animate/DriftBattle.ani",
    "Type": 0,
    "Value": 0
  },
  {
    "Id": 34,
    "Content": "一鲸落，万物生，这真是奇幻又浪漫……",
    "Title": "鲸落",
    "Button": "太美啦",
    "Icon": "game/sea_bottle.png",
    "Rate": 50,
    "Anim": "animate/DriftBattle.ani",
    "Type": 0,
    "Value": 0
  },
  {
    "Id": 35,
    "Content": "乘风破浪会有时，直挂云帆济沧海",
    "Title": "李白",
    "Button": "有志气",
    "Icon": "game/sea_bottle.png",
    "Rate": 50,
    "Anim": "animate/DriftBattle.ani",
    "Type": 0,
    "Value": 0
  },
  {
    "Id": 36,
    "Content": "老骥伏枥，志在千里。",
    "Title": "龟虽寿",
    "Button": "加油",
    "Icon": "game/sea_bottle.png",
    "Rate": 50,
    "Anim": "animate/DriftBattle.ani",
    "Type": 0,
    "Value": 0
  },
  {
    "Id": 37,
    "Content": "民谣都是野路子，但总能打动人心……",
    "Title": "民谣",
    "Button": "是的。",
    "Icon": "game/sea_bottle.png",
    "Rate": 50,
    "Anim": "animate/DriftBattle.ani",
    "Type": 0,
    "Value": 0
  },
  {
    "Id": 38,
    "Content": "年轻人，勿忘初心啊……",
    "Title": "初心",
    "Button": "加油",
    "Icon": "game/sea_bottle.png",
    "Rate": 50,
    "Anim": "animate/DriftBattle.ani",
    "Type": 0,
    "Value": 0
  },
  {
    "Id": 39,
    "Content": "有选择的时候，我总是容易患得患失",
    "Title": "犹豫",
    "Button": "加油",
    "Icon": "game/sea_bottle.png",
    "Rate": 50,
    "Anim": "animate/DriftBattle.ani",
    "Type": 0,
    "Value": 0
  },
  {
    "Id": 40,
    "Content": "《汤姆索亚历险记》似乎在讲述我的童年",
    "Title": "童年",
    "Button": "太棒啦",
    "Icon": "game/sea_bottle.png",
    "Rate": 50,
    "Anim": "animate/DriftBattle.ani",
    "Type": 0,
    "Value": 0
  },
  {
    "Id": 41,
    "Content": "我总梦见自己会飞，穿行于屋檐和树梢",
    "Title": "黑夜飞行",
    "Button": "太美啦",
    "Icon": "game/sea_bottle.png",
    "Rate": 50,
    "Anim": "animate/DriftBattle.ani",
    "Type": 0,
    "Value": 0
  },
  {
    "Id": 42,
    "Content": "如果你2020失去过什么，愿你在2021双倍拥有它",
    "Title": "失去",
    "Button": "谢谢。",
    "Icon": "game/sea_bottle.png",
    "Rate": 50,
    "Anim": "animate/DriftBattle.ani",
    "Type": 0,
    "Value": 0
  },
  {
    "Id": 43,
    "Content": "岁月静好，温暖如初……",
    "Title": "美好",
    "Button": "加油。",
    "Icon": "game/sea_bottle.png",
    "Rate": 50,
    "Anim": "animate/DriftBattle.ani",
    "Type": 0,
    "Value": 0
  },
  {
    "Id": 44,
    "Content": "想写一些祝福女孩子的话，但不知如何表达。",
    "Title": "祝福",
    "Button": "谢谢啦",
    "Icon": "game/sea_bottle.png",
    "Rate": 50,
    "Anim": "animate/DriftBattle.ani",
    "Type": 0,
    "Value": 0
  },
  {
    "Id": 45,
    "Content": "2021的祝福，送给所有矢志不渝的人……",
    "Title": "坚持",
    "Button": "谢谢啦",
    "Icon": "game/sea_bottle.png",
    "Rate": 50,
    "Anim": "animate/DriftBattle.ani",
    "Type": 0,
    "Value": 0
  },
  {
    "Id": 46,
    "Content": "想来他们说的天子骄子，就是你了",
    "Title": "天子骄子",
    "Button": "谢谢啦",
    "Icon": "game/sea_bottle.png",
    "Rate": 50,
    "Anim": "animate/DriftBattle.ani",
    "Type": 0,
    "Value": 0
  },
  {
    "Id": 47,
    "Content": "我的卦一向很准，2021你就要步入人生巅峰了……",
    "Title": "巅峰",
    "Button": "谢谢啦",
    "Icon": "game/sea_bottle.png",
    "Rate": 50,
    "Anim": "animate/DriftBattle.ani",
    "Type": 0,
    "Value": 0
  },
  {
    "Id": 48,
    "Content": "最好的状态，就是渐入佳境",
    "Title": "渐入佳境",
    "Button": "加油",
    "Icon": "game/sea_bottle.png",
    "Rate": 50,
    "Anim": "animate/DriftBattle.ani",
    "Type": 0,
    "Value": 0
  },
  {
    "Id": 49,
    "Content": "愿你走过的路，化作回忆里的风景",
    "Title": "路",
    "Button": "谢谢",
    "Icon": "game/sea_bottle.png",
    "Rate": 50,
    "Anim": "animate/DriftBattle.ani",
    "Type": 0,
    "Value": 0
  }
]
