[
  {
    "Id": 1,
    "Type": 0,
    "ComponentId": 801,
    "ResName": "NormalBoard1_1",
    "Info": "充气垫1/18",
    "PreRelyId": 0,
    "RelyId": 2,
    "HideBoardId": 0,
    "WithId": 0,
    "Floor": 1,
    "Stage": 1,
    "Progress": 0,
    "Sailing": 1,
    "Sink": 1,
    "NavMapIndex": "3,1",
    "MapType": 1,
    "MapFloor": 1,
    "ComType": 1
  },
  {
    "Id": 2,
    "Type": 0,
    "ComponentId": 801,
    "ResName": "NormalBoard1_2",
    "Info": "充气垫2/18",
    "PreRelyId": 0,
    "RelyId": 3,
    "HideBoardId": 0,
    "WithId": 0,
    "Floor": 1,
    "Stage": 1,
    "Progress": 0,
    "Sailing": 1,
    "Sink": 1,
    "NavMapIndex": "2,1",
    "MapType": 1,
    "MapFloor": 1,
    "ComType": 1
  },
  {
    "Id": 3,
    "Type": 0,
    "ComponentId": 801,
    "ResName": "NormalBoard1_3",
    "Info": "充气垫3/18",
    "PreRelyId": 0,
    "RelyId": 4,
    "HideBoardId": 0,
    "WithId": 0,
    "Floor": 1,
    "Stage": 1,
    "Progress": 0,
    "Sailing": 1,
    "Sink": 1,
    "NavMapIndex": "1,1",
    "MapType": 1,
    "MapFloor": 1,
    "ComType": 1
  },
  {
    "Id": 4,
    "Type": 0,
    "ComponentId": 801,
    "ResName": "NormalBoard1_4",
    "Info": "充气垫4/18",
    "PreRelyId": 0,
    "RelyId": 5,
    "HideBoardId": 0,
    "WithId": 0,
    "Floor": 1,
    "Stage": 1,
    "Progress": 0,
    "Sailing": 1,
    "Sink": 1,
    "NavMapIndex": "4,1",
    "MapType": 1,
    "MapFloor": 1,
    "ComType": 1
  },
  {
    "Id": 5,
    "Type": 0,
    "ComponentId": 801,
    "ResName": "NormalBoard1_11",
    "Info": "充气垫5/18",
    "PreRelyId": 0,
    "RelyId": 6,
    "HideBoardId": 0,
    "WithId": 0,
    "Floor": 1,
    "Stage": 1,
    "Progress": 0,
    "Sailing": 1,
    "Sink": 1,
    "NavMapIndex": "1,2",
    "MapType": 1,
    "MapFloor": 1,
    "ComType": 1
  },
  {
    "Id": 6,
    "Type": 0,
    "ComponentId": 801,
    "ResName": "NormalBoard1_6",
    "Info": "充气垫6/18",
    "PreRelyId": 0,
    "RelyId": 7,
    "HideBoardId": 0,
    "WithId": 0,
    "Floor": 1,
    "Stage": 1,
    "Progress": 0,
    "Sailing": 1,
    "Sink": 1,
    "NavMapIndex": "3,2",
    "MapType": 1,
    "MapFloor": 1,
    "ComType": 1
  },
  {
    "Id": 7,
    "Type": 0,
    "ComponentId": 801,
    "ResName": "NormalBoard1_7",
    "Info": "充气垫7/18",
    "PreRelyId": 0,
    "RelyId": 8,
    "HideBoardId": 0,
    "WithId": 0,
    "Floor": 1,
    "Stage": 1,
    "Progress": 0,
    "Sailing": 1,
    "Sink": 1,
    "NavMapIndex": "2,2",
    "MapType": 1,
    "MapFloor": 1,
    "ComType": 1
  },
  {
    "Id": 8,
    "Type": 0,
    "ComponentId": 801,
    "ResName": "NormalBoard1_12",
    "Info": "充气垫8/18",
    "PreRelyId": 0,
    "RelyId": 9,
    "HideBoardId": 0,
    "WithId": 0,
    "Floor": 1,
    "Stage": 1,
    "Progress": 0,
    "Sailing": 1,
    "Sink": 1,
    "NavMapIndex": "1,0",
    "MapType": 1,
    "MapFloor": 1,
    "ComType": 1
  },
  {
    "Id": 9,
    "Type": 0,
    "ComponentId": 801,
    "ResName": "NormalBoard1_9",
    "Info": "充气垫9/18",
    "PreRelyId": 0,
    "RelyId": "10,20,21",
    "HideBoardId": 0,
    "WithId": 0,
    "Floor": 1,
    "Stage": 1,
    "Progress": 0,
    "Sailing": 1,
    "Sink": 1,
    "NavMapIndex": "3,0",
    "MapType": 1,
    "MapFloor": 1,
    "ComType": 1
  },
  {
    "Id": 10,
    "Type": 0,
    "ComponentId": 801,
    "ResName": "NormalBoard1_10",
    "Info": "充气垫10/18",
    "PreRelyId": 0,
    "RelyId": 11,
    "HideBoardId": 0,
    "WithId": 0,
    "Floor": 1,
    "Stage": 1,
    "Progress": 0,
    "Sailing": 1,
    "Sink": 1,
    "NavMapIndex": "2,0",
    "MapType": 1,
    "MapFloor": 1,
    "ComType": 1
  },
  {
    "Id": 11,
    "Type": 1,
    "ComponentId": 801,
    "ResName": "NormalBoard1_8",
    "Info": "充气垫11/18",
    "PreRelyId": 0,
    "RelyId": 23,
    "HideBoardId": 0,
    "WithId": 0,
    "Floor": 1,
    "Stage": 1,
    "Progress": 0,
    "Sailing": 1,
    "Sink": 1,
    "NavMapIndex": "4,0",
    "MapType": 1,
    "MapFloor": 1,
    "ComType": 1
  },
  {
    "Id": 12,
    "Type": 1,
    "ComponentId": 801,
    "ResName": "NormalBoard1_5",
    "Info": "充气垫12/18",
    "PreRelyId": 0,
    "RelyId": 22,
    "HideBoardId": 0,
    "WithId": 0,
    "Floor": 1,
    "Stage": 1,
    "Progress": 0,
    "Sailing": 1,
    "Sink": 1,
    "NavMapIndex": "4,2",
    "MapType": 1,
    "MapFloor": 1,
    "ComType": 1
  },
  {
    "Id": 13,
    "Type": 1,
    "ComponentId": 801,
    "ResName": "NormalBoard1_14",
    "Info": "充气垫13/18",
    "PreRelyId": 0,
    "RelyId": 14,
    "HideBoardId": 0,
    "WithId": 0,
    "Floor": 1,
    "Stage": 1,
    "Progress": 0,
    "Sailing": 1,
    "Sink": 1,
    "NavMapIndex": "5,1",
    "MapType": 1,
    "MapFloor": 1,
    "ComType": 1
  },
  {
    "Id": 14,
    "Type": 1,
    "ComponentId": 801,
    "ResName": "NormalBoard1_13",
    "Info": "充气垫14/18",
    "PreRelyId": 0,
    "RelyId": 15,
    "HideBoardId": 0,
    "WithId": 0,
    "Floor": 1,
    "Stage": 1,
    "Progress": 0,
    "Sailing": 1,
    "Sink": 1,
    "NavMapIndex": "0,1",
    "MapType": 1,
    "MapFloor": 1,
    "ComType": 1
  },
  {
    "Id": 15,
    "Type": 1,
    "ComponentId": 801,
    "ResName": "NormalBoard1_15",
    "Info": "充气垫15/18",
    "PreRelyId": 0,
    "RelyId": "16,24",
    "HideBoardId": 0,
    "WithId": 0,
    "Floor": 1,
    "Stage": 1,
    "Progress": 0,
    "Sailing": 1,
    "Sink": 1,
    "NavMapIndex": "0,2",
    "MapType": 1,
    "MapFloor": 1,
    "ComType": 1
  },
  {
    "Id": 16,
    "Type": 1,
    "ComponentId": 801,
    "ResName": "NormalBoard1_16",
    "Info": "充气垫16/18",
    "PreRelyId": 24,
    "RelyId": "17,29",
    "HideBoardId": 0,
    "WithId": 0,
    "Floor": 1,
    "Stage": 1,
    "Progress": 0,
    "Sailing": 1,
    "Sink": 1,
    "NavMapIndex": "5,2",
    "MapType": 1,
    "MapFloor": 1,
    "ComType": 1
  },
  {
    "Id": 17,
    "Type": 1,
    "ComponentId": 801,
    "ResName": "NormalBoard1_17",
    "Info": "充气垫17/18",
    "PreRelyId": 29,
    "RelyId": "18,25",
    "HideBoardId": 0,
    "WithId": 0,
    "Floor": 1,
    "Stage": 1,
    "Progress": 0,
    "Sailing": 1,
    "Sink": 1,
    "NavMapIndex": "0,0",
    "MapType": 1,
    "MapFloor": 1,
    "ComType": 1
  },
  {
    "Id": 18,
    "Type": 1,
    "ComponentId": 801,
    "ResName": "NormalBoard1_18",
    "Info": "充气垫18/18",
    "PreRelyId": 25,
    "RelyId": "19,26,27,28,30",
    "HideBoardId": 0,
    "WithId": 0,
    "Floor": 1,
    "Stage": 1,
    "Progress": 0,
    "Sailing": 1,
    "Sink": 1,
    "NavMapIndex": "5,0",
    "MapType": 1,
    "MapFloor": 1,
    "ComType": 1
  },
  {
    "Id": 19,
    "Type": 1,
    "ComponentId": 802,
    "ResName": "Ladder1_1",
    "Info": "下水楼梯",
    "PreRelyId": 0,
    "RelyId": 32,
    "HideBoardId": 0,
    "WithId": 0,
    "Floor": 1,
    "Stage": 1,
    "Progress": 2,
    "Sailing": 1,
    "Sink": 1,
    "NavMapIndex": "2,1",
    "MapType": 1,
    "MapFloor": 1,
    "ComType": 5
  },
  {
    "Id": 20,
    "Type": 1,
    "ComponentId": 803,
    "ResName": "Berry1_1",
    "Info": "白珍珠1",
    "PreRelyId": 0,
    "RelyId": 0,
    "HideBoardId": 0,
    "WithId": 0,
    "Floor": 1,
    "Stage": 1,
    "Progress": 2,
    "Sailing": 1,
    "Sink": 1,
    "NavMapIndex": "2,2",
    "MapType": 0,
    "MapFloor": 1,
    "ComType": 2
  },
  {
    "Id": 21,
    "Type": 1,
    "ComponentId": 804,
    "ResName": "Berry1_2",
    "Info": "白珍珠2",
    "PreRelyId": 0,
    "RelyId": 0,
    "HideBoardId": 0,
    "WithId": 0,
    "Floor": 1,
    "Stage": 1,
    "Progress": 2,
    "Sailing": 1,
    "Sink": 1,
    "NavMapIndex": "2,0",
    "MapType": 0,
    "MapFloor": 1,
    "ComType": 2
  },
  {
    "Id": 22,
    "Type": 1,
    "ComponentId": 805,
    "ResName": "Box1_1",
    "Info": "海星1",
    "PreRelyId": 0,
    "RelyId": 13,
    "HideBoardId": 0,
    "WithId": 0,
    "Floor": 1,
    "Stage": 1,
    "Progress": 2,
    "Sailing": 1,
    "Sink": 1,
    "NavMapIndex": "4,2",
    "MapType": 0,
    "MapFloor": 1,
    "ComType": 2
  },
  {
    "Id": 23,
    "Type": 1,
    "ComponentId": 806,
    "ResName": "Box1_2",
    "Info": "海星2",
    "PreRelyId": 0,
    "RelyId": 12,
    "HideBoardId": 0,
    "WithId": 0,
    "Floor": 1,
    "Stage": 1,
    "Progress": 2,
    "Sailing": 1,
    "Sink": 1,
    "NavMapIndex": "4,0",
    "MapType": 0,
    "MapFloor": 1,
    "ComType": 2
  },
  {
    "Id": 24,
    "Type": 1,
    "ComponentId": 807,
    "ResName": "IceMining1_1",
    "Info": "室外淋浴器",
    "PreRelyId": 0,
    "RelyId": 0,
    "HideBoardId": 0,
    "WithId": 0,
    "Floor": 1,
    "Stage": 1,
    "Progress": 2,
    "Sailing": 1,
    "Sink": 1,
    "NavMapIndex": "0,2",
    "MapType": 0,
    "MapFloor": 1,
    "ComType": 2
  },
  {
    "Id": 25,
    "Type": 1,
    "ComponentId": 808,
    "ResName": "Bucket1_1",
    "Info": "救生衣柜",
    "PreRelyId": 0,
    "RelyId": 0,
    "HideBoardId": 0,
    "WithId": 0,
    "Floor": 1,
    "Stage": 1,
    "Progress": 2,
    "Sailing": 1,
    "Sink": 1,
    "NavMapIndex": "0,0",
    "MapType": 0,
    "MapFloor": 1,
    "ComType": 2
  },
  {
    "Id": 26,
    "Type": 1,
    "ComponentId": 809,
    "ResName": "Wall1_2",
    "Info": "长气垫墙",
    "PreRelyId": 0,
    "RelyId": 0,
    "HideBoardId": 0,
    "WithId": 0,
    "Floor": 1,
    "Stage": 1,
    "Progress": 2,
    "Sailing": 1,
    "Sink": 1,
    "NavMapIndex": "0,0|1,0|2,0|3,0|4,0|5,0",
    "MapType": 1,
    "MapFloor": 1,
    "ComType": 9
  },
  {
    "Id": 27,
    "Type": 1,
    "ComponentId": 810,
    "ResName": "Wall1_1",
    "Info": "短气垫墙",
    "PreRelyId": 0,
    "RelyId": 0,
    "HideBoardId": 0,
    "WithId": 0,
    "Floor": 1,
    "Stage": 1,
    "Progress": 2,
    "Sailing": 1,
    "Sink": 1,
    "NavMapIndex": "5,0|5,1|5,2",
    "MapType": 1,
    "MapFloor": 1,
    "ComType": 9
  },
  {
    "Id": 28,
    "Type": 1,
    "ComponentId": 811,
    "ResName": "Wall1_3",
    "Info": "短气垫墙",
    "PreRelyId": 0,
    "RelyId": 0,
    "HideBoardId": 0,
    "WithId": 0,
    "Floor": 1,
    "Stage": 1,
    "Progress": 2,
    "Sailing": 1,
    "Sink": 1,
    "NavMapIndex": "0,0|0,1|0,2",
    "MapType": 1,
    "MapFloor": 1,
    "ComType": 9
  },
  {
    "Id": 29,
    "Type": 1,
    "ComponentId": 812,
    "ResName": "Lv1Stove1_1",
    "Info": "初级鲨鱼玩具",
    "PreRelyId": 0,
    "RelyId": 31,
    "HideBoardId": 0,
    "WithId": 0,
    "Floor": 1,
    "Stage": 1,
    "Progress": 2,
    "Sailing": 1,
    "Sink": 1,
    "NavMapIndex": "5,1",
    "MapType": 0,
    "MapFloor": 1,
    "ComType": 2
  },
  {
    "Id": 30,
    "Type": 1,
    "ComponentId": 813,
    "ResName": "Lv2Stove1_1",
    "Info": "中级鲨鱼玩具",
    "PreRelyId": 0,
    "RelyId": 0,
    "HideBoardId": 29,
    "WithId": 0,
    "Floor": 1,
    "Stage": 1,
    "Progress": 2,
    "Sailing": 1,
    "Sink": 1,
    "NavMapIndex": "5,1",
    "MapType": 0,
    "MapFloor": 1,
    "ComType": 2
  },
  {
    "Id": 31,
    "Type": 1,
    "ComponentId": 814,
    "ResName": "Wall1_4",
    "Info": "长气垫墙",
    "PreRelyId": 0,
    "RelyId": 0,
    "HideBoardId": 0,
    "WithId": 0,
    "Floor": 1,
    "Stage": 1,
    "Progress": 2,
    "Sailing": 1,
    "Sink": 1,
    "NavMapIndex": "0,2|1,2|2,2|3,2|4,2|5,2",
    "MapType": 1,
    "MapFloor": 1,
    "ComType": 9
  },
  {
    "Id": 32,
    "Type": 1,
    "ComponentId": 801,
    "ResName": "NormalBoard2_1",
    "Info": "充气垫19/50",
    "PreRelyId": 0,
    "RelyId": 33,
    "HideBoardId": 0,
    "WithId": 0,
    "Floor": 2,
    "Stage": 1,
    "Progress": 0,
    "Sailing": 1,
    "Sink": 1,
    "NavMapIndex": "4,2",
    "MapType": 1,
    "MapFloor": 2,
    "ComType": 1
  },
  {
    "Id": 33,
    "Type": 1,
    "ComponentId": 801,
    "ResName": "NormalBoard2_3",
    "Info": "充气垫20/50",
    "PreRelyId": 0,
    "RelyId": "34,65",
    "HideBoardId": 0,
    "WithId": 0,
    "Floor": 2,
    "Stage": 1,
    "Progress": 0,
    "Sailing": 1,
    "Sink": 1,
    "NavMapIndex": "4,3",
    "MapType": 1,
    "MapFloor": 2,
    "ComType": 1
  },
  {
    "Id": 34,
    "Type": 1,
    "ComponentId": 801,
    "ResName": "NormalBoard2_2",
    "Info": "充气垫21/50",
    "PreRelyId": 0,
    "RelyId": "35,66",
    "HideBoardId": 0,
    "WithId": 0,
    "Floor": 2,
    "Stage": 1,
    "Progress": 0,
    "Sailing": 1,
    "Sink": 1,
    "NavMapIndex": "4,1",
    "MapType": 1,
    "MapFloor": 2,
    "ComType": 1
  },
  {
    "Id": 35,
    "Type": 1,
    "ComponentId": 801,
    "ResName": "NormalBoard2_4",
    "Info": "充气垫22/50",
    "PreRelyId": 66,
    "RelyId": 36,
    "HideBoardId": 0,
    "WithId": 0,
    "Floor": 2,
    "Stage": 1,
    "Progress": 0,
    "Sailing": 1,
    "Sink": 1,
    "NavMapIndex": "5,2",
    "MapType": 1,
    "MapFloor": 2,
    "ComType": 1
  },
  {
    "Id": 36,
    "Type": 1,
    "ComponentId": 801,
    "ResName": "NormalBoard2_5",
    "Info": "充气垫23/50",
    "PreRelyId": 0,
    "RelyId": "37,67",
    "HideBoardId": 0,
    "WithId": 0,
    "Floor": 2,
    "Stage": 1,
    "Progress": 0,
    "Sailing": 1,
    "Sink": 1,
    "NavMapIndex": "5,3",
    "MapType": 1,
    "MapFloor": 2,
    "ComType": 1
  },
  {
    "Id": 37,
    "Type": 1,
    "ComponentId": 801,
    "ResName": "NormalBoard2_6",
    "Info": "充气垫24/50",
    "PreRelyId": 0,
    "RelyId": 68,
    "HideBoardId": 0,
    "WithId": 0,
    "Floor": 2,
    "Stage": 1,
    "Progress": 0,
    "Sailing": 1,
    "Sink": 1,
    "NavMapIndex": "5,1",
    "MapType": 1,
    "MapFloor": 2,
    "ComType": 1
  },
  {
    "Id": 38,
    "Type": 1,
    "ComponentId": 801,
    "ResName": "NormalBoard2_7",
    "Info": "充气垫25/50",
    "PreRelyId": 67,
    "RelyId": 69,
    "HideBoardId": 0,
    "WithId": 0,
    "Floor": 2,
    "Stage": 1,
    "Progress": 0,
    "Sailing": 1,
    "Sink": 1,
    "NavMapIndex": "3,3",
    "MapType": 1,
    "MapFloor": 2,
    "ComType": 1
  },
  {
    "Id": 39,
    "Type": 1,
    "ComponentId": 801,
    "ResName": "NormalBoard2_8",
    "Info": "充气垫26/50",
    "PreRelyId": 0,
    "RelyId": "40,70",
    "HideBoardId": 0,
    "WithId": 0,
    "Floor": 2,
    "Stage": 1,
    "Progress": 0,
    "Sailing": 1,
    "Sink": 1,
    "NavMapIndex": "3,1",
    "MapType": 1,
    "MapFloor": 2,
    "ComType": 1
  },
  {
    "Id": 40,
    "Type": 1,
    "ComponentId": 801,
    "ResName": "NormalBoard2_9",
    "Info": "充气垫27/50",
    "PreRelyId": 0,
    "RelyId": 41,
    "HideBoardId": 0,
    "WithId": 0,
    "Floor": 2,
    "Stage": 1,
    "Progress": 0,
    "Sailing": 1,
    "Sink": 1,
    "NavMapIndex": "6,2",
    "MapType": 1,
    "MapFloor": 2,
    "ComType": 1
  },
  {
    "Id": 41,
    "Type": 1,
    "ComponentId": 801,
    "ResName": "NormalBoard2_10",
    "Info": "充气垫28/50",
    "PreRelyId": 0,
    "RelyId": 42,
    "HideBoardId": 0,
    "WithId": 0,
    "Floor": 2,
    "Stage": 1,
    "Progress": 0,
    "Sailing": 1,
    "Sink": 1,
    "NavMapIndex": "6,3",
    "MapType": 1,
    "MapFloor": 2,
    "ComType": 1
  },
  {
    "Id": 42,
    "Type": 1,
    "ComponentId": 801,
    "ResName": "NormalBoard2_11",
    "Info": "充气垫29/50",
    "PreRelyId": 0,
    "RelyId": 43,
    "HideBoardId": 0,
    "WithId": 0,
    "Floor": 2,
    "Stage": 1,
    "Progress": 0,
    "Sailing": 1,
    "Sink": 1,
    "NavMapIndex": "6,1",
    "MapType": 1,
    "MapFloor": 2,
    "ComType": 1
  },
  {
    "Id": 43,
    "Type": 1,
    "ComponentId": 801,
    "ResName": "NormalBoard2_12",
    "Info": "充气垫30/50",
    "PreRelyId": 70,
    "RelyId": 44,
    "HideBoardId": 0,
    "WithId": 0,
    "Floor": 2,
    "Stage": 1,
    "Progress": 0,
    "Sailing": 1,
    "Sink": 1,
    "NavMapIndex": "2,2",
    "MapType": 1,
    "MapFloor": 2,
    "ComType": 1
  },
  {
    "Id": 44,
    "Type": 1,
    "ComponentId": 801,
    "ResName": "NormalBoard2_13",
    "Info": "充气垫31/50",
    "PreRelyId": 0,
    "RelyId": "45,71",
    "HideBoardId": 0,
    "WithId": 0,
    "Floor": 2,
    "Stage": 1,
    "Progress": 0,
    "Sailing": 1,
    "Sink": 1,
    "NavMapIndex": "2,3",
    "MapType": 1,
    "MapFloor": 2,
    "ComType": 1
  },
  {
    "Id": 45,
    "Type": 1,
    "ComponentId": 801,
    "ResName": "NormalBoard2_14",
    "Info": "充气垫32/50",
    "PreRelyId": 0,
    "RelyId": "46,72",
    "HideBoardId": 0,
    "WithId": 0,
    "Floor": 2,
    "Stage": 1,
    "Progress": 0,
    "Sailing": 1,
    "Sink": 1,
    "NavMapIndex": "2,1",
    "MapType": 1,
    "MapFloor": 2,
    "ComType": 1
  },
  {
    "Id": 46,
    "Type": 1,
    "ComponentId": 801,
    "ResName": "NormalBoard2_15",
    "Info": "充气垫33/50",
    "PreRelyId": 0,
    "RelyId": 47,
    "HideBoardId": 0,
    "WithId": 0,
    "Floor": 2,
    "Stage": 1,
    "Progress": 0,
    "Sailing": 1,
    "Sink": 1,
    "NavMapIndex": "7,2",
    "MapType": 1,
    "MapFloor": 2,
    "ComType": 1
  },
  {
    "Id": 47,
    "Type": 1,
    "ComponentId": 801,
    "ResName": "NormalBoard2_16",
    "Info": "充气垫34/50",
    "PreRelyId": 72,
    "RelyId": 48,
    "HideBoardId": 0,
    "WithId": 0,
    "Floor": 2,
    "Stage": 1,
    "Progress": 0,
    "Sailing": 1,
    "Sink": 1,
    "NavMapIndex": "7,3",
    "MapType": 1,
    "MapFloor": 2,
    "ComType": 1
  },
  {
    "Id": 48,
    "Type": 1,
    "ComponentId": 801,
    "ResName": "NormalBoard2_17",
    "Info": "充气垫35/50",
    "PreRelyId": 0,
    "RelyId": "49,73",
    "HideBoardId": 0,
    "WithId": 0,
    "Floor": 2,
    "Stage": 1,
    "Progress": 0,
    "Sailing": 1,
    "Sink": 1,
    "NavMapIndex": "7,1",
    "MapType": 1,
    "MapFloor": 2,
    "ComType": 1
  },
  {
    "Id": 49,
    "Type": 1,
    "ComponentId": 801,
    "ResName": "NormalBoard2_18",
    "Info": "充气垫36/50",
    "PreRelyId": 0,
    "RelyId": 50,
    "HideBoardId": 0,
    "WithId": 0,
    "Floor": 2,
    "Stage": 1,
    "Progress": 0,
    "Sailing": 1,
    "Sink": 1,
    "NavMapIndex": "1,2",
    "MapType": 1,
    "MapFloor": 2,
    "ComType": 1
  },
  {
    "Id": 50,
    "Type": 1,
    "ComponentId": 801,
    "ResName": "NormalBoard2_19",
    "Info": "充气垫37/50",
    "PreRelyId": 0,
    "RelyId": 51,
    "HideBoardId": 0,
    "WithId": 0,
    "Floor": 2,
    "Stage": 1,
    "Progress": 0,
    "Sailing": 1,
    "Sink": 1,
    "NavMapIndex": "1,3",
    "MapType": 1,
    "MapFloor": 2,
    "ComType": 1
  },
  {
    "Id": 51,
    "Type": 1,
    "ComponentId": 801,
    "ResName": "NormalBoard2_20",
    "Info": "充气垫38/50",
    "PreRelyId": 73,
    "RelyId": 52,
    "HideBoardId": 0,
    "WithId": 0,
    "Floor": 2,
    "Stage": 1,
    "Progress": 0,
    "Sailing": 1,
    "Sink": 0,
    "NavMapIndex": "1,1",
    "MapType": 1,
    "MapFloor": 2,
    "ComType": 1
  },
  {
    "Id": 52,
    "Type": 1,
    "ComponentId": 801,
    "ResName": "NormalBoard2_21",
    "Info": "充气垫39/50",
    "PreRelyId": 0,
    "RelyId": "53,64",
    "HideBoardId": 0,
    "WithId": 0,
    "Floor": 2,
    "Stage": 1,
    "Progress": 0,
    "Sailing": 1,
    "Sink": 0,
    "NavMapIndex": "8,2",
    "MapType": 1,
    "MapFloor": 2,
    "ComType": 1
  },
  {
    "Id": 53,
    "Type": 1,
    "ComponentId": 801,
    "ResName": "NormalBoard2_22",
    "Info": "充气垫40/50",
    "PreRelyId": 0,
    "RelyId": 75,
    "HideBoardId": 0,
    "WithId": 0,
    "Floor": 2,
    "Stage": 1,
    "Progress": 0,
    "Sailing": 1,
    "Sink": 0,
    "NavMapIndex": "8,3",
    "MapType": 1,
    "MapFloor": 2,
    "ComType": 1
  },
  {
    "Id": 54,
    "Type": 1,
    "ComponentId": 801,
    "ResName": "NormalBoard2_23",
    "Info": "充气垫41/50",
    "PreRelyId": 0,
    "RelyId": 76,
    "HideBoardId": 0,
    "WithId": 0,
    "Floor": 2,
    "Stage": 1,
    "Progress": 0,
    "Sailing": 1,
    "Sink": 0,
    "NavMapIndex": "8,1",
    "MapType": 1,
    "MapFloor": 2,
    "ComType": 1
  },
  {
    "Id": 55,
    "Type": 1,
    "ComponentId": 801,
    "ResName": "NormalBoard2_24",
    "Info": "充气垫42/50",
    "PreRelyId": 64,
    "RelyId": "56,77",
    "HideBoardId": 0,
    "WithId": 0,
    "Floor": 2,
    "Stage": 1,
    "Progress": 0,
    "Sailing": 1,
    "Sink": 0,
    "NavMapIndex": "0,2",
    "MapType": 1,
    "MapFloor": 2,
    "ComType": 1
  },
  {
    "Id": 56,
    "Type": 1,
    "ComponentId": 801,
    "ResName": "NormalBoard2_25",
    "Info": "充气垫43/50",
    "PreRelyId": 0,
    "RelyId": "57,78",
    "HideBoardId": 0,
    "WithId": 0,
    "Floor": 2,
    "Stage": 1,
    "Progress": 0,
    "Sailing": 1,
    "Sink": 0,
    "NavMapIndex": "0,3",
    "MapType": 1,
    "MapFloor": 2,
    "ComType": 1
  },
  {
    "Id": 57,
    "Type": 1,
    "ComponentId": 801,
    "ResName": "NormalBoard2_26",
    "Info": "充气垫44/50",
    "PreRelyId": 0,
    "RelyId": "58,79",
    "HideBoardId": 0,
    "WithId": 0,
    "Floor": 2,
    "Stage": 1,
    "Progress": 0,
    "Sailing": 1,
    "Sink": 0,
    "NavMapIndex": "0,1",
    "MapType": 1,
    "MapFloor": 2,
    "ComType": 1
  },
  {
    "Id": 58,
    "Type": 1,
    "ComponentId": 801,
    "ResName": "NormalBoard2_27",
    "Info": "充气垫45/50",
    "PreRelyId": 0,
    "RelyId": "59,74,80",
    "HideBoardId": 0,
    "WithId": 0,
    "Floor": 2,
    "Stage": 1,
    "Progress": 0,
    "Sailing": 1,
    "Sink": 0,
    "NavMapIndex": "1,4",
    "MapType": 1,
    "MapFloor": 2,
    "ComType": 1
  },
  {
    "Id": 59,
    "Type": 1,
    "ComponentId": 801,
    "ResName": "NormalBoard2_28",
    "Info": "充气垫46/50",
    "PreRelyId": 74,
    "RelyId": "60,81",
    "HideBoardId": 0,
    "WithId": 0,
    "Floor": 2,
    "Stage": 1,
    "Progress": 0,
    "Sailing": 1,
    "Sink": 0,
    "NavMapIndex": "1,0",
    "MapType": 1,
    "MapFloor": 2,
    "ComType": 1
  },
  {
    "Id": 60,
    "Type": 1,
    "ComponentId": 801,
    "ResName": "NormalBoard2_29",
    "Info": "充气垫47/50",
    "PreRelyId": 81,
    "RelyId": 82,
    "HideBoardId": 0,
    "WithId": 0,
    "Floor": 2,
    "Stage": 1,
    "Progress": 0,
    "Sailing": 1,
    "Sink": 0,
    "NavMapIndex": "2,4",
    "MapType": 1,
    "MapFloor": 2,
    "ComType": 1
  },
  {
    "Id": 61,
    "Type": 1,
    "ComponentId": 801,
    "ResName": "NormalBoard2_30",
    "Info": "充气垫48/50",
    "PreRelyId": 0,
    "RelyId": 83,
    "HideBoardId": 0,
    "WithId": 0,
    "Floor": 2,
    "Stage": 1,
    "Progress": 0,
    "Sailing": 1,
    "Sink": 0,
    "NavMapIndex": "2,0",
    "MapType": 1,
    "MapFloor": 2,
    "ComType": 1
  },
  {
    "Id": 62,
    "Type": 1,
    "ComponentId": 801,
    "ResName": "NormalBoard2_31",
    "Info": "充气垫49/50",
    "PreRelyId": 0,
    "RelyId": 63,
    "HideBoardId": 0,
    "WithId": 0,
    "Floor": 2,
    "Stage": 1,
    "Progress": 0,
    "Sailing": 1,
    "Sink": 0,
    "NavMapIndex": "3,4",
    "MapType": 1,
    "MapFloor": 2,
    "ComType": 1
  },
  {
    "Id": 63,
    "Type": 1,
    "ComponentId": 801,
    "ResName": "NormalBoard2_32",
    "Info": "充气垫50/50",
    "PreRelyId": 0,
    "RelyId": 84,
    "HideBoardId": 0,
    "WithId": 0,
    "Floor": 2,
    "Stage": 1,
    "Progress": 0,
    "Sailing": 1,
    "Sink": 0,
    "NavMapIndex": "3,0",
    "MapType": 1,
    "MapFloor": 2,
    "ComType": 1
  },
  {
    "Id": 64,
    "Type": 1,
    "ComponentId": 815,
    "ResName": "Ladder2_1",
    "Info": "下水楼梯",
    "PreRelyId": 0,
    "RelyId": 0,
    "HideBoardId": 0,
    "WithId": 0,
    "Floor": 2,
    "Stage": 1,
    "Progress": 2,
    "Sailing": 1,
    "Sink": 0,
    "NavMapIndex": "2,2",
    "MapType": 1,
    "MapFloor": 2,
    "ComType": 5
  },
  {
    "Id": 65,
    "Type": 1,
    "ComponentId": 816,
    "ResName": "PaddlePosition2_1",
    "Info": "救生圈1",
    "PreRelyId": 0,
    "RelyId": 0,
    "HideBoardId": 0,
    "WithId": 0,
    "Floor": 2,
    "Stage": 1,
    "Progress": 2,
    "Sailing": 1,
    "Sink": 1,
    "NavMapIndex": "4,3",
    "MapType": 1,
    "MapFloor": 2,
    "ComType": 0
  },
  {
    "Id": 66,
    "Type": 1,
    "ComponentId": 817,
    "ResName": "PaddlePosition2_2",
    "Info": "救生圈2",
    "PreRelyId": 0,
    "RelyId": 0,
    "HideBoardId": 0,
    "WithId": 0,
    "Floor": 2,
    "Stage": 1,
    "Progress": 2,
    "Sailing": 1,
    "Sink": 1,
    "NavMapIndex": "4,1",
    "MapType": 1,
    "MapFloor": 2,
    "ComType": 0
  },
  {
    "Id": 67,
    "Type": 1,
    "ComponentId": 818,
    "ResName": "PaddlePosition2_4",
    "Info": "救生圈3",
    "PreRelyId": 0,
    "RelyId": 0,
    "HideBoardId": 0,
    "WithId": 0,
    "Floor": 2,
    "Stage": 1,
    "Progress": 2,
    "Sailing": 1,
    "Sink": 1,
    "NavMapIndex": "5,3",
    "MapType": 1,
    "MapFloor": 2,
    "ComType": 0
  },
  {
    "Id": 68,
    "Type": 1,
    "ComponentId": 819,
    "ResName": "PaddlePosition2_3",
    "Info": "救生圈4",
    "PreRelyId": 0,
    "RelyId": 38,
    "HideBoardId": 0,
    "WithId": 0,
    "Floor": 2,
    "Stage": 1,
    "Progress": 2,
    "Sailing": 1,
    "Sink": 1,
    "NavMapIndex": "5,1",
    "MapType": 1,
    "MapFloor": 2,
    "ComType": 0
  },
  {
    "Id": 69,
    "Type": 1,
    "ComponentId": 820,
    "ResName": "PaddlePosition2_5",
    "Info": "救生圈5",
    "PreRelyId": 0,
    "RelyId": 39,
    "HideBoardId": 0,
    "WithId": 0,
    "Floor": 2,
    "Stage": 1,
    "Progress": 2,
    "Sailing": 1,
    "Sink": 1,
    "NavMapIndex": "3,3",
    "MapType": 1,
    "MapFloor": 2,
    "ComType": 0
  },
  {
    "Id": 70,
    "Type": 1,
    "ComponentId": 821,
    "ResName": "PaddlePosition2_6",
    "Info": "救生圈6",
    "PreRelyId": 0,
    "RelyId": 0,
    "HideBoardId": 0,
    "WithId": 0,
    "Floor": 2,
    "Stage": 1,
    "Progress": 2,
    "Sailing": 1,
    "Sink": 1,
    "NavMapIndex": "3,1",
    "MapType": 1,
    "MapFloor": 2,
    "ComType": 0
  },
  {
    "Id": 71,
    "Type": 1,
    "ComponentId": 822,
    "ResName": "PaddlePosition2_7",
    "Info": "救生圈7",
    "PreRelyId": 0,
    "RelyId": 0,
    "HideBoardId": 0,
    "WithId": 0,
    "Floor": 2,
    "Stage": 1,
    "Progress": 2,
    "Sailing": 1,
    "Sink": 1,
    "NavMapIndex": "2,3",
    "MapType": 1,
    "MapFloor": 2,
    "ComType": 0
  },
  {
    "Id": 72,
    "Type": 1,
    "ComponentId": 823,
    "ResName": "PaddlePosition2_8",
    "Info": "救生圈8",
    "PreRelyId": 0,
    "RelyId": 0,
    "HideBoardId": 0,
    "WithId": 0,
    "Floor": 2,
    "Stage": 1,
    "Progress": 2,
    "Sailing": 1,
    "Sink": 1,
    "NavMapIndex": "2,1",
    "MapType": 1,
    "MapFloor": 2,
    "ComType": 0
  },
  {
    "Id": 73,
    "Type": 1,
    "ComponentId": 824,
    "ResName": "Lv1FinlandBath2_1",
    "Info": "小型游泳池",
    "PreRelyId": 0,
    "RelyId": 0,
    "HideBoardId": 0,
    "WithId": 0,
    "Floor": 2,
    "Stage": 1,
    "Progress": 2,
    "Sailing": 1,
    "Sink": 0,
    "NavMapIndex": "6,2|7,2",
    "MapType": 0,
    "MapFloor": 2,
    "ComType": 2
  },
  {
    "Id": 74,
    "Type": 1,
    "ComponentId": 825,
    "ResName": "Lv2FinlandBath2_1",
    "Info": "中性游泳池",
    "PreRelyId": 0,
    "RelyId": 0,
    "HideBoardId": 73,
    "WithId": 0,
    "Floor": 2,
    "Stage": 1,
    "Progress": 2,
    "Sailing": 1,
    "Sink": 0,
    "NavMapIndex": "6,2|7,2",
    "MapType": 0,
    "MapFloor": 2,
    "ComType": 2
  },
  {
    "Id": 75,
    "Type": 1,
    "ComponentId": 826,
    "ResName": "Berry2_1",
    "Info": "白珍珠1",
    "PreRelyId": 0,
    "RelyId": 54,
    "HideBoardId": 0,
    "WithId": 0,
    "Floor": 2,
    "Stage": 1,
    "Progress": 2,
    "Sailing": 1,
    "Sink": 0,
    "NavMapIndex": "8,3",
    "MapType": 0,
    "MapFloor": 2,
    "ComType": 2
  },
  {
    "Id": 76,
    "Type": 1,
    "ComponentId": 827,
    "ResName": "Berry2_2",
    "Info": "白珍珠1",
    "PreRelyId": 0,
    "RelyId": 55,
    "HideBoardId": 0,
    "WithId": 0,
    "Floor": 2,
    "Stage": 1,
    "Progress": 1,
    "Sailing": 1,
    "Sink": 0,
    "NavMapIndex": "8,1",
    "MapType": 0,
    "MapFloor": 2,
    "ComType": 2
  },
  {
    "Id": 77,
    "Type": 1,
    "ComponentId": 828,
    "ResName": "LabrysColumn2_1",
    "Info": "太阳伞",
    "PreRelyId": 0,
    "RelyId": 0,
    "HideBoardId": 0,
    "WithId": 0,
    "Floor": 2,
    "Stage": 1,
    "Progress": 1,
    "Sailing": 1,
    "Sink": 0,
    "NavMapIndex": "0,2",
    "MapType": 0,
    "MapFloor": 2,
    "ComType": 0
  },
  {
    "Id": 78,
    "Type": 1,
    "ComponentId": 829,
    "ResName": "DeerHorn2_1",
    "Info": "救生观望台1",
    "PreRelyId": 0,
    "RelyId": 0,
    "HideBoardId": 0,
    "WithId": 0,
    "Floor": 2,
    "Stage": 1,
    "Progress": 1,
    "Sailing": 1,
    "Sink": 0,
    "NavMapIndex": "0,3",
    "MapType": 0,
    "MapFloor": 2,
    "ComType": 0
  },
  {
    "Id": 79,
    "Type": 1,
    "ComponentId": 830,
    "ResName": "DeerHorn2_2",
    "Info": "救生观望台2",
    "PreRelyId": 0,
    "RelyId": 0,
    "HideBoardId": 0,
    "WithId": 0,
    "Floor": 2,
    "Stage": 1,
    "Progress": 1,
    "Sailing": 1,
    "Sink": 0,
    "NavMapIndex": "0,1",
    "MapType": 0,
    "MapFloor": 2,
    "ComType": 0
  },
  {
    "Id": 80,
    "Type": 1,
    "ComponentId": 831,
    "ResName": "Catapult2_1",
    "Info": "餐具桌",
    "PreRelyId": 0,
    "RelyId": 0,
    "HideBoardId": 0,
    "WithId": 0,
    "Floor": 2,
    "Stage": 1,
    "Progress": 1,
    "Sailing": 1,
    "Sink": 0,
    "NavMapIndex": "1,4",
    "MapType": 0,
    "MapFloor": 2,
    "ComType": 0
  },
  {
    "Id": 81,
    "Type": 1,
    "ComponentId": 832,
    "ResName": "ArmorRack2_1",
    "Info": "大皮球",
    "PreRelyId": 0,
    "RelyId": 0,
    "HideBoardId": 0,
    "WithId": 0,
    "Floor": 2,
    "Stage": 1,
    "Progress": 1,
    "Sailing": 1,
    "Sink": 0,
    "NavMapIndex": "1,0",
    "MapType": 0,
    "MapFloor": 2,
    "ComType": 2
  },
  {
    "Id": 82,
    "Type": 1,
    "ComponentId": 833,
    "ResName": "LongPaddleRight2_1",
    "Info": "滑滑梯桨1",
    "PreRelyId": 0,
    "RelyId": 61,
    "HideBoardId": 0,
    "WithId": 0,
    "Floor": 2,
    "Stage": 1,
    "Progress": 1,
    "Sailing": 1,
    "Sink": 0,
    "NavMapIndex": "2,4",
    "MapType": 1,
    "MapFloor": 2,
    "ComType": 8
  },
  {
    "Id": 83,
    "Type": 1,
    "ComponentId": 834,
    "ResName": "LongPaddleLeft2_1",
    "Info": "滑滑梯桨2",
    "PreRelyId": 0,
    "RelyId": 62,
    "HideBoardId": 0,
    "WithId": 0,
    "Floor": 2,
    "Stage": 1,
    "Progress": 1,
    "Sailing": 1,
    "Sink": 0,
    "NavMapIndex": "2,0",
    "MapType": 1,
    "MapFloor": 2,
    "ComType": 7
  },
  {
    "Id": 84,
    "Type": 1,
    "ComponentId": 801,
    "ResName": "NormalBoard2_33",
    "Info": "充气垫51/59",
    "PreRelyId": 0,
    "RelyId": "85,92,93,94",
    "HideBoardId": 0,
    "WithId": 0,
    "Floor": 2,
    "Stage": 2,
    "Progress": 0,
    "Sailing": 1,
    "Sink": 0,
    "NavMapIndex": "4,4",
    "MapType": 1,
    "MapFloor": 2,
    "ComType": 1
  },
  {
    "Id": 85,
    "Type": 1,
    "ComponentId": 801,
    "ResName": "NormalBoard2_34",
    "Info": "充气垫52/59",
    "PreRelyId": 0,
    "RelyId": 95,
    "HideBoardId": 0,
    "WithId": 0,
    "Floor": 2,
    "Stage": 2,
    "Progress": 0,
    "Sailing": 1,
    "Sink": 0,
    "NavMapIndex": "4,0",
    "MapType": 1,
    "MapFloor": 2,
    "ComType": 1
  },
  {
    "Id": 86,
    "Type": 1,
    "ComponentId": 801,
    "ResName": "NormalBoard2_35",
    "Info": "充气垫53/59",
    "PreRelyId": 0,
    "RelyId": 96,
    "HideBoardId": 0,
    "WithId": 0,
    "Floor": 2,
    "Stage": 2,
    "Progress": 0,
    "Sailing": 1,
    "Sink": 0,
    "NavMapIndex": "5,4",
    "MapType": 1,
    "MapFloor": 2,
    "ComType": 1
  },
  {
    "Id": 87,
    "Type": 1,
    "ComponentId": 801,
    "ResName": "NormalBoard2_36",
    "Info": "充气垫54/59",
    "PreRelyId": 0,
    "RelyId": "88,97",
    "HideBoardId": 0,
    "WithId": 0,
    "Floor": 2,
    "Stage": 2,
    "Progress": 0,
    "Sailing": 1,
    "Sink": 0,
    "NavMapIndex": "5,0",
    "MapType": 1,
    "MapFloor": 2,
    "ComType": 1
  },
  {
    "Id": 88,
    "Type": 1,
    "ComponentId": 801,
    "ResName": "NormalBoard2_37",
    "Info": "充气垫55/59",
    "PreRelyId": 0,
    "RelyId": 89,
    "HideBoardId": 0,
    "WithId": 0,
    "Floor": 2,
    "Stage": 2,
    "Progress": 0,
    "Sailing": 1,
    "Sink": 0,
    "NavMapIndex": "6,4",
    "MapType": 1,
    "MapFloor": 2,
    "ComType": 1
  },
  {
    "Id": 89,
    "Type": 1,
    "ComponentId": 801,
    "ResName": "NormalBoard2_38",
    "Info": "充气垫56/59",
    "PreRelyId": 97,
    "RelyId": 90,
    "HideBoardId": 0,
    "WithId": 0,
    "Floor": 2,
    "Stage": 2,
    "Progress": 0,
    "Sailing": 1,
    "Sink": 0,
    "NavMapIndex": "6,0",
    "MapType": 1,
    "MapFloor": 2,
    "ComType": 1
  },
  {
    "Id": 90,
    "Type": 1,
    "ComponentId": 801,
    "ResName": "NormalBoard2_39",
    "Info": "充气垫57/59",
    "PreRelyId": 0,
    "RelyId": "91,99,98",
    "HideBoardId": 0,
    "WithId": 0,
    "Floor": 2,
    "Stage": 2,
    "Progress": 0,
    "Sailing": 1,
    "Sink": 0,
    "NavMapIndex": "7,4",
    "MapType": 1,
    "MapFloor": 2,
    "ComType": 1
  },
  {
    "Id": 91,
    "Type": 1,
    "ComponentId": 801,
    "ResName": "NormalBoard2_40",
    "Info": "充气垫58/59",
    "PreRelyId": 0,
    "RelyId": "100,101",
    "HideBoardId": 0,
    "WithId": 0,
    "Floor": 2,
    "Stage": 2,
    "Progress": 0,
    "Sailing": 1,
    "Sink": 0,
    "NavMapIndex": "7,0",
    "MapType": 1,
    "MapFloor": 2,
    "ComType": 1
  },
  {
    "Id": 92,
    "Type": 1,
    "ComponentId": 835,
    "ResName": "LongPaddleRight2_2",
    "Info": "滑滑梯桨3",
    "PreRelyId": 0,
    "RelyId": 0,
    "HideBoardId": 0,
    "WithId": 0,
    "Floor": 2,
    "Stage": 2,
    "Progress": 1,
    "Sailing": 1,
    "Sink": 0,
    "NavMapIndex": "3,4",
    "MapType": 1,
    "MapFloor": 2,
    "ComType": 8
  },
  {
    "Id": 93,
    "Type": 1,
    "ComponentId": 836,
    "ResName": "LongPaddleLeft2_2",
    "Info": "滑滑梯桨4",
    "PreRelyId": 0,
    "RelyId": 0,
    "HideBoardId": 0,
    "WithId": 0,
    "Floor": 2,
    "Stage": 2,
    "Progress": 1,
    "Sailing": 1,
    "Sink": 0,
    "NavMapIndex": "3,0",
    "MapType": 1,
    "MapFloor": 2,
    "ComType": 7
  },
  {
    "Id": 94,
    "Type": 1,
    "ComponentId": 837,
    "ResName": "LongPaddleRight2_3",
    "Info": "滑滑梯桨5",
    "PreRelyId": 0,
    "RelyId": 0,
    "HideBoardId": 0,
    "WithId": 0,
    "Floor": 2,
    "Stage": 2,
    "Progress": 1,
    "Sailing": 1,
    "Sink": 0,
    "NavMapIndex": "4,4",
    "MapType": 1,
    "MapFloor": 2,
    "ComType": 8
  },
  {
    "Id": 95,
    "Type": 1,
    "ComponentId": 838,
    "ResName": "LongPaddleLeft2_3",
    "Info": "滑滑梯桨6",
    "PreRelyId": 0,
    "RelyId": 86,
    "HideBoardId": 0,
    "WithId": 0,
    "Floor": 2,
    "Stage": 2,
    "Progress": 1,
    "Sailing": 1,
    "Sink": 0,
    "NavMapIndex": "4,0",
    "MapType": 1,
    "MapFloor": 2,
    "ComType": 7
  },
  {
    "Id": 96,
    "Type": 1,
    "ComponentId": 839,
    "ResName": "LongPaddleRight2_4",
    "Info": "滑滑梯桨7",
    "PreRelyId": 0,
    "RelyId": 87,
    "HideBoardId": 0,
    "WithId": 0,
    "Floor": 2,
    "Stage": 2,
    "Progress": 1,
    "Sailing": 1,
    "Sink": 0,
    "NavMapIndex": "5,4",
    "MapType": 1,
    "MapFloor": 2,
    "ComType": 8
  },
  {
    "Id": 97,
    "Type": 1,
    "ComponentId": 840,
    "ResName": "LongPaddleLeft2_4",
    "Info": "滑滑梯桨8",
    "PreRelyId": 0,
    "RelyId": 0,
    "HideBoardId": 0,
    "WithId": 0,
    "Floor": 2,
    "Stage": 2,
    "Progress": 1,
    "Sailing": 1,
    "Sink": 0,
    "NavMapIndex": "5,0",
    "MapType": 1,
    "MapFloor": 2,
    "ComType": 7
  },
  {
    "Id": 98,
    "Type": 1,
    "ComponentId": 841,
    "ResName": "NormalColumn2_1",
    "Info": "充气柱1",
    "PreRelyId": 0,
    "RelyId": 0,
    "HideBoardId": 0,
    "WithId": 0,
    "Floor": 2,
    "Stage": 2,
    "Progress": 1,
    "Sailing": 1,
    "Sink": 0,
    "NavMapIndex": "7,4",
    "MapType": 0,
    "MapFloor": 2,
    "ComType": 0
  },
  {
    "Id": 99,
    "Type": 1,
    "ComponentId": 842,
    "ResName": "Lv3FinlandBath2_1",
    "Info": "高级游泳池",
    "PreRelyId": 0,
    "RelyId": 0,
    "HideBoardId": 74,
    "WithId": 0,
    "Floor": 2,
    "Stage": 2,
    "Progress": 1,
    "Sailing": 1,
    "Sink": 0,
    "NavMapIndex": "6,2|7,2",
    "MapType": 0,
    "MapFloor": 2,
    "ComType": 2
  },
  {
    "Id": 100,
    "Type": 1,
    "ComponentId": 843,
    "ResName": "NormalColumn2_2",
    "Info": "充气柱1",
    "PreRelyId": 0,
    "RelyId": 0,
    "HideBoardId": 0,
    "WithId": 0,
    "Floor": 2,
    "Stage": 2,
    "Progress": 1,
    "Sailing": 1,
    "Sink": 0,
    "NavMapIndex": "7,0",
    "MapType": 0,
    "MapFloor": 2,
    "ComType": 0
  },
  {
    "Id": 101,
    "Type": 1,
    "ComponentId": 801,
    "ResName": "NormalBoard3_7",
    "Info": "充气垫60/90",
    "PreRelyId": 0,
    "RelyId": 102,
    "HideBoardId": 0,
    "WithId": 0,
    "Floor": 3,
    "Stage": 2,
    "Progress": 0,
    "Sailing": 1,
    "Sink": 0,
    "NavMapIndex": "5,3",
    "MapType": 1,
    "MapFloor": 3,
    "ComType": 1
  },
  {
    "Id": 102,
    "Type": 1,
    "ComponentId": 801,
    "ResName": "NormalBoard3_1",
    "Info": "充气垫61/90",
    "PreRelyId": 0,
    "RelyId": 103,
    "HideBoardId": 0,
    "WithId": 0,
    "Floor": 3,
    "Stage": 2,
    "Progress": 0,
    "Sailing": 1,
    "Sink": 0,
    "NavMapIndex": "6,3",
    "MapType": 1,
    "MapFloor": 3,
    "ComType": 1
  },
  {
    "Id": 103,
    "Type": 1,
    "ComponentId": 801,
    "ResName": "NormalBoard3_2",
    "Info": "充气垫62/90",
    "PreRelyId": 0,
    "RelyId": "104,132",
    "HideBoardId": 0,
    "WithId": 0,
    "Floor": 3,
    "Stage": 2,
    "Progress": 0,
    "Sailing": 1,
    "Sink": 0,
    "NavMapIndex": "6,4",
    "MapType": 1,
    "MapFloor": 3,
    "ComType": 1
  },
  {
    "Id": 104,
    "Type": 1,
    "ComponentId": 801,
    "ResName": "NormalBoard3_3",
    "Info": "充气垫63/90",
    "PreRelyId": 0,
    "RelyId": 105,
    "HideBoardId": 0,
    "WithId": 0,
    "Floor": 3,
    "Stage": 2,
    "Progress": 0,
    "Sailing": 1,
    "Sink": 0,
    "NavMapIndex": "6,2",
    "MapType": 1,
    "MapFloor": 3,
    "ComType": 1
  },
  {
    "Id": 105,
    "Type": 1,
    "ComponentId": 801,
    "ResName": "NormalBoard3_4",
    "Info": "充气垫64/90",
    "PreRelyId": 0,
    "RelyId": 106,
    "HideBoardId": 0,
    "WithId": 0,
    "Floor": 3,
    "Stage": 2,
    "Progress": 0,
    "Sailing": 1,
    "Sink": 0,
    "NavMapIndex": "7,3",
    "MapType": 1,
    "MapFloor": 3,
    "ComType": 1
  },
  {
    "Id": 106,
    "Type": 1,
    "ComponentId": 801,
    "ResName": "NormalBoard3_5",
    "Info": "充气垫65/90",
    "PreRelyId": 132,
    "RelyId": 107,
    "HideBoardId": 0,
    "WithId": 0,
    "Floor": 3,
    "Stage": 2,
    "Progress": 0,
    "Sailing": 1,
    "Sink": 0,
    "NavMapIndex": "7,4",
    "MapType": 1,
    "MapFloor": 3,
    "ComType": 1
  },
  {
    "Id": 107,
    "Type": 1,
    "ComponentId": 801,
    "ResName": "NormalBoard3_6",
    "Info": "充气垫66/90",
    "PreRelyId": 0,
    "RelyId": "108,135",
    "HideBoardId": 0,
    "WithId": 0,
    "Floor": 3,
    "Stage": 2,
    "Progress": 0,
    "Sailing": 1,
    "Sink": 0,
    "NavMapIndex": "7,2",
    "MapType": 1,
    "MapFloor": 3,
    "ComType": 1
  },
  {
    "Id": 108,
    "Type": 1,
    "ComponentId": 801,
    "ResName": "NormalBoard3_8",
    "Info": "充气垫67/90",
    "PreRelyId": 0,
    "RelyId": 109,
    "HideBoardId": 0,
    "WithId": 0,
    "Floor": 3,
    "Stage": 2,
    "Progress": 0,
    "Sailing": 1,
    "Sink": 0,
    "NavMapIndex": "5,4",
    "MapType": 1,
    "MapFloor": 3,
    "ComType": 1
  },
  {
    "Id": 109,
    "Type": 1,
    "ComponentId": 801,
    "ResName": "NormalBoard3_9",
    "Info": "充气垫68/90",
    "PreRelyId": 0,
    "RelyId": "110,133",
    "HideBoardId": 0,
    "WithId": 0,
    "Floor": 3,
    "Stage": 2,
    "Progress": 0,
    "Sailing": 1,
    "Sink": 0,
    "NavMapIndex": "5,2",
    "MapType": 1,
    "MapFloor": 3,
    "ComType": 1
  },
  {
    "Id": 110,
    "Type": 1,
    "ComponentId": 801,
    "ResName": "NormalBoard3_10",
    "Info": "充气垫69/90",
    "PreRelyId": 0,
    "RelyId": "111,138",
    "HideBoardId": 0,
    "WithId": 0,
    "Floor": 3,
    "Stage": 2,
    "Progress": 0,
    "Sailing": 1,
    "Sink": 0,
    "NavMapIndex": "8,3",
    "MapType": 1,
    "MapFloor": 3,
    "ComType": 1
  },
  {
    "Id": 111,
    "Type": 1,
    "ComponentId": 801,
    "ResName": "NormalBoard3_11",
    "Info": "充气垫70/90",
    "PreRelyId": 133,
    "RelyId": 112,
    "HideBoardId": 0,
    "WithId": 0,
    "Floor": 3,
    "Stage": 2,
    "Progress": 0,
    "Sailing": 1,
    "Sink": 0,
    "NavMapIndex": "8,4",
    "MapType": 1,
    "MapFloor": 3,
    "ComType": 1
  },
  {
    "Id": 112,
    "Type": 1,
    "ComponentId": 801,
    "ResName": "NormalBoard3_12",
    "Info": "充气垫71/90",
    "PreRelyId": 135,
    "RelyId": 113,
    "HideBoardId": 0,
    "WithId": 0,
    "Floor": 3,
    "Stage": 2,
    "Progress": 0,
    "Sailing": 1,
    "Sink": 0,
    "NavMapIndex": "8,2",
    "MapType": 1,
    "MapFloor": 3,
    "ComType": 1
  },
  {
    "Id": 113,
    "Type": 1,
    "ComponentId": 801,
    "ResName": "NormalBoard3_13",
    "Info": "充气垫72/90",
    "PreRelyId": 138,
    "RelyId": 114,
    "HideBoardId": 0,
    "WithId": 0,
    "Floor": 3,
    "Stage": 2,
    "Progress": 0,
    "Sailing": 1,
    "Sink": 0,
    "NavMapIndex": "4,4",
    "MapType": 1,
    "MapFloor": 3,
    "ComType": 1
  },
  {
    "Id": 114,
    "Type": 1,
    "ComponentId": 801,
    "ResName": "NormalBoard3_14",
    "Info": "充气垫73/90",
    "PreRelyId": 0,
    "RelyId": "115,136",
    "HideBoardId": 0,
    "WithId": 0,
    "Floor": 3,
    "Stage": 2,
    "Progress": 0,
    "Sailing": 1,
    "Sink": 0,
    "NavMapIndex": "4,2",
    "MapType": 1,
    "MapFloor": 3,
    "ComType": 1
  },
  {
    "Id": 115,
    "Type": 1,
    "ComponentId": 801,
    "ResName": "NormalBoard3_15",
    "Info": "充气垫74/90",
    "PreRelyId": 0,
    "RelyId": "116,134",
    "HideBoardId": 0,
    "WithId": 0,
    "Floor": 3,
    "Stage": 2,
    "Progress": 0,
    "Sailing": 1,
    "Sink": 0,
    "NavMapIndex": "9,4",
    "MapType": 1,
    "MapFloor": 3,
    "ComType": 1
  },
  {
    "Id": 116,
    "Type": 1,
    "ComponentId": 801,
    "ResName": "NormalBoard3_16",
    "Info": "充气垫75/90",
    "PreRelyId": 0,
    "RelyId": 117,
    "HideBoardId": 0,
    "WithId": 0,
    "Floor": 3,
    "Stage": 2,
    "Progress": 0,
    "Sailing": 1,
    "Sink": 0,
    "NavMapIndex": "9,2",
    "MapType": 1,
    "MapFloor": 3,
    "ComType": 1
  },
  {
    "Id": 117,
    "Type": 1,
    "ComponentId": 801,
    "ResName": "NormalBoard3_17",
    "Info": "充气垫76/90",
    "PreRelyId": 136,
    "RelyId": 118,
    "HideBoardId": 0,
    "WithId": 0,
    "Floor": 3,
    "Stage": 2,
    "Progress": 0,
    "Sailing": 1,
    "Sink": 0,
    "NavMapIndex": "3,3",
    "MapType": 1,
    "MapFloor": 3,
    "ComType": 1
  },
  {
    "Id": 118,
    "Type": 1,
    "ComponentId": 801,
    "ResName": "NormalBoard3_18",
    "Info": "充气垫77/90",
    "PreRelyId": 0,
    "RelyId": "140,139",
    "HideBoardId": 0,
    "WithId": 0,
    "Floor": 3,
    "Stage": 2,
    "Progress": 0,
    "Sailing": 1,
    "Sink": 0,
    "NavMapIndex": "3,4",
    "MapType": 1,
    "MapFloor": 3,
    "ComType": 1
  },
  {
    "Id": 119,
    "Type": 1,
    "ComponentId": 801,
    "ResName": "NormalBoard3_19",
    "Info": "充气垫78/90",
    "PreRelyId": 140,
    "RelyId": 120,
    "HideBoardId": 0,
    "WithId": 0,
    "Floor": 3,
    "Stage": 2,
    "Progress": 0,
    "Sailing": 1,
    "Sink": 0,
    "NavMapIndex": "3,2",
    "MapType": 1,
    "MapFloor": 3,
    "ComType": 1
  },
  {
    "Id": 120,
    "Type": 1,
    "ComponentId": 801,
    "ResName": "NormalBoard3_20",
    "Info": "充气垫79/90",
    "PreRelyId": 0,
    "RelyId": "121,141",
    "HideBoardId": 0,
    "WithId": 0,
    "Floor": 3,
    "Stage": 2,
    "Progress": 0,
    "Sailing": 1,
    "Sink": 0,
    "NavMapIndex": "4,5",
    "MapType": 1,
    "MapFloor": 3,
    "ComType": 1
  },
  {
    "Id": 121,
    "Type": 1,
    "ComponentId": 801,
    "ResName": "NormalBoard3_21",
    "Info": "充气垫80/90",
    "PreRelyId": 0,
    "RelyId": "122,137,142",
    "HideBoardId": 0,
    "WithId": 0,
    "Floor": 3,
    "Stage": 2,
    "Progress": 0,
    "Sailing": 1,
    "Sink": 0,
    "NavMapIndex": "4,1",
    "MapType": 1,
    "MapFloor": 3,
    "ComType": 1
  },
  {
    "Id": 122,
    "Type": 1,
    "ComponentId": 801,
    "ResName": "NormalBoard3_22",
    "Info": "充气垫81/90",
    "PreRelyId": 141,
    "RelyId": 123,
    "HideBoardId": 0,
    "WithId": 0,
    "Floor": 3,
    "Stage": 2,
    "Progress": 0,
    "Sailing": 1,
    "Sink": 0,
    "NavMapIndex": "5,5",
    "MapType": 1,
    "MapFloor": 3,
    "ComType": 1
  },
  {
    "Id": 123,
    "Type": 1,
    "ComponentId": 801,
    "ResName": "NormalBoard3_23",
    "Info": "充气垫82/90",
    "PreRelyId": 142,
    "RelyId": 124,
    "HideBoardId": 0,
    "WithId": 0,
    "Floor": 3,
    "Stage": 2,
    "Progress": 0,
    "Sailing": 1,
    "Sink": 0,
    "NavMapIndex": "5,1",
    "MapType": 1,
    "MapFloor": 3,
    "ComType": 1
  },
  {
    "Id": 124,
    "Type": 1,
    "ComponentId": 801,
    "ResName": "NormalBoard3_24",
    "Info": "充气垫83/90",
    "PreRelyId": 0,
    "RelyId": "125,143",
    "HideBoardId": 0,
    "WithId": 0,
    "Floor": 3,
    "Stage": 2,
    "Progress": 0,
    "Sailing": 1,
    "Sink": 0,
    "NavMapIndex": "6,5",
    "MapType": 1,
    "MapFloor": 3,
    "ComType": 1
  },
  {
    "Id": 125,
    "Type": 1,
    "ComponentId": 801,
    "ResName": "NormalBoard3_25",
    "Info": "充气垫84/90",
    "PreRelyId": 0,
    "RelyId": 126,
    "HideBoardId": 0,
    "WithId": 0,
    "Floor": 3,
    "Stage": 2,
    "Progress": 0,
    "Sailing": 1,
    "Sink": 0,
    "NavMapIndex": "6,1",
    "MapType": 1,
    "MapFloor": 3,
    "ComType": 1
  },
  {
    "Id": 126,
    "Type": 1,
    "ComponentId": 801,
    "ResName": "NormalBoard3_26",
    "Info": "充气垫85/90",
    "PreRelyId": 0,
    "RelyId": 127,
    "HideBoardId": 0,
    "WithId": 0,
    "Floor": 3,
    "Stage": 2,
    "Progress": 0,
    "Sailing": 1,
    "Sink": 0,
    "NavMapIndex": "7,5",
    "MapType": 1,
    "MapFloor": 3,
    "ComType": 1
  },
  {
    "Id": 127,
    "Type": 1,
    "ComponentId": 801,
    "ResName": "NormalBoard3_27",
    "Info": "充气垫86/90",
    "PreRelyId": 0,
    "RelyId": 128,
    "HideBoardId": 0,
    "WithId": 0,
    "Floor": 3,
    "Stage": 2,
    "Progress": 0,
    "Sailing": 1,
    "Sink": 0,
    "NavMapIndex": "7,1",
    "MapType": 1,
    "MapFloor": 3,
    "ComType": 1
  },
  {
    "Id": 128,
    "Type": 1,
    "ComponentId": 801,
    "ResName": "NormalBoard3_28",
    "Info": "充气垫87/90",
    "PreRelyId": 0,
    "RelyId": "129,144",
    "HideBoardId": 0,
    "WithId": 0,
    "Floor": 3,
    "Stage": 2,
    "Progress": 0,
    "Sailing": 1,
    "Sink": 0,
    "NavMapIndex": "8,5",
    "MapType": 1,
    "MapFloor": 3,
    "ComType": 1
  },
  {
    "Id": 129,
    "Type": 1,
    "ComponentId": 801,
    "ResName": "NormalBoard3_29",
    "Info": "充气垫88/90",
    "PreRelyId": 0,
    "RelyId": 130,
    "HideBoardId": 0,
    "WithId": 0,
    "Floor": 3,
    "Stage": 2,
    "Progress": 0,
    "Sailing": 1,
    "Sink": 0,
    "NavMapIndex": "8,1",
    "MapType": 1,
    "MapFloor": 3,
    "ComType": 1
  },
  {
    "Id": 130,
    "Type": 1,
    "ComponentId": 801,
    "ResName": "NormalBoard3_30",
    "Info": "充气垫89/90",
    "PreRelyId": 144,
    "RelyId": 131,
    "HideBoardId": 0,
    "WithId": 0,
    "Floor": 3,
    "Stage": 2,
    "Progress": 0,
    "Sailing": 1,
    "Sink": 0,
    "NavMapIndex": "9,3",
    "MapType": 1,
    "MapFloor": 3,
    "ComType": 1
  },
  {
    "Id": 131,
    "Type": 1,
    "ComponentId": 801,
    "ResName": "NormalBoard3_31",
    "Info": "充气垫90/90",
    "PreRelyId": 0,
    "RelyId": "145,173,176,178",
    "HideBoardId": 0,
    "WithId": 0,
    "Floor": 3,
    "Stage": 2,
    "Progress": 0,
    "Sailing": 1,
    "Sink": 0,
    "NavMapIndex": "10,3",
    "MapType": 1,
    "MapFloor": 3,
    "ComType": 1
  },
  {
    "Id": 132,
    "Type": 1,
    "ComponentId": 844,
    "ResName": "Lv1Table3_1",
    "Info": "初级气垫床",
    "PreRelyId": 0,
    "RelyId": 0,
    "HideBoardId": 0,
    "WithId": 0,
    "Floor": 3,
    "Stage": 2,
    "Progress": 1,
    "Sailing": 1,
    "Sink": 0,
    "NavMapIndex": "6,4",
    "MapType": 0,
    "MapFloor": 3,
    "ComType": 0
  },
  {
    "Id": 133,
    "Type": 1,
    "ComponentId": 845,
    "ResName": "Lv2Table3_1",
    "Info": "中级气垫床",
    "PreRelyId": 0,
    "RelyId": 0,
    "HideBoardId": 132,
    "WithId": 0,
    "Floor": 3,
    "Stage": 2,
    "Progress": 1,
    "Sailing": 1,
    "Sink": 0,
    "NavMapIndex": "6,4",
    "MapType": 0,
    "MapFloor": 3,
    "ComType": 0
  },
  {
    "Id": 134,
    "Type": 1,
    "ComponentId": 846,
    "ResName": "Lv3Table3_1",
    "Info": "高级气垫床",
    "PreRelyId": 0,
    "RelyId": 0,
    "HideBoardId": 133,
    "WithId": 0,
    "Floor": 3,
    "Stage": 2,
    "Progress": 1,
    "Sailing": 1,
    "Sink": 0,
    "NavMapIndex": "6,4",
    "MapType": 0,
    "MapFloor": 3,
    "ComType": 0
  },
  {
    "Id": 135,
    "Type": 1,
    "ComponentId": 847,
    "ResName": "Lv1MainMast3_1",
    "Info": "彩虹门1级",
    "PreRelyId": 0,
    "RelyId": 0,
    "HideBoardId": 0,
    "WithId": 0,
    "Floor": 3,
    "Stage": 2,
    "Progress": 1,
    "Sailing": 1,
    "Sink": 0,
    "NavMapIndex": "5,3",
    "MapType": 1,
    "MapFloor": 3,
    "ComType": 0
  },
  {
    "Id": 136,
    "Type": 1,
    "ComponentId": 848,
    "ResName": "Lv2MainMast3_1",
    "Info": "彩虹门2级",
    "PreRelyId": 0,
    "RelyId": 0,
    "HideBoardId": 135,
    "WithId": 0,
    "Floor": 3,
    "Stage": 2,
    "Progress": 1,
    "Sailing": 1,
    "Sink": 0,
    "NavMapIndex": "3,3|6,3",
    "MapType": 1,
    "MapFloor": 3,
    "ComType": 0
  },
  {
    "Id": 137,
    "Type": 1,
    "ComponentId": 849,
    "ResName": "Lv3MainMast3_1",
    "Info": "彩虹门3级",
    "PreRelyId": 0,
    "RelyId": 0,
    "HideBoardId": 136,
    "WithId": 0,
    "Floor": 3,
    "Stage": 2,
    "Progress": 1,
    "Sailing": 1,
    "Sink": 0,
    "NavMapIndex": "5,3",
    "MapType": 1,
    "MapFloor": 3,
    "ComType": 0
  },
  {
    "Id": 138,
    "Type": 1,
    "ComponentId": 850,
    "ResName": "Lv1Room3_1",
    "Info": "西瓜屋1级",
    "PreRelyId": 0,
    "RelyId": 0,
    "HideBoardId": 0,
    "WithId": 0,
    "Floor": 3,
    "Stage": 2,
    "Progress": 1,
    "Sailing": 1,
    "Sink": 0,
    "NavMapIndex": "8,3",
    "MapType": 0,
    "MapFloor": 3,
    "ComType": 2
  },
  {
    "Id": 139,
    "Type": 1,
    "ComponentId": 851,
    "ResName": "Lv2Room3_1",
    "Info": "西瓜屋2级",
    "PreRelyId": 0,
    "RelyId": 0,
    "HideBoardId": 138,
    "WithId": 0,
    "Floor": 3,
    "Stage": 2,
    "Progress": 1,
    "Sailing": 1,
    "Sink": 0,
    "NavMapIndex": "8,3",
    "MapType": 0,
    "MapFloor": 3,
    "ComType": 2
  },
  {
    "Id": 140,
    "Type": 1,
    "ComponentId": 852,
    "ResName": "Berry3_1",
    "Info": "白珍珠1",
    "PreRelyId": 0,
    "RelyId": 119,
    "HideBoardId": 0,
    "WithId": 0,
    "Floor": 3,
    "Stage": 2,
    "Progress": 1,
    "Sailing": 1,
    "Sink": 0,
    "NavMapIndex": "3,4",
    "MapType": 0,
    "MapFloor": 3,
    "ComType": 2
  },
  {
    "Id": 141,
    "Type": 1,
    "ComponentId": 853,
    "ResName": "Lv1Barbecue3_1",
    "Info": "初级鲨鱼玩具",
    "PreRelyId": 0,
    "RelyId": 0,
    "HideBoardId": 0,
    "WithId": 0,
    "Floor": 3,
    "Stage": 2,
    "Progress": 1,
    "Sailing": 1,
    "Sink": 0,
    "NavMapIndex": "4,5",
    "MapType": 0,
    "MapFloor": 3,
    "ComType": 2
  },
  {
    "Id": 142,
    "Type": 1,
    "ComponentId": 854,
    "ResName": "Lv1Table3_2",
    "Info": "初级气垫床",
    "PreRelyId": 0,
    "RelyId": 0,
    "HideBoardId": 0,
    "WithId": 0,
    "Floor": 3,
    "Stage": 2,
    "Progress": 1,
    "Sailing": 1,
    "Sink": 0,
    "NavMapIndex": "4,1",
    "MapType": 0,
    "MapFloor": 3,
    "ComType": 2
  },
  {
    "Id": 143,
    "Type": 1,
    "ComponentId": 855,
    "ResName": "Berry3_2",
    "Info": "白珍珠2",
    "PreRelyId": 0,
    "RelyId": 0,
    "HideBoardId": 0,
    "WithId": 0,
    "Floor": 3,
    "Stage": 2,
    "Progress": 1,
    "Sailing": 1,
    "Sink": 0,
    "NavMapIndex": "3,2",
    "MapType": 0,
    "MapFloor": 3,
    "ComType": 2
  },
  {
    "Id": 144,
    "Type": 1,
    "ComponentId": 856,
    "ResName": "Pinaceae3_1",
    "Info": "太阳伞",
    "PreRelyId": 0,
    "RelyId": 0,
    "HideBoardId": 0,
    "WithId": 0,
    "Floor": 3,
    "Stage": 2,
    "Progress": 1,
    "Sailing": 1,
    "Sink": 0,
    "NavMapIndex": "8,5",
    "MapType": 0,
    "MapFloor": 3,
    "ComType": 2
  },
  {
    "Id": 145,
    "Type": 1,
    "ComponentId": 801,
    "ResName": "NormalBoard3_32",
    "Info": "充气垫91/119",
    "PreRelyId": 173,
    "RelyId": 146,
    "HideBoardId": 0,
    "WithId": 0,
    "Floor": 3,
    "Stage": 3,
    "Progress": 0,
    "Sailing": 1,
    "Sink": 0,
    "NavMapIndex": "10,4",
    "MapType": 1,
    "MapFloor": 3,
    "ComType": 1
  },
  {
    "Id": 146,
    "Type": 1,
    "ComponentId": 801,
    "ResName": "NormalBoard3_33",
    "Info": "充气垫92/119",
    "PreRelyId": 178,
    "RelyId": "147,175",
    "HideBoardId": 0,
    "WithId": 0,
    "Floor": 3,
    "Stage": 3,
    "Progress": 0,
    "Sailing": 1,
    "Sink": 0,
    "NavMapIndex": "10,2",
    "MapType": 1,
    "MapFloor": 3,
    "ComType": 1
  },
  {
    "Id": 147,
    "Type": 1,
    "ComponentId": 801,
    "ResName": "NormalBoard3_34",
    "Info": "充气垫93/119",
    "PreRelyId": 175,
    "RelyId": "148,174",
    "HideBoardId": 0,
    "WithId": 0,
    "Floor": 3,
    "Stage": 3,
    "Progress": 0,
    "Sailing": 1,
    "Sink": 0,
    "NavMapIndex": "9,5",
    "MapType": 1,
    "MapFloor": 3,
    "ComType": 1
  },
  {
    "Id": 148,
    "Type": 1,
    "ComponentId": 801,
    "ResName": "NormalBoard3_35",
    "Info": "充气垫94/119",
    "PreRelyId": 174,
    "RelyId": 149,
    "HideBoardId": 0,
    "WithId": 0,
    "Floor": 3,
    "Stage": 3,
    "Progress": 0,
    "Sailing": 1,
    "Sink": 0,
    "NavMapIndex": "9,1",
    "MapType": 1,
    "MapFloor": 3,
    "ComType": 1
  },
  {
    "Id": 149,
    "Type": 1,
    "ComponentId": 801,
    "ResName": "NormalBoard3_36",
    "Info": "充气垫95/119",
    "PreRelyId": 176,
    "RelyId": "150,177",
    "HideBoardId": 0,
    "WithId": 0,
    "Floor": 3,
    "Stage": 3,
    "Progress": 0,
    "Sailing": 1,
    "Sink": 0,
    "NavMapIndex": "3,5",
    "MapType": 1,
    "MapFloor": 3,
    "ComType": 1
  },
  {
    "Id": 150,
    "Type": 1,
    "ComponentId": 801,
    "ResName": "NormalBoard3_37",
    "Info": "充气垫96/119",
    "PreRelyId": 177,
    "RelyId": 151,
    "HideBoardId": 0,
    "WithId": 0,
    "Floor": 3,
    "Stage": 3,
    "Progress": 0,
    "Sailing": 1,
    "Sink": 0,
    "NavMapIndex": "2,5",
    "MapType": 1,
    "MapFloor": 3,
    "ComType": 1
  },
  {
    "Id": 151,
    "Type": 1,
    "ComponentId": 801,
    "ResName": "NormalBoard3_38",
    "Info": "充气垫97/119",
    "PreRelyId": 0,
    "RelyId": "152,179",
    "HideBoardId": 0,
    "WithId": 0,
    "Floor": 3,
    "Stage": 3,
    "Progress": 0,
    "Sailing": 1,
    "Sink": 0,
    "NavMapIndex": "3,1",
    "MapType": 1,
    "MapFloor": 3,
    "ComType": 1
  },
  {
    "Id": 152,
    "Type": 1,
    "ComponentId": 801,
    "ResName": "NormalBoard3_39",
    "Info": "充气垫98/119",
    "PreRelyId": 0,
    "RelyId": 153,
    "HideBoardId": 0,
    "WithId": 0,
    "Floor": 3,
    "Stage": 3,
    "Progress": 0,
    "Sailing": 1,
    "Sink": 0,
    "NavMapIndex": "2,1",
    "MapType": 1,
    "MapFloor": 3,
    "ComType": 1
  },
  {
    "Id": 153,
    "Type": 1,
    "ComponentId": 801,
    "ResName": "NormalBoard3_40",
    "Info": "充气垫99/119",
    "PreRelyId": 179,
    "RelyId": "154,180",
    "HideBoardId": 0,
    "WithId": 0,
    "Floor": 3,
    "Stage": 3,
    "Progress": 0,
    "Sailing": 1,
    "Sink": 0,
    "NavMapIndex": "2,4",
    "MapType": 1,
    "MapFloor": 3,
    "ComType": 1
  },
  {
    "Id": 154,
    "Type": 1,
    "ComponentId": 801,
    "ResName": "NormalBoard3_41",
    "Info": "充气垫100/119",
    "PreRelyId": 0,
    "RelyId": 155,
    "HideBoardId": 0,
    "WithId": 0,
    "Floor": 3,
    "Stage": 3,
    "Progress": 0,
    "Sailing": 1,
    "Sink": 0,
    "NavMapIndex": "1,4",
    "MapType": 1,
    "MapFloor": 3,
    "ComType": 1
  },
  {
    "Id": 155,
    "Type": 1,
    "ComponentId": 801,
    "ResName": "NormalBoard3_42",
    "Info": "充气垫101/119",
    "PreRelyId": 0,
    "RelyId": 156,
    "HideBoardId": 0,
    "WithId": 0,
    "Floor": 3,
    "Stage": 3,
    "Progress": 0,
    "Sailing": 1,
    "Sink": 0,
    "NavMapIndex": "2,2",
    "MapType": 1,
    "MapFloor": 3,
    "ComType": 1
  },
  {
    "Id": 156,
    "Type": 1,
    "ComponentId": 801,
    "ResName": "NormalBoard3_43",
    "Info": "充气垫102/119",
    "PreRelyId": 180,
    "RelyId": 157,
    "HideBoardId": 0,
    "WithId": 0,
    "Floor": 3,
    "Stage": 3,
    "Progress": 0,
    "Sailing": 1,
    "Sink": 0,
    "NavMapIndex": "1,2",
    "MapType": 1,
    "MapFloor": 3,
    "ComType": 1
  },
  {
    "Id": 157,
    "Type": 1,
    "ComponentId": 801,
    "ResName": "NormalBoard3_44",
    "Info": "充气垫103/119",
    "PreRelyId": 0,
    "RelyId": "158,181,182",
    "HideBoardId": 0,
    "WithId": 0,
    "Floor": 3,
    "Stage": 3,
    "Progress": 0,
    "Sailing": 1,
    "Sink": 0,
    "NavMapIndex": "2,3",
    "MapType": 1,
    "MapFloor": 3,
    "ComType": 1
  },
  {
    "Id": 158,
    "Type": 1,
    "ComponentId": 801,
    "ResName": "NormalBoard3_45",
    "Info": "充气垫104/119",
    "PreRelyId": 182,
    "RelyId": 159,
    "HideBoardId": 0,
    "WithId": 0,
    "Floor": 3,
    "Stage": 3,
    "Progress": 0,
    "Sailing": 1,
    "Sink": 0,
    "NavMapIndex": "1,3",
    "MapType": 1,
    "MapFloor": 3,
    "ComType": 1
  },
  {
    "Id": 159,
    "Type": 1,
    "ComponentId": 801,
    "ResName": "NormalBoard3_46",
    "Info": "充气垫105/119",
    "PreRelyId": 0,
    "RelyId": "160,183",
    "HideBoardId": 0,
    "WithId": 0,
    "Floor": 3,
    "Stage": 3,
    "Progress": 0,
    "Sailing": 1,
    "Sink": 0,
    "NavMapIndex": "0,3",
    "MapType": 1,
    "MapFloor": 3,
    "ComType": 1
  },
  {
    "Id": 160,
    "Type": 1,
    "ComponentId": 801,
    "ResName": "NormalBoard3_47",
    "Info": "充气垫106/119",
    "PreRelyId": 0,
    "RelyId": "161,184",
    "HideBoardId": 0,
    "WithId": 0,
    "Floor": 3,
    "Stage": 3,
    "Progress": 0,
    "Sailing": 1,
    "Sink": 0,
    "NavMapIndex": "11,3",
    "MapType": 1,
    "MapFloor": 3,
    "ComType": 1
  },
  {
    "Id": 161,
    "Type": 1,
    "ComponentId": 801,
    "ResName": "NormalBoard3_48",
    "Info": "充气垫107/119",
    "PreRelyId": 0,
    "RelyId": 162,
    "HideBoardId": 0,
    "WithId": 0,
    "Floor": 3,
    "Stage": 3,
    "Progress": 0,
    "Sailing": 1,
    "Sink": 0,
    "NavMapIndex": "8,0",
    "MapType": 1,
    "MapFloor": 3,
    "ComType": 1
  },
  {
    "Id": 162,
    "Type": 1,
    "ComponentId": 801,
    "ResName": "NormalBoard3_49",
    "Info": "充气垫108/119",
    "PreRelyId": 0,
    "RelyId": 163,
    "HideBoardId": 0,
    "WithId": 0,
    "Floor": 3,
    "Stage": 3,
    "Progress": 0,
    "Sailing": 1,
    "Sink": 0,
    "NavMapIndex": "7,0",
    "MapType": 1,
    "MapFloor": 3,
    "ComType": 1
  },
  {
    "Id": 163,
    "Type": 1,
    "ComponentId": 801,
    "ResName": "NormalBoard3_50",
    "Info": "充气垫109/119",
    "PreRelyId": 184,
    "RelyId": 164,
    "HideBoardId": 0,
    "WithId": 0,
    "Floor": 3,
    "Stage": 3,
    "Progress": 0,
    "Sailing": 1,
    "Sink": 0,
    "NavMapIndex": "6,0",
    "MapType": 1,
    "MapFloor": 3,
    "ComType": 1
  },
  {
    "Id": 164,
    "Type": 1,
    "ComponentId": 801,
    "ResName": "NormalBoard3_51",
    "Info": "充气垫110/119",
    "PreRelyId": 0,
    "RelyId": "165,185",
    "HideBoardId": 0,
    "WithId": 0,
    "Floor": 3,
    "Stage": 3,
    "Progress": 0,
    "Sailing": 1,
    "Sink": 0,
    "NavMapIndex": "5,0",
    "MapType": 1,
    "MapFloor": 3,
    "ComType": 1
  },
  {
    "Id": 165,
    "Type": 1,
    "ComponentId": 801,
    "ResName": "NormalBoard3_52",
    "Info": "充气垫111/119",
    "PreRelyId": 0,
    "RelyId": 166,
    "HideBoardId": 0,
    "WithId": 0,
    "Floor": 3,
    "Stage": 3,
    "Progress": 0,
    "Sailing": 1,
    "Sink": 0,
    "NavMapIndex": "4,0",
    "MapType": 1,
    "MapFloor": 3,
    "ComType": 1
  },
  {
    "Id": 166,
    "Type": 1,
    "ComponentId": 801,
    "ResName": "NormalBoard3_53",
    "Info": "充气垫112/119",
    "PreRelyId": 0,
    "RelyId": 167,
    "HideBoardId": 0,
    "WithId": 0,
    "Floor": 3,
    "Stage": 3,
    "Progress": 0,
    "Sailing": 1,
    "Sink": 0,
    "NavMapIndex": "3,0",
    "MapType": 1,
    "MapFloor": 3,
    "ComType": 1
  },
  {
    "Id": 167,
    "Type": 1,
    "ComponentId": 801,
    "ResName": "NormalBoard3_54",
    "Info": "充气垫113/119",
    "PreRelyId": 0,
    "RelyId": 168,
    "HideBoardId": 0,
    "WithId": 0,
    "Floor": 3,
    "Stage": 3,
    "Progress": 0,
    "Sailing": 1,
    "Sink": 0,
    "NavMapIndex": "8,6",
    "MapType": 1,
    "MapFloor": 3,
    "ComType": 1
  },
  {
    "Id": 168,
    "Type": 1,
    "ComponentId": 801,
    "ResName": "NormalBoard3_55",
    "Info": "充气垫114/119",
    "PreRelyId": 0,
    "RelyId": 169,
    "HideBoardId": 0,
    "WithId": 0,
    "Floor": 3,
    "Stage": 3,
    "Progress": 0,
    "Sailing": 1,
    "Sink": 0,
    "NavMapIndex": "7,6",
    "MapType": 1,
    "MapFloor": 3,
    "ComType": 1
  },
  {
    "Id": 169,
    "Type": 1,
    "ComponentId": 801,
    "ResName": "NormalBoard3_56",
    "Info": "充气垫115/119",
    "PreRelyId": 185,
    "RelyId": 170,
    "HideBoardId": 0,
    "WithId": 0,
    "Floor": 3,
    "Stage": 3,
    "Progress": 0,
    "Sailing": 1,
    "Sink": 0,
    "NavMapIndex": "6,6",
    "MapType": 1,
    "MapFloor": 3,
    "ComType": 1
  },
  {
    "Id": 170,
    "Type": 1,
    "ComponentId": 801,
    "ResName": "NormalBoard3_57",
    "Info": "充气垫116/119",
    "PreRelyId": 0,
    "RelyId": "171,186",
    "HideBoardId": 0,
    "WithId": 0,
    "Floor": 3,
    "Stage": 3,
    "Progress": 0,
    "Sailing": 1,
    "Sink": 0,
    "NavMapIndex": "5,6",
    "MapType": 1,
    "MapFloor": 3,
    "ComType": 1
  },
  {
    "Id": 171,
    "Type": 1,
    "ComponentId": 801,
    "ResName": "NormalBoard3_58",
    "Info": "充气垫117/119",
    "PreRelyId": 186,
    "RelyId": 172,
    "HideBoardId": 0,
    "WithId": 0,
    "Floor": 3,
    "Stage": 3,
    "Progress": 0,
    "Sailing": 1,
    "Sink": 0,
    "NavMapIndex": "4,6",
    "MapType": 1,
    "MapFloor": 3,
    "ComType": 1
  },
  {
    "Id": 172,
    "Type": 1,
    "ComponentId": 801,
    "ResName": "NormalBoard3_59",
    "Info": "充气垫118/119",
    "PreRelyId": 0,
    "RelyId": "187,188,189,190,191,192",
    "HideBoardId": 0,
    "WithId": 0,
    "Floor": 3,
    "Stage": 3,
    "Progress": 0,
    "Sailing": 1,
    "Sink": 0,
    "NavMapIndex": "3,6",
    "MapType": 1,
    "MapFloor": 3,
    "ComType": 1
  },
  {
    "Id": 173,
    "Type": 1,
    "ComponentId": 857,
    "ResName": "Lv2Barbecue3_2",
    "Info": "中级鲨鱼玩具",
    "PreRelyId": 0,
    "RelyId": 0,
    "HideBoardId": 141,
    "WithId": 0,
    "Floor": 3,
    "Stage": 3,
    "Progress": 1,
    "Sailing": 1,
    "Sink": 0,
    "NavMapIndex": "4,5",
    "MapType": 0,
    "MapFloor": 3,
    "ComType": 2
  },
  {
    "Id": 174,
    "Type": 1,
    "ComponentId": 858,
    "ResName": "Lv2Barbecue3_1",
    "Info": "中级鲨鱼玩具",
    "PreRelyId": 0,
    "RelyId": 0,
    "HideBoardId": 178,
    "WithId": 0,
    "Floor": 3,
    "Stage": 3,
    "Progress": 1,
    "Sailing": 1,
    "Sink": 0,
    "NavMapIndex": "7,1",
    "MapType": 0,
    "MapFloor": 3,
    "ComType": 2
  },
  {
    "Id": 175,
    "Type": 1,
    "ComponentId": 859,
    "ResName": "Lv3Room3_1",
    "Info": "西瓜屋3级",
    "PreRelyId": 0,
    "RelyId": 0,
    "HideBoardId": 139,
    "WithId": 0,
    "Floor": 3,
    "Stage": 3,
    "Progress": 1,
    "Sailing": 1,
    "Sink": 0,
    "NavMapIndex": "8,3",
    "MapType": 0,
    "MapFloor": 3,
    "ComType": 2
  },
  {
    "Id": 176,
    "Type": 1,
    "ComponentId": 860,
    "ResName": "Lv2Table3_2",
    "Info": "中级气垫床",
    "PreRelyId": 0,
    "RelyId": 0,
    "HideBoardId": 142,
    "WithId": 0,
    "Floor": 3,
    "Stage": 3,
    "Progress": 1,
    "Sailing": 1,
    "Sink": 0,
    "NavMapIndex": "4,1",
    "MapType": 0,
    "MapFloor": 3,
    "ComType": 2
  },
  {
    "Id": 177,
    "Type": 1,
    "ComponentId": 861,
    "ResName": "Lv3Table3_2",
    "Info": "高级气垫床",
    "PreRelyId": 0,
    "RelyId": 0,
    "HideBoardId": 176,
    "WithId": 0,
    "Floor": 3,
    "Stage": 3,
    "Progress": 1,
    "Sailing": 1,
    "Sink": 0,
    "NavMapIndex": "4,1",
    "MapType": 0,
    "MapFloor": 3,
    "ComType": 2
  },
  {
    "Id": 178,
    "Type": 1,
    "ComponentId": 862,
    "ResName": "Lv1Barbecue3_2",
    "Info": "初级鲨鱼玩具",
    "PreRelyId": 0,
    "RelyId": 0,
    "HideBoardId": 0,
    "WithId": 0,
    "Floor": 3,
    "Stage": 3,
    "Progress": 1,
    "Sailing": 1,
    "Sink": 0,
    "NavMapIndex": "7,1",
    "MapType": 0,
    "MapFloor": 3,
    "ComType": 2
  },
  {
    "Id": 179,
    "Type": 1,
    "ComponentId": 863,
    "ResName": "Lv3Barbecue3_1",
    "Info": "高级鲨鱼玩具",
    "PreRelyId": 0,
    "RelyId": 0,
    "HideBoardId": 173,
    "WithId": 0,
    "Floor": 3,
    "Stage": 3,
    "Progress": 1,
    "Sailing": 1,
    "Sink": 0,
    "NavMapIndex": "4,5",
    "MapType": 0,
    "MapFloor": 3,
    "ComType": 2
  },
  {
    "Id": 180,
    "Type": 1,
    "ComponentId": 864,
    "ResName": "Lv3Barbecue3_2",
    "Info": "高级鲨鱼玩具",
    "PreRelyId": 0,
    "RelyId": 0,
    "HideBoardId": 174,
    "WithId": 0,
    "Floor": 3,
    "Stage": 3,
    "Progress": 1,
    "Sailing": 1,
    "Sink": 0,
    "NavMapIndex": "7,1",
    "MapType": 0,
    "MapFloor": 3,
    "ComType": 2
  },
  {
    "Id": 181,
    "Type": 1,
    "ComponentId": 865,
    "ResName": "VinkinStatue3_1",
    "Info": "香蕉滑梯",
    "PreRelyId": 0,
    "RelyId": 0,
    "HideBoardId": 0,
    "WithId": 0,
    "Floor": 3,
    "Stage": 3,
    "Progress": 1,
    "Sailing": 1,
    "Sink": 0,
    "NavMapIndex": "2,3",
    "MapType": 0,
    "MapFloor": 3,
    "ComType": 0
  },
  {
    "Id": 182,
    "Type": 1,
    "ComponentId": 866,
    "ResName": "Pinaceae3_2",
    "Info": "太阳伞",
    "PreRelyId": 0,
    "RelyId": 0,
    "HideBoardId": 0,
    "WithId": 0,
    "Floor": 3,
    "Stage": 3,
    "Progress": 1,
    "Sailing": 1,
    "Sink": 0,
    "NavMapIndex": "8,1",
    "MapType": 0,
    "MapFloor": 3,
    "ComType": 2
  },
  {
    "Id": 183,
    "Type": 1,
    "ComponentId": 867,
    "ResName": "DragonBow3_1",
    "Info": "太阳笑脸",
    "PreRelyId": 0,
    "RelyId": 0,
    "HideBoardId": 0,
    "WithId": 0,
    "Floor": 3,
    "Stage": 3,
    "Progress": 1,
    "Sailing": 1,
    "Sink": 0,
    "NavMapIndex": "0,3",
    "MapType": 0,
    "MapFloor": 3,
    "ComType": 0
  },
  {
    "Id": 184,
    "Type": 1,
    "ComponentId": 868,
    "ResName": "DranTail3_1",
    "Info": "尾旗",
    "PreRelyId": 0,
    "RelyId": 0,
    "HideBoardId": 0,
    "WithId": 0,
    "Floor": 3,
    "Stage": 3,
    "Progress": 1,
    "Sailing": 1,
    "Sink": 0,
    "NavMapIndex": "11,3",
    "MapType": 0,
    "MapFloor": 3,
    "ComType": 0
  },
  {
    "Id": 185,
    "Type": 1,
    "ComponentId": 869,
    "ResName": "Shield3_2",
    "Info": "护栏",
    "PreRelyId": 0,
    "RelyId": 0,
    "HideBoardId": 0,
    "WithId": 0,
    "Floor": 3,
    "Stage": 3,
    "Progress": 1,
    "Sailing": 1,
    "Sink": 0,
    "NavMapIndex": "6,0",
    "MapType": 1,
    "MapFloor": 3,
    "ComType": 0
  },
  {
    "Id": 186,
    "Type": 1,
    "ComponentId": 870,
    "ResName": "Shield3_1",
    "Info": "护栏",
    "PreRelyId": 0,
    "RelyId": 0,
    "HideBoardId": 0,
    "WithId": 0,
    "Floor": 3,
    "Stage": 3,
    "Progress": 1,
    "Sailing": 1,
    "Sink": 0,
    "NavMapIndex": "6,6",
    "MapType": 1,
    "MapFloor": 3,
    "ComType": 0
  },
  {
    "Id": 187,
    "Type": 1,
    "ComponentId": 871,
    "ResName": "Rail3_1",
    "Info": "栏杆",
    "PreRelyId": 0,
    "RelyId": 0,
    "HideBoardId": 0,
    "WithId": 0,
    "Floor": 3,
    "Stage": 3,
    "Progress": 1,
    "Sailing": 1,
    "Sink": 0,
    "NavMapIndex": "2,1",
    "MapType": 1,
    "MapFloor": 3,
    "ComType": 0
  },
  {
    "Id": 188,
    "Type": 1,
    "ComponentId": 872,
    "ResName": "Rail3_2",
    "Info": "栏杆",
    "PreRelyId": 0,
    "RelyId": 0,
    "HideBoardId": 0,
    "WithId": 0,
    "Floor": 3,
    "Stage": 3,
    "Progress": 1,
    "Sailing": 1,
    "Sink": 0,
    "NavMapIndex": "2,5",
    "MapType": 1,
    "MapFloor": 3,
    "ComType": 0
  },
  {
    "Id": 189,
    "Type": 1,
    "ComponentId": 873,
    "ResName": "Rail3_3",
    "Info": "栏杆",
    "PreRelyId": 0,
    "RelyId": 0,
    "HideBoardId": 0,
    "WithId": 0,
    "Floor": 3,
    "Stage": 3,
    "Progress": 1,
    "Sailing": 1,
    "Sink": 0,
    "NavMapIndex": "5,0",
    "MapType": 1,
    "MapFloor": 3,
    "ComType": 0
  },
  {
    "Id": 190,
    "Type": 1,
    "ComponentId": 874,
    "ResName": "Rail3_4",
    "Info": "栏杆",
    "PreRelyId": 0,
    "RelyId": 0,
    "HideBoardId": 0,
    "WithId": 0,
    "Floor": 3,
    "Stage": 3,
    "Progress": 1,
    "Sailing": 1,
    "Sink": 0,
    "NavMapIndex": "5,6",
    "MapType": 1,
    "MapFloor": 3,
    "ComType": 0
  },
  {
    "Id": 191,
    "Type": 1,
    "ComponentId": 875,
    "ResName": "Rail3_5",
    "Info": "栏杆",
    "PreRelyId": 0,
    "RelyId": 0,
    "HideBoardId": 0,
    "WithId": 0,
    "Floor": 3,
    "Stage": 3,
    "Progress": 1,
    "Sailing": 1,
    "Sink": 0,
    "NavMapIndex": "8,0",
    "MapType": 1,
    "MapFloor": 3,
    "ComType": 0
  },
  {
    "Id": 192,
    "Type": 1,
    "ComponentId": 876,
    "ResName": "Rail3_6",
    "Info": "栏杆",
    "PreRelyId": 0,
    "RelyId": 0,
    "HideBoardId": 0,
    "WithId": 0,
    "Floor": 3,
    "Stage": 3,
    "Progress": 1,
    "Sailing": 1,
    "Sink": 0,
    "NavMapIndex": "8,6",
    "MapType": 1,
    "MapFloor": 3,
    "ComType": 0
  },
  {
    "Id": 193,
    "Type": 2,
    "ComponentId": 477,
    "ResName": "BoardLadder2_1",
    "Info": "透明船板1/2",
    "PreRelyId": 0,
    "RelyId": 0,
    "HideBoardId": 0,
    "WithId": 0,
    "Floor": 1,
    "Stage": 1,
    "Progress": 0,
    "Sailing": 1,
    "Sink": 0,
    "NavMapIndex": "3,2",
    "MapType": 0,
    "MapFloor": 2,
    "ComType": 6
  },
  {
    "Id": 194,
    "Type": 2,
    "ComponentId": 477,
    "ResName": "BoardLadder2_2",
    "Info": "透明船板2/2",
    "PreRelyId": 0,
    "RelyId": 0,
    "HideBoardId": 0,
    "WithId": 0,
    "Floor": 1,
    "Stage": 1,
    "Progress": 0,
    "Sailing": 1,
    "Sink": 0,
    "NavMapIndex": "4,3",
    "MapType": 0,
    "MapFloor": 3,
    "ComType": 6
  }
]
