[
  {
    "Id": 1,
    "QuestName": "建造酿酒桶",
    "Doc": "龙舟",
    "Icon": "game/newyear_item_21.png",
    "AboveQuestId": 1,
    "StageId": 1,
    "StageName": "木筏任务5",
    "StageDoc": "我们一起把龙舟建造完吧！",
    "StageIcon": "game/task_01.png",
    "Conditions": 25,
    "Show": 1,
    "Reward": 2200
  },
  {
    "Id": 2,
    "QuestName": "建造灯笼",
    "Doc": "龙舟",
    "Icon": "game/newyear_item_15.png",
    "AboveQuestId": 1,
    "StageId": 1,
    "StageName": "木筏任务5",
    "StageDoc": "我们一起把龙舟建造完吧！",
    "StageIcon": "game/task_01.png",
    "Conditions": 65,
    "Show": 2,
    "Reward": 2600
  },
  {
    "Id": 3,
    "QuestName": "建造招财猫",
    "Doc": "龙舟",
    "Icon": "game/newyear_item_18.png",
    "AboveQuestId": 1,
    "StageId": 1,
    "StageName": "木筏任务5",
    "StageDoc": "我们一起把龙舟建造完吧！",
    "StageIcon": "game/task_01.png",
    "Conditions": 78,
    "Show": 3,
    "Reward": 2200
  },
  {
    "Id": 4,
    "QuestName": "建造高级壁炉",
    "Doc": "龙舟",
    "Icon": "game/newyear_item_11.png",
    "AboveQuestId": 1,
    "StageId": 1,
    "StageName": "木筏任务5",
    "StageDoc": "我们一起把龙舟建造完吧！",
    "StageIcon": "game/task_01.png",
    "Conditions": 30,
    "Show": 4,
    "Reward": 2600
  },
  {
    "Id": 5,
    "QuestName": "建造东方浴场1级",
    "Doc": "龙舟",
    "Icon": "game/newyear_item_06.png",
    "AboveQuestId": 1,
    "StageId": 1,
    "StageName": "木筏任务5",
    "StageDoc": "我们一起把龙舟建造完吧！",
    "StageIcon": "game/task_01.png",
    "Conditions": 73,
    "Show": 5,
    "Reward": 2200
  },
  {
    "Id": 6,
    "QuestName": "建造大船桨",
    "Doc": "龙舟",
    "Icon": "game/newyear_item_24.png",
    "AboveQuestId": 1,
    "StageId": 1,
    "StageName": "木筏任务5",
    "StageDoc": "我们一起把龙舟建造完吧！",
    "StageIcon": "game/task_01.png",
    "Conditions": 82,
    "Show": 6,
    "Reward": 2600
  },
  {
    "Id": 7,
    "QuestName": "建造东方浴场3级",
    "Doc": "龙舟",
    "Icon": "game/newyear_item_08.png",
    "AboveQuestId": 1,
    "StageId": 2,
    "StageName": "木筏任务5",
    "StageDoc": "我们一起把龙舟建造完吧！",
    "StageIcon": "game/task_01.png",
    "Conditions": 99,
    "Show": 1,
    "Reward": 2200
  },
  {
    "Id": 8,
    "QuestName": "建造大门1级",
    "Doc": "龙舟",
    "Icon": "game/newyear_item_02.png",
    "AboveQuestId": 1,
    "StageId": 2,
    "StageName": "木筏任务5",
    "StageDoc": "我们一起把龙舟建造完吧！",
    "StageIcon": "game/task_01.png",
    "Conditions": 135,
    "Show": 2,
    "Reward": 2600
  },
  {
    "Id": 9,
    "QuestName": "建造大烤架1级",
    "Doc": "龙舟",
    "Icon": "game/cook_1.png",
    "AboveQuestId": 1,
    "StageId": 2,
    "StageName": "木筏任务5",
    "StageDoc": "我们一起把龙舟建造完吧！",
    "StageIcon": "game/task_01.png",
    "Conditions": 141,
    "Show": 3,
    "Reward": 2200
  },
  {
    "Id": 10,
    "QuestName": "建造屋3级",
    "Doc": "龙舟",
    "Icon": "game/newyear_item_05.png",
    "AboveQuestId": 1,
    "StageId": 3,
    "StageName": "木筏任务5",
    "StageDoc": "我们一起把龙舟建造完吧！",
    "StageIcon": "game/task_01.png",
    "Conditions": 175,
    "Show": 1,
    "Reward": 2600
  },
  {
    "Id": 11,
    "QuestName": "建造龙头",
    "Doc": "龙舟",
    "Icon": "game/newyear_item_03.png",
    "AboveQuestId": 1,
    "StageId": 3,
    "StageName": "木筏任务5",
    "StageDoc": "我们一起把龙舟建造完吧！",
    "StageIcon": "game/task_01.png",
    "Conditions": 183,
    "Show": 2,
    "Reward": 2200
  },
  {
    "Id": 12,
    "QuestName": "建造战甲",
    "Doc": "龙舟",
    "Icon": "game/newyear_item_29.png",
    "AboveQuestId": 1,
    "StageId": 3,
    "StageName": "木筏任务5",
    "StageDoc": "我们一起把龙舟建造完吧！",
    "StageIcon": "game/task_01.png",
    "Conditions": 185,
    "Show": 3,
    "Reward": 2600
  },
  {
    "Id": 13,
    "QuestName": "建造救生衣柜",
    "Doc": "夏季",
    "Icon": "game/event2_Bucket.png",
    "AboveQuestId": 2,
    "StageId": 1,
    "StageName": "木筏任务5",
    "StageDoc": "我们一起把龙舟建造完吧！",
    "StageIcon": "game/task_01.png",
    "Conditions": 25,
    "Show": 1,
    "Reward": 2200
  },
  {
    "Id": 14,
    "QuestName": "建造救生圈",
    "Doc": "夏季",
    "Icon": "game/event2_PaddlePosition.png",
    "AboveQuestId": 2,
    "StageId": 1,
    "StageName": "木筏任务5",
    "StageDoc": "我们一起把龙舟建造完吧！",
    "StageIcon": "game/task_01.png",
    "Conditions": 65,
    "Show": 2,
    "Reward": 2600
  },
  {
    "Id": 15,
    "QuestName": "建造救生观望台",
    "Doc": "夏季",
    "Icon": "game/event2_DeerHorn.png",
    "AboveQuestId": 2,
    "StageId": 1,
    "StageName": "木筏任务5",
    "StageDoc": "我们一起把龙舟建造完吧！",
    "StageIcon": "game/task_01.png",
    "Conditions": 78,
    "Show": 3,
    "Reward": 2200
  },
  {
    "Id": 16,
    "QuestName": "建造鲨鱼玩具",
    "Doc": "夏季",
    "Icon": "game/event2_Lv1Barbecue.png",
    "AboveQuestId": 2,
    "StageId": 1,
    "StageName": "木筏任务5",
    "StageDoc": "我们一起把龙舟建造完吧！",
    "StageIcon": "game/task_01.png",
    "Conditions": 30,
    "Show": 4,
    "Reward": 2600
  },
  {
    "Id": 17,
    "QuestName": "建造小型游泳池",
    "Doc": "夏季",
    "Icon": "game/event2_Lv1FinlandBath.png",
    "AboveQuestId": 2,
    "StageId": 1,
    "StageName": "木筏任务5",
    "StageDoc": "我们一起把龙舟建造完吧！",
    "StageIcon": "game/task_01.png",
    "Conditions": 73,
    "Show": 5,
    "Reward": 2200
  },
  {
    "Id": 18,
    "QuestName": "建造滑滑梯",
    "Doc": "夏季",
    "Icon": "game/event2_LongPaddleRight.png",
    "AboveQuestId": 2,
    "StageId": 1,
    "StageName": "木筏任务5",
    "StageDoc": "我们一起把龙舟建造完吧！",
    "StageIcon": "game/task_01.png",
    "Conditions": 82,
    "Show": 6,
    "Reward": 2600
  },
  {
    "Id": 19,
    "QuestName": "建造高级游泳池",
    "Doc": "夏季",
    "Icon": "game/event2_Lv3FinlandBath.png",
    "AboveQuestId": 2,
    "StageId": 2,
    "StageName": "木筏任务5",
    "StageDoc": "我们一起把龙舟建造完吧！",
    "StageIcon": "game/task_01.png",
    "Conditions": 99,
    "Show": 1,
    "Reward": 2200
  },
  {
    "Id": 20,
    "QuestName": "建造彩虹门1级",
    "Doc": "夏季",
    "Icon": "game/event2_Lv1MainMast.png",
    "AboveQuestId": 2,
    "StageId": 2,
    "StageName": "木筏任务5",
    "StageDoc": "我们一起把龙舟建造完吧！",
    "StageIcon": "game/task_01.png",
    "Conditions": 135,
    "Show": 2,
    "Reward": 2600
  },
  {
    "Id": 21,
    "QuestName": "建造初级鲨鱼玩具",
    "Doc": "夏季",
    "Icon": "game/event2_Lv1Barbecue.png",
    "AboveQuestId": 2,
    "StageId": 2,
    "StageName": "木筏任务5",
    "StageDoc": "我们一起把龙舟建造完吧！",
    "StageIcon": "game/task_01.png",
    "Conditions": 141,
    "Show": 3,
    "Reward": 2200
  },
  {
    "Id": 22,
    "QuestName": "建造西瓜屋3级",
    "Doc": "夏季",
    "Icon": "game/event2_Lv3Room.png",
    "AboveQuestId": 2,
    "StageId": 3,
    "StageName": "木筏任务5",
    "StageDoc": "我们一起把龙舟建造完吧！",
    "StageIcon": "game/task_01.png",
    "Conditions": 175,
    "Show": 1,
    "Reward": 2600
  },
  {
    "Id": 23,
    "QuestName": "建造太阳笑脸",
    "Doc": "夏季",
    "Icon": "game/event2_DragonBow.png",
    "AboveQuestId": 2,
    "StageId": 3,
    "StageName": "木筏任务5",
    "StageDoc": "我们一起把龙舟建造完吧！",
    "StageIcon": "game/task_01.png",
    "Conditions": 183,
    "Show": 2,
    "Reward": 2200
  },
  {
    "Id": 24,
    "QuestName": "建造护栏",
    "Doc": "夏季",
    "Icon": "game/event2_Shield.png",
    "AboveQuestId": 2,
    "StageId": 3,
    "StageName": "木筏任务5",
    "StageDoc": "我们一起把龙舟建造完吧！",
    "StageIcon": "game/task_01.png",
    "Conditions": 185,
    "Show": 3,
    "Reward": 2600
  }
]
