[
  {
    "name": "Board1_1",
    "position": [-1.0, 0.0, 0.0],
    "rotation": [0.0, 0.0, 0.0],
    "scale": [1.0, 1.0, 1.0],
    "isMeshObj": true,
    "meshName": "StoneBoard"
  },
  {
    "name": "Board1_2",
    "position": [-1.0, 0.0, 1.0],
    "rotation": [0.0, 0.0, 0.0],
    "scale": [1.0, 1.0, 1.0],
    "isMeshObj": true,
    "meshName": "StoneBoard"
  },
  {
    "name": "Board1_4",
    "position": [-1.0, 0.0, -0.998],
    "rotation": [0.0, 0.0, 0.0],
    "scale": [1.0, 1.0, 1.0],
    "isMeshObj": true,
    "meshName": "StoneBoard"
  },
  {
    "name": "Board1_5",
    "position": [0.0, 0.0, -1.0],
    "rotation": [0.0, 0.0, 0.0],
    "scale": [1.0, 1.0, 1.0],
    "isMeshObj": true,
    "meshName": "StoneBoard"
  },
  {
    "name": "Board1_6",
    "position": [1.0, 0.0, -1.0],
    "rotation": [0.0, 0.0, 0.0],
    "scale": [1.0, 1.0, 1.0],
    "isMeshObj": true,
    "meshName": "StoneBoard"
  },
  {
    "name": "Board1_10",
    "position": [1.0, 0.0, 0.0],
    "rotation": [0.0, 0.0, 0.0],
    "scale": [1.0, 1.0, 1.0],
    "isMeshObj": true,
    "meshName": "StoneBoard"
  },
  {
    "name": "Board1_11",
    "position": [1.0, 0.0, 1.0],
    "rotation": [0.0, 0.0, 0.0],
    "scale": [1.0, 1.0, 1.0],
    "isMeshObj": true,
    "meshName": "StoneBoard"
  },
  {
    "name": "Board1_14",
    "position": [-1.0, 0.0, 2.0],
    "rotation": [0.0, 0.0, 0.0],
    "scale": [1.0, 1.0, 1.0],
    "isMeshObj": true,
    "meshName": "StoneBoard"
  },
  {
    "name": "Board1_15",
    "position": [0.0, 0.0, 2.0],
    "rotation": [0.0, 0.0, 0.0],
    "scale": [1.0, 1.0, 1.0],
    "isMeshObj": true,
    "meshName": "StoneBoard"
  },
  {
    "name": "Board1_16",
    "position": [1.0, 0.0, 2.0],
    "rotation": [0.0, 0.0, 0.0],
    "scale": [1.0, 1.0, 1.0],
    "isMeshObj": true,
    "meshName": "StoneBoard"
  },
  {
    "name": "Board1_17",
    "position": [0.0, 0.0, 3.0],
    "rotation": [0.0, 0.0, 0.0],
    "scale": [1.0, 1.0, 1.0],
    "isMeshObj": true,
    "meshName": "StoneBoard"
  },
  {
    "name": "Board1_4 (1)",
    "position": [-1.0, 0.0, -2.0],
    "rotation": [0.0, 0.0, 0.0],
    "scale": [1.0, 1.0, 1.0],
    "isMeshObj": true,
    "meshName": "StoneBoard"
  },
  {
    "name": "Board1_5 (1)",
    "position": [0.0, 0.0, -2.0],
    "rotation": [0.0, 0.0, 0.0],
    "scale": [1.0, 1.0, 1.0],
    "isMeshObj": true,
    "meshName": "StoneBoard"
  },
  {
    "name": "Board1_6 (1)",
    "position": [1.0, 0.0, -2.0],
    "rotation": [0.0, 0.0, 0.0],
    "scale": [1.0, 1.0, 1.0],
    "isMeshObj": true,
    "meshName": "StoneBoard"
  },
  {
    "name": "Board1_5 (2)",
    "position": [0.0, 0.0, 1.0],
    "rotation": [0.0, 0.0, 0.0],
    "scale": [1.0, 1.0, 1.0],
    "isMeshObj": true,
    "meshName": "StoneBoard"
  },
  {
    "name": "Board1_5 (3)",
    "position": [0.0, 0.0, 0.0],
    "rotation": [0.0, 0.0, 0.0],
    "scale": [1.0, 1.0, 1.0],
    "isMeshObj": true,
    "meshName": "StoneBoard"
  },
  {
    "name": "OarsBoard_Left",
    "position": [2.0, 0.0, 0.0],
    "rotation": [0.0, 0.0, 0.0],
    "scale": [1.0, 1.0, 1.0],
    "isMeshObj": false,
    "meshName": ""
  },
  {
    "name": "OarsBoard_Right",
    "position": [-2.0, 0.0, 0.0],
    "rotation": [0.0, 0.0, 0.0],
    "scale": [1.0, 1.0, 1.0],
    "isMeshObj": false,
    "meshName": ""
  },
  {
    "name": "Lv2Tree4_2_5 (1)",
    "position": [-0.06, 0.0, 0.053],
    "rotation": [0.0, 0.0, 0.0],
    "scale": [0.9541, 0.9541, 0.9541],
    "isMeshObj": true,
    "meshName": "Tree8"
  },
  {
    "name": "LionStatue2_1 (1)",
    "position": [0.0, 0.0, 2.77],
    "rotation": [0.0, 0.0, 0.0],
    "scale": [0.6932, 0.6932, 0.6932],
    "isMeshObj": true,
    "meshName": "LionStatue"
  },
  {
    "name": "SFence2_2 (1)",
    "position": [-0.72, 0.0, -1.93],
    "rotation": [0.0, 0.0, 0.0],
    "scale": [1.0, 1.0, 1.0],
    "isMeshObj": false,
    "meshName": ""
  },
  {
    "name": "SCaptainRoom3_1 (1)",
    "position": [-0.51, -0.03, -1.55],
    "rotation": [0.0, 0.0, 0.0],
    "scale": [0.6152, 0.6152, 0.6152],
    "isMeshObj": true,
    "meshName": "SCaptainRoom"
  }
]
