[
  {
    "name": "Board1_1",
    "position": [-1.0, 0.0, 0.0],
    "rotation": [0.0, 0.0, 0.0],
    "scale": [1.0, 1.0, 1.0],
    "isMeshObj": true,
    "meshName": "Board"
  },
  {
    "name": "Board1_2",
    "position": [0.0, 0.0, 1.0],
    "rotation": [0.0, 0.0, 0.0],
    "scale": [1.0, 1.0, 1.0],
    "isMeshObj": true,
    "meshName": "Board"
  },
  {
    "name": "Board1_3",
    "position": [0.0, 0.0, 0.0],
    "rotation": [0.0, 0.0, 0.0],
    "scale": [1.0, 1.0, 1.0],
    "isMeshObj": true,
    "meshName": "Board"
  },
  {
    "name": "Board1_4",
    "position": [-1.0, 0.0, -0.998],
    "rotation": [0.0, 0.0, 0.0],
    "scale": [1.0, 1.0, 1.0],
    "isMeshObj": true,
    "meshName": "Board"
  },
  {
    "name": "Board1_5",
    "position": [0.0, 0.0, -1.0],
    "rotation": [0.0, 0.0, 0.0],
    "scale": [1.0, 1.0, 1.0],
    "isMeshObj": true,
    "meshName": "Board"
  },
  {
    "name": "Board1_6",
    "position": [1.0, 0.0, -1.0],
    "rotation": [0.0, 0.0, 0.0],
    "scale": [1.0, 1.0, 1.0],
    "isMeshObj": true,
    "meshName": "Board"
  },
  {
    "name": "Board1_7",
    "position": [1.0, 0.0, -2.0],
    "rotation": [0.0, 0.0, 0.0],
    "scale": [1.0, 1.0, 1.0],
    "isMeshObj": true,
    "meshName": "Board"
  },
  {
    "name": "Board1_8",
    "position": [0.0, 0.0, -2.0],
    "rotation": [0.0, 0.0, 0.0],
    "scale": [1.0, 1.0, 1.0],
    "isMeshObj": true,
    "meshName": "Board"
  },
  {
    "name": "Board1_9",
    "position": [-1.0, 0.0, -2.0],
    "rotation": [0.0, 0.0, 0.0],
    "scale": [1.0, 1.0, 1.0],
    "isMeshObj": true,
    "meshName": "Board"
  },
  {
    "name": "Board1_10",
    "position": [1.0, 0.0, 0.0],
    "rotation": [0.0, 0.0, 0.0],
    "scale": [1.0, 1.0, 1.0],
    "isMeshObj": true,
    "meshName": "Board"
  },
  {
    "name": "Board1_14",
    "position": [-1.0, 0.0, 2.0],
    "rotation": [0.0, 0.0, 0.0],
    "scale": [1.0, 1.0, 1.0],
    "isMeshObj": true,
    "meshName": "Board"
  },
  {
    "name": "Board1_15",
    "position": [0.0, 0.0, 2.0],
    "rotation": [0.0, 0.0, 0.0],
    "scale": [1.0, 1.0, 1.0],
    "isMeshObj": true,
    "meshName": "Board"
  },
  {
    "name": "Board1_16",
    "position": [1.0, 0.0, 2.0],
    "rotation": [0.0, 0.0, 0.0],
    "scale": [1.0, 1.0, 1.0],
    "isMeshObj": true,
    "meshName": "Board"
  },
  {
    "name": "Board1_17",
    "position": [0.0, 0.0, 3.0],
    "rotation": [0.0, 0.0, 0.0],
    "scale": [1.0, 1.0, 1.0],
    "isMeshObj": true,
    "meshName": "Board"
  },
  {
    "name": "Board2_1 (1)",
    "position": [-1.0, 2.0, -1.01],
    "rotation": [0.0, 0.0, 0.0],
    "scale": [1.0, 1.0, 1.0],
    "isMeshObj": true,
    "meshName": "Board"
  },
  {
    "name": "Board2_3 (1)",
    "position": [0.0, 2.0, -2.01],
    "rotation": [0.0, 0.0, 0.0],
    "scale": [1.0, 1.0, 1.0],
    "isMeshObj": true,
    "meshName": "Board"
  },
  {
    "name": "Board2_4 (1)",
    "position": [0.0, 2.0, -1.01],
    "rotation": [0.0, 0.0, 0.0],
    "scale": [1.0, 1.0, 1.0],
    "isMeshObj": true,
    "meshName": "Board"
  },
  {
    "name": "Lv2Fence1F1_1 (1)",
    "position": [0.0, 0.0, -1.0],
    "rotation": [0.0, 0.0, 0.0],
    "scale": [1.0, 1.0, 1.0],
    "isMeshObj": false,
    "meshName": ""
  },
  {
    "name": "Lv2RainContainer1_1 (1)",
    "position": [-0.87, -0.1, -0.999],
    "rotation": [0.0, 0.0, 0.0],
    "scale": [1.0, 1.0, 1.0],
    "isMeshObj": true,
    "meshName": "Lv2RainContainer"
  },
  {
    "name": "Net1_1 (1)",
    "position": [1.0, 0.0, 1.0],
    "rotation": [0.0, 0.0, 0.0],
    "scale": [1.0, 1.0, 1.0],
    "isMeshObj": false,
    "meshName": ""
  },
  {
    "name": "Net1_2 (1)",
    "position": [-1.0, 0.0, 1.0],
    "rotation": [0.0, 0.0, 0.0],
    "scale": [1.0, 1.0, 1.0],
    "isMeshObj": false,
    "meshName": ""
  },
  {
    "name": "OarsBoard_Left",
    "position": [2.0, 0.0, 0.0],
    "rotation": [0.0, 0.0, 0.0],
    "scale": [1.0, 1.0, 1.0],
    "isMeshObj": false,
    "meshName": ""
  },
  {
    "name": "OarsBoard_Right",
    "position": [-2.0, 0.0, 0.0],
    "rotation": [0.0, 0.0, 0.0],
    "scale": [1.0, 1.0, 1.0],
    "isMeshObj": false,
    "meshName": ""
  },
  {
    "name": "fightFence",
    "position": [-1.03, 0.0, 0.0],
    "rotation": [0.0, 0.0, 0.0],
    "scale": [1.0, 1.0, 1.0],
    "isMeshObj": true,
    "meshName": "fightFence"
  },
  {
    "name": "Lv2Tree1Pot2_2 (1)",
    "position": [-1.0, 2.0, -1.988],
    "rotation": [0.0, 0.0, 0.0],
    "scale": [1.0, 1.0, 1.0],
    "isMeshObj": false,
    "meshName": ""
  }
]
