[
  {
    "Id": 1,
    "ResName": "Board1_17",
    "Info": "船板",
    "NavMapIndex": "0,1",
    "MapType": 1,
    "ComType": 1
  },
  {
    "Id": 2,
    "ResName": "Board1_14",
    "Info": "船板",
    "NavMapIndex": "1,0",
    "MapType": 1,
    "ComType": 2
  },
  {
    "Id": 3,
    "ResName": "Board1_15",
    "Info": "船板",
    "NavMapIndex": "1,1",
    "MapType": 1,
    "ComType": 1
  },
  {
    "Id": 4,
    "ResName": "Board1_16",
    "Info": "船板",
    "NavMapIndex": "1,2",
    "MapType": 1,
    "ComType": 2
  },
  {
    "Id": 5,
    "ResName": "Board1_2",
    "Info": "船板",
    "NavMapIndex": "2,1",
    "MapType": 1,
    "ComType": 1
  },
  {
    "Id": 6,
    "ResName": "Board1_1",
    "Info": "船板",
    "NavMapIndex": "3,0",
    "MapType": 1,
    "ComType": 1
  },
  {
    "Id": 7,
    "ResName": "Board1_3",
    "Info": "船板",
    "NavMapIndex": "3,1",
    "MapType": 1,
    "ComType": 1
  },
  {
    "Id": 8,
    "ResName": "Board1_10",
    "Info": "船板",
    "NavMapIndex": "3,2",
    "MapType": 1,
    "ComType": 1
  },
  {
    "Id": 9,
    "ResName": "Board1_5",
    "Info": "船板",
    "NavMapIndex": "4,1",
    "MapType": 1,
    "ComType": 1
  },
  {
    "Id": 10,
    "ResName": "Board1_6",
    "Info": "船板",
    "NavMapIndex": "4,2",
    "MapType": 1,
    "ComType": 2
  },
  {
    "Id": 11,
    "ResName": "Board1_9",
    "Info": "船板",
    "NavMapIndex": "5,0",
    "MapType": 1,
    "ComType": 1
  },
  {
    "Id": 12,
    "ResName": "Board1_8",
    "Info": "船板",
    "NavMapIndex": "5,1",
    "MapType": 1,
    "ComType": 1
  },
  {
    "Id": 13,
    "ResName": "Board1_7",
    "Info": "船板",
    "NavMapIndex": "5,2",
    "MapType": 1,
    "ComType": 1
  }
]
