[
  {
    "Id": 1,
    "Type": 1,
    "QuestName": "在海上生存x天",
    "Value": 3,
    "Reward": 100
  },
  {
    "Id": 2,
    "Type": 2,
    "QuestName": "下海救出x个船员",
    "Value": 5,
    "Reward": 200
  },
  {
    "Id": 3,
    "Type": 4,
    "QuestName": "收集x个海洋物资",
    "Value": 10,
    "Reward": 300
  },
  {
    "Id": 4,
    "Type": 5,
    "QuestName": "保养木筏x次",
    "Value": 10,
    "Reward": 400
  },
  {
    "Id": 5,
    "Type": 6,
    "QuestName": "杀死x个海盗",
    "Value": 5,
    "Reward": 500
  },
  {
    "Id": 6,
    "Type": 3,
    "QuestName": "下海救出x个动物",
    "Value": 5,
    "Reward": 600
  },
  {
    "Id": 7,
    "Type": 1,
    "QuestName": "在海上生存x天",
    "Value": 5,
    "Reward": 700
  },
  {
    "Id": 8,
    "Type": 1,
    "QuestName": "在海上生存x天",
    "Value": 7,
    "Reward": 800
  },
  {
    "Id": 9,
    "Type": 7,
    "QuestName": "成功上岸x次",
    "Value": 1,
    "Reward": 900
  }
]
