[
  {
    "Id": 1,
    "IconRes": "game/task_01.png",
    "Name": "无名海域",
    "UIPoint": "95.5,178",
    "StartPosition": "0.23,7.15",
    "EndPosition": "-9.63,81.5",
    "Unlock": 3,
    "ShipCentrePos": "0,0.5,0",
    "ShipCamDistance": 8,
    "ShipCamAngleLimit": "-45,0",
    "ShipCamOriginAngle": "40.5,-22.9",
    "IslandCentrePos": "-14.58,1.34,86.81",
    "IslandCamOriginAngle": "22.4,-39.85",
    "ViewCentrePos": "0,1,0",
    "ViewCamDistance": 7,
    "CamDistance": "0.15,9.5|0.24,10.5|0.85,11",
    "IslandPlayer": 0
  },
  {
    "Id": 2,
    "IconRes": "game/task_02-1.png",
    "Name": "失鹿岛",
    "UIPoint": "174,22",
    "StartPosition": "0,0",
    "EndPosition": "0,0",
    "Unlock": 0,
    "ShipCentrePos": 0,
    "ShipCamDistance": 0,
    "ShipCamAngleLimit": 0,
    "ShipCamOriginAngle": 0,
    "IslandCentrePos": 0,
    "IslandCamOriginAngle": 0,
    "ViewCentrePos": 0,
    "ViewCamDistance": 7,
    "CamDistance": 0,
    "IslandPlayer": 0
  },
  {
    "Id": 3,
    "IconRes": "game/task_02-1.png",
    "Name": "失鹿岛",
    "UIPoint": "239,22",
    "StartPosition": "0,0",
    "EndPosition": "-1.3,-97.79",
    "Unlock": 4,
    "ShipCentrePos": "0,0,0",
    "ShipCamDistance": 10,
    "ShipCamAngleLimit": "-45,0",
    "ShipCamOriginAngle": "32.4,-192.2",
    "IslandCentrePos": "-2.4,0,-103.24",
    "IslandCamOriginAngle": "32.4,-192.2",
    "ViewCentrePos": "0,1,0",
    "ViewCamDistance": 10,
    "CamDistance": "0.05,11|0.20,11.5|0.30,12|0.50,12.5",
    "IslandPlayer": "-13.867,0.84,87.032"
  },
  {
    "Id": 4,
    "IconRes": "game/task_02-2.png",
    "Name": "乌鸡岛",
    "UIPoint": "195.5,197.5",
    "StartPosition": "-1.3,-97.79",
    "EndPosition": "-136.18,-69.01",
    "Unlock": 13,
    "ShipCentrePos": "0,1,0",
    "ShipCamDistance": 11,
    "ShipCamAngleLimit": "-45,0",
    "ShipCamOriginAngle": "41.2,-120.6",
    "IslandCentrePos": "-135.64,1.552,-79.9",
    "IslandCamOriginAngle": "20.49,541.962",
    "ViewCentrePos": "0,3,0",
    "ViewCamDistance": 10,
    "CamDistance": "0.05,12|0.30,13|0.50,13.5|0.60,14|0.80,14.5",
    "IslandPlayer": "-2.7,0.228,-102.849"
  },
  {
    "Id": 5,
    "IconRes": "game/task_03-1.png",
    "Name": "圣庙",
    "UIPoint": "37,197.5",
    "StartPosition": "0,0",
    "EndPosition": 0,
    "Unlock": 0,
    "ShipCentrePos": 0,
    "ShipCamDistance": 0,
    "ShipCamAngleLimit": 0,
    "ShipCamOriginAngle": 0,
    "IslandCentrePos": 0,
    "IslandCamOriginAngle": 0,
    "ViewCentrePos": 0,
    "ViewCamDistance": 10,
    "CamDistance": 0,
    "IslandPlayer": 0
  },
  {
    "Id": 6,
    "IconRes": "game/task_03-1.png",
    "Name": "圣庙",
    "UIPoint": "50,75",
    "StartPosition": "0,0",
    "EndPosition": "-44.29,119.2",
    "Unlock": 2,
    "ShipCentrePos": "0,0,0",
    "ShipCamDistance": 9,
    "ShipCamAngleLimit": "-45,5",
    "ShipCamOriginAngle": "37.5,-56.7",
    "IslandCentrePos": "-59.18,0,129.67",
    "IslandCamOriginAngle": "37.5,-56.7",
    "ViewCentrePos": "0,1,0",
    "ViewCamDistance": 13,
    "CamDistance": "0.02,9.5|0.10,10|0.20,11|0.30,12.5|0.49,13|0.69,13.5",
    "IslandPlayer": "-135.589,1.552,-79.025"
  },
  {
    "Id": 7,
    "IconRes": "game/task_03-2.png",
    "Name": "骷颅岛",
    "UIPoint": "206,52",
    "StartPosition": "-44.29,119.2",
    "EndPosition": "34.35,12.78",
    "Unlock": 5,
    "ShipCentrePos": "0,0,0",
    "ShipCamDistance": 13,
    "ShipCamAngleLimit": "-45,5",
    "ShipCamOriginAngle": "24.5,81.5",
    "IslandCentrePos": "41.08,0,22.08",
    "IslandCamOriginAngle": "24.5,81.5",
    "ViewCentrePos": "0,3,0",
    "ViewCamDistance": 13,
    "CamDistance": "0.02,13.5|0.10,14|0.20,14.5|0.50,15|0.60,15.5|0.70,16|0.85,17",
    "IslandPlayer": "-58.142,2.017,127.921"
  },
  {
    "Id": 8,
    "IconRes": "game/task_03-3.png",
    "Name": "金子塔尖",
    "UIPoint": "240,234",
    "StartPosition": "34.35,12.78",
    "EndPosition": "-145.75,45.77",
    "Unlock": 0,
    "ShipCentrePos": "0,1,0",
    "ShipCamDistance": 17,
    "ShipCamAngleLimit": "-45,5",
    "ShipCamOriginAngle": "48.3,-96.5",
    "IslandCentrePos": "-154.83,0,49.95",
    "IslandCamOriginAngle": "48.3,-96.5",
    "ViewCentrePos": "0,5,0",
    "ViewCamDistance": 13,
    "CamDistance": "0.02,17.5|0.10,18|0.60,18.5|0.80,19",
    "IslandPlayer": 0
  },
  {
    "Id": 9,
    "IconRes": "game/task_04-1.png",
    "Name": "鲸鱼世界",
    "UIPoint": "32,212",
    "StartPosition": "0,0",
    "EndPosition": 0,
    "Unlock": 0,
    "ShipCentrePos": 0,
    "ShipCamDistance": 0,
    "ShipCamAngleLimit": 0,
    "ShipCamOriginAngle": 0,
    "IslandCentrePos": 0,
    "IslandCamOriginAngle": 0,
    "ViewCentrePos": 0,
    "ViewCamDistance": 13,
    "CamDistance": 0,
    "IslandPlayer": 0
  },
  {
    "Id": 10,
    "IconRes": "game/task_04-1.png",
    "Name": "鲸鱼世界",
    "UIPoint": "20,65",
    "StartPosition": "0,0",
    "EndPosition": "-3.4,108.89",
    "Unlock": 12,
    "ShipCentrePos": "0,0,0",
    "ShipCamDistance": 10,
    "ShipCamAngleLimit": "-45,5",
    "ShipCamOriginAngle": "23.9,-23.3",
    "IslandCentrePos": "-11.93,0,122.37",
    "IslandCamOriginAngle": "23.9,-23.3",
    "ViewCentrePos": "0,1,0",
    "ViewCamDistance": 14,
    "CamDistance": "0.02,10.5|0.10,11|0.20,11.5|0.40,12|0.50,12.5|0.60,13|0.70,14",
    "IslandPlayer": "-154.86,-0.046,49.96"
  },
  {
    "Id": 11,
    "IconRes": "game/task_04-2.png",
    "Name": "石头岛",
    "UIPoint": "195.5,17",
    "StartPosition": "-3.4,108.89",
    "EndPosition": "-82.77,-15.18",
    "Unlock": 6,
    "ShipCentrePos": "0,0,0",
    "ShipCamDistance": 14,
    "ShipCamAngleLimit": "-45,5",
    "ShipCamOriginAngle": "49.6,-172.4",
    "IslandCentrePos": "-83.43,0,-28.38",
    "IslandCamOriginAngle": "49.6,-172.4",
    "ViewCentrePos": "0,4,0",
    "ViewCamDistance": 14,
    "CamDistance": "0.02,14.5|0.10,15|0.20,15.5|0.50,16|0.69,16.5|0.85,17",
    "IslandPlayer": "-11.166,1.249,120.895"
  },
  {
    "Id": 12,
    "IconRes": "game/task_04-3.png",
    "Name": "猴子岛",
    "UIPoint": "206,145.5",
    "StartPosition": "-82.77,-15.18",
    "EndPosition": "-66.7,74.99",
    "Unlock": 14,
    "ShipCentrePos": "0,0,0",
    "ShipCamDistance": 14,
    "ShipCamAngleLimit": "-45,5",
    "ShipCamOriginAngle": "29,-57.3",
    "IslandCentrePos": "-90.32,0,75.94",
    "IslandCamOriginAngle": "29,-57.3",
    "ViewCentrePos": "0,4,0",
    "ViewCamDistance": 14,
    "CamDistance": "0.02,15|0.10,15.5|0.20,16|0.30,16.5|0.50,17",
    "IslandPlayer": "-83.283,0.596,-28.455"
  },
  {
    "Id": 13,
    "IconRes": "game/task_04-4.png",
    "Name": "原始部落",
    "UIPoint": "145.5,265",
    "StartPosition": "-66.7,74.99",
    "EndPosition": "50.3,75.7",
    "Unlock": 16,
    "ShipCentrePos": "0,0,0",
    "ShipCamDistance": 15,
    "ShipCamAngleLimit": "-45,5",
    "ShipCamOriginAngle": "32.8,57.1",
    "IslandCentrePos": "63.66,0,79.76",
    "IslandCamOriginAngle": "32.8,57.1",
    "ViewCentrePos": "0,4,0",
    "ViewCamDistance": 14,
    "CamDistance": "0.02,16|0.10,17|0.20,18|0.30,18.5|0.50,19|0.80,20",
    "IslandPlayer": "-90.336,5.076,75.47"
  },
  {
    "Id": 14,
    "IconRes": "game/task_05-1.png",
    "Name": "火山岛",
    "UIPoint": "48,181",
    "StartPosition": "0,0",
    "EndPosition": 0,
    "Unlock": 0,
    "ShipCentrePos": 0,
    "ShipCamDistance": 0,
    "ShipCamAngleLimit": 0,
    "ShipCamOriginAngle": 0,
    "IslandCentrePos": 0,
    "IslandCamOriginAngle": 0,
    "ViewCentrePos": 0,
    "ViewCamDistance": 14,
    "CamDistance": 0,
    "IslandPlayer": 0
  },
  {
    "Id": 15,
    "IconRes": "game/task_05-1.png",
    "Name": "火山岛",
    "UIPoint": "14,35",
    "StartPosition": "0,0",
    "EndPosition": "39.04,29.71",
    "Unlock": 0,
    "ShipCentrePos": "0,1,0",
    "ShipCamDistance": 10,
    "ShipCamAngleLimit": "-45,10",
    "ShipCamOriginAngle": "26,96.6",
    "IslandCentrePos": "55.43,0,25.91",
    "IslandCamOriginAngle": "26,96.6",
    "ViewCentrePos": "0,1,0",
    "ViewCamDistance": 13,
    "CamDistance": "0.02,10.5|0.10,11|0.20,11.5|0.50,12|0.60,12.5|0.70,13",
    "IslandPlayer": 0
  },
  {
    "Id": 16,
    "IconRes": "game/task_05-2.png",
    "Name": "冰岛",
    "UIPoint": "280,68",
    "StartPosition": "39.04,29.71",
    "EndPosition": "-15.95,-64.56",
    "Unlock": 0,
    "ShipCentrePos": "0,1,0",
    "ShipCamDistance": 11,
    "ShipCamAngleLimit": "-45,10",
    "ShipCamOriginAngle": "13.08,173.65",
    "IslandCentrePos": "-18.22,0,-81.77",
    "IslandCamOriginAngle": "13.08,173.65",
    "ViewCentrePos": "0,5,0",
    "ViewCamDistance": 13,
    "CamDistance": "0.02,11.5|0.10,12|0.20,13|0.50,13.5|0.70,14|0.80,14.5",
    "IslandPlayer": 0
  },
  {
    "Id": 17,
    "IconRes": "game/task_05-3.png",
    "Name": "机器城",
    "UIPoint": "216,227",
    "StartPosition": "-15.95,-64.56",
    "EndPosition": "33.63,-33.15",
    "Unlock": 7,
    "ShipCentrePos": "0,2,0",
    "ShipCamDistance": 13,
    "ShipCamAngleLimit": "-45,10",
    "ShipCamOriginAngle": "15.6,110.04",
    "IslandCentrePos": "51.81,0,-45.08",
    "IslandCamOriginAngle": "15.6,110.04",
    "ViewCentrePos": "0,5,0",
    "ViewCamDistance": 13,
    "CamDistance": "0.02,13.5|0.10,14|0.20,14.5|0.50,15|0.70,16",
    "IslandPlayer": "-18.33,1.3,-80.83"
  },
  {
    "Id": 18,
    "IconRes": "game/task_06-1.png",
    "Name": "罗马帝国",
    "UIPoint": "33,235",
    "StartPosition": "0,0",
    "EndPosition": 0,
    "Unlock": 0,
    "ShipCentrePos": 0,
    "ShipCamDistance": 0,
    "ShipCamAngleLimit": 0,
    "ShipCamOriginAngle": 0,
    "IslandCentrePos": 0,
    "IslandCamOriginAngle": 0,
    "ViewCentrePos": 0,
    "ViewCamDistance": 13,
    "CamDistance": 0,
    "IslandPlayer": 0
  },
  {
    "Id": 19,
    "IconRes": "game/task_06-1.png",
    "Name": "罗马帝国",
    "UIPoint": "91,50",
    "StartPosition": "63,15.9",
    "EndPosition": "-39.1,105.1",
    "Unlock": 0,
    "ShipCentrePos": "-2,1,0",
    "ShipCamDistance": 10,
    "ShipCamAngleLimit": "-45,10",
    "ShipCamOriginAngle": "25.7,-3.9",
    "IslandCentrePos": "-38.4,18.84,91",
    "IslandCamOriginAngle": "25.7,-3.9",
    "ViewCentrePos": "-2,4,0",
    "ViewCamDistance": 22,
    "CamDistance": "0.02,12|0.05,12.5|0.20,13.5|0.50,14|0.70,14.5|0.80,15",
    "IslandPlayer": 0
  },
  {
    "Id": 20,
    "IconRes": "game/task_06-3.png",
    "Name": "好望角",
    "UIPoint": "125,154",
    "StartPosition": "-39.1,105.1",
    "EndPosition": "-86.8,-115.4",
    "Unlock": 0,
    "ShipCentrePos": "-2,1,0",
    "ShipCamDistance": 13,
    "ShipCamAngleLimit": "-45,10",
    "ShipCamOriginAngle": "9.7,-77.4",
    "IslandCentrePos": "-80.6,11.21,-119.5",
    "IslandCamOriginAngle": "9.7,-77.4",
    "ViewCentrePos": "0,5,0",
    "ViewCamDistance": 13,
    "CamDistance": "0.02,12|0.05,13|0.20,13.5|0.50,14|0.70,14.5|0.80,15",
    "IslandPlayer": 0
  },
  {
    "Id": 21,
    "IconRes": "game/task_06-2.png",
    "Name": "死亡之地",
    "UIPoint": "102,255",
    "StartPosition": "-86.8,-115.4",
    "EndPosition": "-86.8,14.6",
    "Unlock": 10,
    "ShipCentrePos": "-2,4,0",
    "ShipCamDistance": 22,
    "ShipCamAngleLimit": "-45,10",
    "ShipCamOriginAngle": "24.7,-85.27",
    "IslandCentrePos": "-68.94,8,13.37",
    "IslandCamOriginAngle": "24.7,-85.27",
    "ViewCentrePos": "0,5,0",
    "ViewCamDistance": 13,
    "CamDistance": "0.02,14|0.05,15|0.20,16|0.50,17|0.60,18|0.70,20",
    "IslandPlayer": "-104.7,4.63,-109.2"
  },
  {
    "Id": 22,
    "IconRes": "game/task_06-3.png",
    "Name": "木制时期",
    "UIPoint": "228,258",
    "StartPosition": "0,0",
    "EndPosition": 0,
    "Unlock": 0,
    "ShipCentrePos": 0,
    "ShipCamDistance": 0,
    "ShipCamAngleLimit": 0,
    "ShipCamOriginAngle": 0,
    "IslandCentrePos": 0,
    "IslandCamOriginAngle": 0,
    "ViewCentrePos": "0,5,0",
    "ViewCamDistance": 13,
    "CamDistance": 0,
    "IslandPlayer": 0
  },
  {
    "Id": 23,
    "IconRes": "game/task_01.png",
    "Name": "新年快乐",
    "UIPoint": "95.5,178",
    "StartPosition": "0.23,7.15",
    "EndPosition": "-9.63,81.5",
    "Unlock": 0,
    "ShipCentrePos": "0,0,0",
    "ShipCamDistance": 8,
    "ShipCamAngleLimit": "-45,5",
    "ShipCamOriginAngle": "40.5,-22.9",
    "IslandCentrePos": "-14.58,1.34,86.81",
    "IslandCamOriginAngle": "22.4,-39.85",
    "ViewCentrePos": "0,1,0",
    "ViewCamDistance": 7,
    "CamDistance": "0.01,11|0.5,12|0.10,13|0.50,14|0.60,17|0.70,18|0.90,19",
    "IslandPlayer": 0
  },
  {
    "Id": 24,
    "IconRes": "game/task_02-1.png",
    "Name": "木制时期",
    "UIPoint": "239,22",
    "StartPosition": "26.2,-36.2",
    "EndPosition": "-107,-90.1",
    "Unlock": 0,
    "ShipCentrePos": "0,0,0",
    "ShipCamDistance": 10,
    "ShipCamAngleLimit": "-45,0",
    "ShipCamOriginAngle": "32.4,-192.2",
    "IslandCentrePos": "-119.29,2,-95.07",
    "IslandCamOriginAngle": "4.26,-116.79",
    "ViewCentrePos": "0,1,0",
    "ViewCamDistance": 10,
    "CamDistance": "0.05,12|0.20,13|0.30,13.5|0.50,14|0.60,16|0.70,17",
    "IslandPlayer": 0
  },
  {
    "Id": 25,
    "IconRes": "game/task_02-2.png",
    "Name": "木偶部落",
    "UIPoint": "195.5,197.5",
    "StartPosition": "-95.34,-84.61",
    "EndPosition": "-99.7,42.1",
    "Unlock": 11,
    "ShipCentrePos": "0,1,0",
    "ShipCamDistance": 11,
    "ShipCamAngleLimit": "-45,0",
    "ShipCamOriginAngle": "41.2,-120.6",
    "IslandCentrePos": "-98.3,4.7,59.81",
    "IslandCamOriginAngle": "21,8.1",
    "ViewCentrePos": "0,3,0",
    "ViewCamDistance": 10,
    "CamDistance": "0.05,15|0.30,16|0.50,16.5|0.60,17|0.70,17.5",
    "IslandPlayer": "-119.29,2.0,-95.07"
  },
  {
    "Id": 26,
    "IconRes": "game/task_03-1.png",
    "Name": "东方文明",
    "UIPoint": "37,197.5",
    "StartPosition": "0,0",
    "EndPosition": 0,
    "Unlock": 0,
    "ShipCentrePos": 0,
    "ShipCamDistance": 0,
    "ShipCamAngleLimit": 0,
    "ShipCamOriginAngle": 0,
    "IslandCentrePos": 0,
    "IslandCamOriginAngle": 0,
    "ViewCentrePos": 0,
    "ViewCamDistance": 10,
    "CamDistance": 0,
    "IslandPlayer": 0
  },
  {
    "Id": 27,
    "IconRes": "game/task_01.png",
    "Name": "夏季狂欢",
    "UIPoint": "95.5,178",
    "StartPosition": "0.23,7.15",
    "EndPosition": "-9.63,81.5",
    "Unlock": 0,
    "ShipCentrePos": "0,0,0",
    "ShipCamDistance": 8,
    "ShipCamAngleLimit": "-45,5",
    "ShipCamOriginAngle": "40.5,-22.9",
    "IslandCentrePos": "-14.58,1.34,86.81",
    "IslandCamOriginAngle": "22.4,-39.85",
    "ViewCentrePos": "0,1,0",
    "ViewCamDistance": 7,
    "CamDistance": "0.01,11|0.5,12|0.10,13|0.50,14|0.60,17|0.70,18|0.90,19",
    "IslandPlayer": 0
  }
]
