[
  {
    "Id": 1,
    "SceneRes": "3dres/Conventional/Configs/Scene1.ls",
    "FightSceneRes": "3dres/Conventional/Configs/Scene4.ls",
    "SceneData": "Ship1Data",
    "FightShipData": "FightShip1Data",
    "MapRes": "game/map_charpter1.png",
    "Islands": "1,2",
    "Name": "落荒大海",
    "CollectPos": "0,6,0,1",
    "FightPoint": "46.9,0,47.7|53,0,-24.3|-3.5,0,-69.4"
  },
  {
    "Id": 2,
    "SceneRes": "3dres/Conventional/Configs/Scene2.ls",
    "FightSceneRes": "3dres/Conventional/Configs/Scene3.ls",
    "SceneData": "Ship2Data",
    "FightShipData": "FightShip2Data",
    "MapRes": "game/map_charpter2.png",
    "Islands": "3,4,5",
    "Name": "寻找海岛",
    "CollectPos": "0.094179,4.6785,0.13,0.70",
    "FightPoint": "26.6,0,31.7|53.6,0,-31.8|14.7,0,-82.9"
  },
  {
    "Id": 3,
    "SceneRes": "3dres/Conventional/Configs/Scene3.ls",
    "FightSceneRes": "3dres/Conventional/Configs/Scene4.ls",
    "SceneData": "Ship3Data",
    "FightShipData": "FightShip3Data",
    "MapRes": "game/map_charpter3.png",
    "Islands": "6,7,8,9",
    "Name": "失落圣庙",
    "CollectPos": "0,3.72,0.02,0.45",
    "FightPoint": "46.9,0,47.7|53,0,-24.3|-3.5,0,-69.4"
  },
  {
    "Id": 4,
    "SceneRes": "3dres/Conventional/Configs/Scene4.ls",
    "FightSceneRes": "3dres/Conventional/Configs/Scene3.ls",
    "SceneData": "Ship4Data",
    "FightShipData": "FightShip4Data",
    "MapRes": "game/map_charpter4.png",
    "Islands": "10,11,12,13,14",
    "Name": "海蓝世界",
    "CollectPos": "-0.01,4.78,-0.33,0.404561",
    "FightPoint": "26.6,0,31.7|53.6,0,-31.8|14.7,0,-82.9"
  },
  {
    "Id": 5,
    "SceneRes": "3dres/Conventional/Configs/Scene4.ls",
    "FightSceneRes": "3dres/Conventional/Configs/Scene3.ls",
    "SceneData": "Ship5Data",
    "FightShipData": "FightShip5Data",
    "MapRes": "game/map_charpter5.png",
    "Islands": "15,16,17,18",
    "Name": "跨横北欧",
    "CollectPos": "0.041178,4.3038,0.3038,0.4412968",
    "FightPoint": "26.6,0,31.7|53.6,0,-31.8|14.7,0,-82.9"
  },
  {
    "Id": 6,
    "SceneRes": "3dres/Conventional/Configs/Scene2.ls",
    "FightSceneRes": "3dres/Conventional/Configs/Scene4.ls",
    "SceneData": "Ship6Data",
    "FightShipData": "FightShip6Data",
    "MapRes": "game/map_charpter6.png",
    "Islands": "19,20,21,22",
    "Name": "罗马帝国",
    "CollectPos": "1.45,4.5,-1.54,0.4",
    "FightPoint": "46.9,0,47.7|53,0,-24.3|-3.5,0,-69.4"
  },
  {
    "Id": 7,
    "SceneRes": "3dres/Conventional/Configs/Scene2.ls",
    "FightSceneRes": "3dres/Conventional/Configs/Scene4.ls",
    "SceneData": "Ship7Data",
    "FightShipData": "FightShip7Data",
    "MapRes": "game/map_charpter2.png",
    "Islands": "24,25,26",
    "Name": "木器时代",
    "CollectPos": "0.61,5.07,0.88,0.4690048",
    "FightPoint": "46.9,0,47.7|53,0,-24.3|-3.5,0,-69.4"
  }
]
