[
  {
    "Id": 1,
    "Name": "海盗船长",
    "Attack": 19,
    "Life": 49,
    "BgResPath": "game/map_playerbg_1.png",
    "IconUrl": "game/adv_attackicon1.png",
    "RoleUrl": "player_E01"
  },
  {
    "Id": 2,
    "Name": "海盗喽啰",
    "Attack": 15,
    "Life": 42,
    "BgResPath": "game/map_playerbg_1.png",
    "IconUrl": "game/adv_attackicon1.png",
    "RoleUrl": "player_E02"
  },
  {
    "Id": 3,
    "Name": "海盗喽啰",
    "Attack": 16,
    "Life": 43,
    "BgResPath": "game/map_playerbg_1.png",
    "IconUrl": "game/adv_attackicon1.png",
    "RoleUrl": "player_E03"
  },
  {
    "Id": 4,
    "Name": "章鱼",
    "Attack": 8,
    "Life": 32,
    "BgResPath": "game/map_playerbg_1.png",
    "IconUrl": "game/adv_attackicon1.png",
    "RoleUrl": "player_E04"
  },
  {
    "Id": 5,
    "Name": "螃蟹",
    "Attack": 6,
    "Life": 31,
    "BgResPath": "game/map_playerbg_1.png",
    "IconUrl": "game/adv_attackicon1.png",
    "RoleUrl": "player_E05"
  },
  {
    "Id": 6,
    "Name": "鲨鱼",
    "Attack": 10,
    "Life": 100
  }
]
