[
  {
    "Id": 1,
    "QuestName": "建造胡萝卜地",
    "Doc": "洪水过后",
    "Icon": "game/buildIcon57.png",
    "AboveQuestId": 1,
    "StageId": 1,
    "StageName": "木筏任务1",
    "StageDoc": "从木筏到方舟，没那么简单……",
    "StageIcon": "game/task_01.png",
    "Conditions": 22,
    "Show": 1,
    "Reward": 2100
  },
  {
    "Id": 2,
    "QuestName": "建造10块船板",
    "Doc": "洪水过后",
    "Icon": "game/buildIcon53.png",
    "AboveQuestId": 1,
    "StageId": 1,
    "StageName": "木筏任务1",
    "StageDoc": "从木筏到方舟，没那么简单……",
    "StageIcon": "game/task_01.png",
    "Conditions": 10,
    "Show": 2,
    "Reward": 2200
  },
  {
    "Id": 3,
    "QuestName": "建造一个木浆",
    "Doc": "洪水过后",
    "Icon": "game/buildIcon43.png",
    "AboveQuestId": 1,
    "StageId": 1,
    "StageName": "木筏任务1",
    "StageDoc": "从木筏到方舟，没那么简单……",
    "StageIcon": "game/task_01.png",
    "Conditions": 24,
    "Show": 3,
    "Reward": 2600
  },
  {
    "Id": 4,
    "QuestName": "建造一间控制室",
    "Doc": "洪水过后",
    "Icon": "game/buildIcon51.png",
    "AboveQuestId": 1,
    "StageId": 1,
    "StageName": "木筏任务1",
    "StageDoc": "从木筏到方舟，没那么简单……",
    "StageIcon": "game/task_01.png",
    "Conditions": 26,
    "Show": 4,
    "Reward": 2100
  },
  {
    "Id": 5,
    "QuestName": "建造17块船板",
    "Doc": "洪水过后",
    "Icon": "game/buildIcon53.png",
    "AboveQuestId": 1,
    "StageId": 1,
    "StageName": "木筏任务1",
    "StageDoc": "从木筏到方舟，没那么简单……",
    "StageIcon": "game/task_01.png",
    "Conditions": 18,
    "Show": 5,
    "Reward": 2200
  },
  {
    "Id": 6,
    "QuestName": "建筑一个帆",
    "Doc": "洪水过后",
    "Icon": "game/buildIcon37.png",
    "AboveQuestId": 1,
    "StageId": 1,
    "StageName": "木筏任务1",
    "StageDoc": "从木筏到方舟，没那么简单……",
    "StageIcon": "game/task_01.png",
    "Conditions": 20,
    "Show": 6,
    "Reward": 2600
  },
  {
    "Id": 7,
    "QuestName": "建造一个火把",
    "Doc": "失落神庙形态1",
    "Icon": "game/buildIcon56.png",
    "AboveQuestId": 2,
    "StageId": 1,
    "StageName": "木筏任务2",
    "StageDoc": "生存之后，才有文明",
    "StageIcon": "game/task_01.png",
    "Conditions": 31,
    "Show": 1,
    "Reward": 2200
  },
  {
    "Id": 8,
    "QuestName": "建造15块船板",
    "Doc": "失落神庙形态1",
    "Icon": "game/buildIcon53.png",
    "AboveQuestId": 2,
    "StageId": 1,
    "StageName": "木筏任务2",
    "StageDoc": "生存之后，才有文明",
    "StageIcon": "game/task_01.png",
    "Conditions": 15,
    "Show": 2,
    "Reward": 2600
  },
  {
    "Id": 9,
    "QuestName": "建造一个水露容器",
    "Doc": "失落神庙形态1",
    "Icon": "game/buildIcon49.png",
    "AboveQuestId": 2,
    "StageId": 1,
    "StageName": "木筏任务2",
    "StageDoc": "生存之后，才有文明",
    "StageIcon": "game/task_01.png",
    "Conditions": 38,
    "Show": 3,
    "Reward": 2200
  },
  {
    "Id": 10,
    "QuestName": "建造一个秋千",
    "Doc": "失落神庙形态1",
    "Icon": "game/buildIcon16.png",
    "AboveQuestId": 2,
    "StageId": 1,
    "StageName": "木筏任务2",
    "StageDoc": "生存之后，才有文明",
    "StageIcon": "game/task_01.png",
    "Conditions": 35,
    "Show": 4,
    "Reward": 2600
  },
  {
    "Id": 11,
    "QuestName": "建造29块船板",
    "Doc": "失落神庙形态1",
    "Icon": "game/buildIcon53.png",
    "AboveQuestId": 2,
    "StageId": 1,
    "StageName": "木筏任务2",
    "StageDoc": "生存之后，才有文明",
    "StageIcon": "game/task_01.png",
    "Conditions": 29,
    "Show": 5,
    "Reward": 2200
  },
  {
    "Id": 12,
    "QuestName": "建造一个木浆",
    "Doc": "失落神庙形态1",
    "Icon": "game/buildIcon43.png",
    "AboveQuestId": 2,
    "StageId": 1,
    "StageName": "木筏任务2",
    "StageDoc": "生存之后，才有文明",
    "StageIcon": "game/task_01.png",
    "Conditions": 40,
    "Show": 6,
    "Reward": 2600
  },
  {
    "Id": 13,
    "QuestName": "建造一楼围栏",
    "Doc": "失落神庙形态2",
    "Icon": "game/buildIcon60.png",
    "AboveQuestId": 2,
    "StageId": 2,
    "StageName": "木筏任务2",
    "StageDoc": "逝去的，不会被忘记……",
    "StageIcon": "game/task_01.png",
    "Conditions": 51,
    "Show": 1,
    "Reward": 2200
  },
  {
    "Id": 14,
    "QuestName": "建造34块船板",
    "Doc": "失落神庙形态2",
    "Icon": "game/buildIcon53.png",
    "AboveQuestId": 2,
    "StageId": 2,
    "StageName": "木筏任务2",
    "StageDoc": "逝去的，不会被忘记……",
    "StageIcon": "game/task_01.png",
    "Conditions": 47,
    "Show": 2,
    "Reward": 2600
  },
  {
    "Id": 15,
    "QuestName": "建造一个挂床",
    "Doc": "失落神庙形态2",
    "Icon": "game/buildIcon38.png",
    "AboveQuestId": 2,
    "StageId": 2,
    "StageName": "木筏任务2",
    "StageDoc": "逝去的，不会被忘记……",
    "StageIcon": "game/task_01.png",
    "Conditions": 61,
    "Show": 3,
    "Reward": 2200
  },
  {
    "Id": 16,
    "QuestName": "建造二楼围栏",
    "Doc": "失落神庙形态2",
    "Icon": "game/buildIcon60.png",
    "AboveQuestId": 2,
    "StageId": 2,
    "StageName": "木筏任务2",
    "StageDoc": "逝去的，不会被忘记……",
    "StageIcon": "game/task_01.png",
    "Conditions": 62,
    "Show": 4,
    "Reward": 2600
  },
  {
    "Id": 17,
    "QuestName": "建造39块船板",
    "Doc": "失落神庙形态2",
    "Icon": "game/buildIcon53.png",
    "AboveQuestId": 2,
    "StageId": 2,
    "StageName": "木筏任务2",
    "StageDoc": "逝去的，不会被忘记……",
    "StageIcon": "game/task_01.png",
    "Conditions": 64,
    "Show": 5,
    "Reward": 2200
  },
  {
    "Id": 18,
    "QuestName": "将小帆升级为大帆",
    "Doc": "失落神庙形态2",
    "Icon": "game/buildIcon52.png",
    "AboveQuestId": 2,
    "StageId": 2,
    "StageName": "木筏任务2",
    "StageDoc": "逝去的，不会被忘记……",
    "StageIcon": "game/task_01.png",
    "Conditions": 72,
    "Show": 6,
    "Reward": 2600
  },
  {
    "Id": 19,
    "QuestName": "建造30块浮石",
    "Doc": "绯红与沙形态1",
    "Icon": "game/buildIcon116.png",
    "AboveQuestId": 3,
    "StageId": 1,
    "StageName": "木筏任务3",
    "StageDoc": "被沙掩埋的，不只有宝藏",
    "StageIcon": "game/task_01.png",
    "Conditions": 63,
    "Show": 1,
    "Reward": 2200
  },
  {
    "Id": 20,
    "QuestName": "建造一个陵寝",
    "Doc": "绯红与沙形态1",
    "Icon": "game/buildIcon113.png",
    "AboveQuestId": 3,
    "StageId": 1,
    "StageName": "木筏任务3",
    "StageDoc": "被沙掩埋的，不只有宝藏",
    "StageIcon": "game/task_01.png",
    "Conditions": 21,
    "Show": 2,
    "Reward": 2600
  },
  {
    "Id": 21,
    "QuestName": "建造一个楼梯",
    "Doc": "绯红与沙形态1",
    "Icon": "game/buildIcon63.png",
    "AboveQuestId": 3,
    "StageId": 1,
    "StageName": "木筏任务3",
    "StageDoc": "被沙掩埋的，不只有宝藏",
    "StageIcon": "game/task_01.png",
    "Conditions": 17,
    "Show": 3,
    "Reward": 2200
  },
  {
    "Id": 22,
    "QuestName": "建造59块浮石",
    "Doc": "绯红与沙形态1",
    "Icon": "game/buildIcon116.png",
    "AboveQuestId": 3,
    "StageId": 1,
    "StageName": "木筏任务3",
    "StageDoc": "被沙掩埋的，不只有宝藏",
    "StageIcon": "game/task_01.png",
    "Conditions": 92,
    "Show": 4,
    "Reward": 2600
  },
  {
    "Id": 23,
    "QuestName": "建造一个祭坛",
    "Doc": "绯红与沙形态1",
    "Icon": "game/buildIcon123.png",
    "AboveQuestId": 3,
    "StageId": 1,
    "StageName": "木筏任务3",
    "StageDoc": "被沙掩埋的，不只有宝藏",
    "StageIcon": "game/task_01.png",
    "Conditions": 104,
    "Show": 5,
    "Reward": 2200
  },
  {
    "Id": 24,
    "QuestName": "建造一个划桨",
    "Doc": "绯红与沙形态1",
    "Icon": "game/buildIcon55.png",
    "AboveQuestId": 3,
    "StageId": 1,
    "StageName": "木筏任务3",
    "StageDoc": "被沙掩埋的，不只有宝藏",
    "StageIcon": "game/task_01.png",
    "Conditions": 108,
    "Show": 6,
    "Reward": 2600
  },
  {
    "Id": 25,
    "QuestName": "建造100块浮石",
    "Doc": "绯红与沙形态2",
    "Icon": "game/buildIcon116.png",
    "AboveQuestId": 3,
    "StageId": 2,
    "StageName": "木筏任务3",
    "StageDoc": "爱冒险的勇士，一直在路上",
    "StageIcon": "game/task_01.png",
    "Conditions": 143,
    "Show": 1,
    "Reward": 2200
  },
  {
    "Id": 26,
    "QuestName": "建造一根直立柱",
    "Doc": "绯红与沙形态2",
    "Icon": "game/buildIcon118.png",
    "AboveQuestId": 3,
    "StageId": 2,
    "StageName": "木筏任务3",
    "StageDoc": "爱冒险的勇士，一直在路上",
    "StageIcon": "game/task_01.png",
    "Conditions": 154,
    "Show": 2,
    "Reward": 2600
  },
  {
    "Id": 27,
    "QuestName": "建造一座默尔克司像",
    "Doc": "绯红与沙形态2",
    "Icon": "game/buildIcon109.png",
    "AboveQuestId": 3,
    "StageId": 2,
    "StageName": "木筏任务3",
    "StageDoc": "爱冒险的勇士，一直在路上",
    "StageIcon": "game/task_01.png",
    "Conditions": 169,
    "Show": 3,
    "Reward": 2200
  },
  {
    "Id": 28,
    "QuestName": "建造一座阿奴比斯像",
    "Doc": "绯红与沙形态2",
    "Icon": "game/buildIcon112.png",
    "AboveQuestId": 3,
    "StageId": 2,
    "StageName": "木筏任务3",
    "StageDoc": "爱冒险的勇士，一直在路上",
    "StageIcon": "game/task_01.png",
    "Conditions": 165,
    "Show": 4,
    "Reward": 2600
  },
  {
    "Id": 29,
    "QuestName": "建筑一个楼梯",
    "Doc": "绯红与沙形态2",
    "Icon": "game/buildIcon40.png",
    "AboveQuestId": 3,
    "StageId": 2,
    "StageName": "木筏任务3",
    "StageDoc": "爱冒险的勇士，一直在路上",
    "StageIcon": "game/task_01.png",
    "Conditions": 191,
    "Show": 5,
    "Reward": 2200
  },
  {
    "Id": 30,
    "QuestName": "建造一个王座",
    "Doc": "绯红与沙形态2",
    "Icon": "game/buildIcon106.png",
    "AboveQuestId": 3,
    "StageId": 2,
    "StageName": "木筏任务3",
    "StageDoc": "爱冒险的勇士，一直在路上",
    "StageIcon": "game/task_01.png",
    "Conditions": 193,
    "Show": 6,
    "Reward": 2600
  },
  {
    "Id": 31,
    "QuestName": "建造150块浮石",
    "Doc": "绯红与沙形态3",
    "Icon": "game/buildIcon116.png",
    "AboveQuestId": 3,
    "StageId": 3,
    "StageName": "木筏任务3",
    "StageDoc": "航行的路上，总会遇到一些鱼",
    "StageIcon": "game/task_01.png",
    "Conditions": 219,
    "Show": 1,
    "Reward": 2200
  },
  {
    "Id": 32,
    "QuestName": "建造一个记忆风标",
    "Doc": "绯红与沙形态3",
    "Icon": "game/buildIcon02.png",
    "AboveQuestId": 3,
    "StageId": 3,
    "StageName": "木筏任务3",
    "StageDoc": "航行的路上，总会遇到一些鱼",
    "StageIcon": "game/task_01.png",
    "Conditions": 271,
    "Show": 2,
    "Reward": 2600
  },
  {
    "Id": 33,
    "QuestName": "建造一个南瓜田",
    "Doc": "绯红与沙形态3",
    "Icon": "game/buildIcon24.png",
    "AboveQuestId": 3,
    "StageId": 3,
    "StageName": "木筏任务3",
    "StageDoc": "航行的路上，总会遇到一些鱼",
    "StageIcon": "game/task_01.png",
    "Conditions": 237,
    "Show": 3,
    "Reward": 2200
  },
  {
    "Id": 34,
    "QuestName": "建造一座风尖碑",
    "Doc": "绯红与沙形态3",
    "Icon": "game/buildIcon114.png",
    "AboveQuestId": 3,
    "StageId": 3,
    "StageName": "木筏任务3",
    "StageDoc": "航行的路上，总会遇到一些鱼",
    "StageIcon": "game/task_01.png",
    "Conditions": 269,
    "Show": 4,
    "Reward": 2600
  },
  {
    "Id": 35,
    "QuestName": "建造一个努尔像",
    "Doc": "绯红与沙形态3",
    "Icon": "game/buildIcon120.png",
    "AboveQuestId": 3,
    "StageId": 3,
    "StageName": "木筏任务3",
    "StageDoc": "航行的路上，总会遇到一些鱼",
    "StageIcon": "game/task_01.png",
    "Conditions": 266,
    "Show": 5,
    "Reward": 2200
  },
  {
    "Id": 36,
    "QuestName": "建造一个巨帆",
    "Doc": "绯红与沙形态3",
    "Icon": "game/buildIcon107.png",
    "AboveQuestId": 3,
    "StageId": 3,
    "StageName": "木筏任务3",
    "StageDoc": "航行的路上，总会遇到一些鱼",
    "StageIcon": "game/task_01.png",
    "Conditions": 233,
    "Show": 6,
    "Reward": 2600
  },
  {
    "Id": 37,
    "QuestName": "建造一座巨鲸雕像",
    "Doc": "碧蓝传奇形态1",
    "Icon": "game/buildIcon89.png",
    "AboveQuestId": 4,
    "StageId": 1,
    "StageName": "木筏任务4",
    "StageDoc": "你问我要去向何方，我指着大海的方向",
    "StageIcon": "game/task_01.png",
    "Conditions": 38,
    "Show": 1,
    "Reward": 2200
  },
  {
    "Id": 38,
    "QuestName": "建造36块石头",
    "Doc": "碧蓝传奇形态1",
    "Icon": "game/buildIcon79.png",
    "AboveQuestId": 4,
    "StageId": 1,
    "StageName": "木筏任务4",
    "StageDoc": "你问我要去向何方，我指着大海的方向",
    "StageIcon": "game/task_01.png",
    "Conditions": 36,
    "Show": 2,
    "Reward": 2600
  },
  {
    "Id": 39,
    "QuestName": "建造一张床",
    "Doc": "碧蓝传奇形态1",
    "Icon": "game/buildIcon93.png",
    "AboveQuestId": 4,
    "StageId": 1,
    "StageName": "木筏任务4",
    "StageDoc": "你问我要去向何方，我指着大海的方向",
    "StageIcon": "game/task_01.png",
    "Conditions": 44,
    "Show": 3,
    "Reward": 2200
  },
  {
    "Id": 40,
    "QuestName": "建筑一个楼梯",
    "Doc": "碧蓝传奇形态1",
    "Icon": "game/buildIcon83.png",
    "AboveQuestId": 4,
    "StageId": 1,
    "StageName": "木筏任务4",
    "StageDoc": "你问我要去向何方，我指着大海的方向",
    "StageIcon": "game/task_01.png",
    "Conditions": 37,
    "Show": 4,
    "Reward": 2600
  },
  {
    "Id": 41,
    "QuestName": "建造79块石头",
    "Doc": "碧蓝传奇形态1",
    "Icon": "game/buildIcon79.png",
    "AboveQuestId": 4,
    "StageId": 1,
    "StageName": "木筏任务4",
    "StageDoc": "你问我要去向何方，我指着大海的方向",
    "StageIcon": "game/task_01.png",
    "Conditions": 92,
    "Show": 5,
    "Reward": 2200
  },
  {
    "Id": 42,
    "QuestName": "建造一座雄狮雕像",
    "Doc": "碧蓝传奇形态1",
    "Icon": "game/buildIcon102.png",
    "AboveQuestId": 4,
    "StageId": 1,
    "StageName": "木筏任务4",
    "StageDoc": "你问我要去向何方，我指着大海的方向",
    "StageIcon": "game/task_01.png",
    "Conditions": 105,
    "Show": 6,
    "Reward": 2600
  },
  {
    "Id": 43,
    "QuestName": "建造一根柱子",
    "Doc": "碧蓝传奇形态2",
    "Icon": "game/buildIcon82.png",
    "AboveQuestId": 4,
    "StageId": 2,
    "StageName": "木筏任务4",
    "StageDoc": "老骥伏枥，志在千里",
    "StageIcon": "game/task_01.png",
    "Conditions": 166,
    "Show": 1,
    "Reward": 2200
  },
  {
    "Id": 44,
    "QuestName": "建造109块石头",
    "Doc": "碧蓝传奇形态2",
    "Icon": "game/buildIcon79.png",
    "AboveQuestId": 4,
    "StageId": 2,
    "StageName": "木筏任务4",
    "StageDoc": "老骥伏枥，志在千里",
    "StageIcon": "game/task_01.png",
    "Conditions": 133,
    "Show": 2,
    "Reward": 2600
  },
  {
    "Id": 45,
    "QuestName": "建造一个金浴缸",
    "Doc": "碧蓝传奇形态2",
    "Icon": "game/buildIcon98.png",
    "AboveQuestId": 4,
    "StageId": 2,
    "StageName": "木筏任务4",
    "StageDoc": "老骥伏枥，志在千里",
    "StageIcon": "game/task_01.png",
    "Conditions": 176,
    "Show": 3,
    "Reward": 2200
  },
  {
    "Id": 46,
    "QuestName": "建造一座利拉琴雕像",
    "Doc": "碧蓝传奇形态2",
    "Icon": "game/buildIcon99.png",
    "AboveQuestId": 4,
    "StageId": 2,
    "StageName": "木筏任务4",
    "StageDoc": "老骥伏枥，志在千里",
    "StageIcon": "game/task_01.png",
    "Conditions": 170,
    "Show": 4,
    "Reward": 2600
  },
  {
    "Id": 47,
    "QuestName": "建造139块石头",
    "Doc": "碧蓝传奇形态2",
    "Icon": "game/buildIcon79.png",
    "AboveQuestId": 4,
    "StageId": 2,
    "StageName": "木筏任务4",
    "StageDoc": "老骥伏枥，志在千里",
    "StageIcon": "game/task_01.png",
    "Conditions": 163,
    "Show": 5,
    "Reward": 2200
  },
  {
    "Id": 48,
    "QuestName": "建造一座麋鹿雕像",
    "Doc": "碧蓝传奇形态2",
    "Icon": "game/buildIcon95.png",
    "AboveQuestId": 4,
    "StageId": 2,
    "StageName": "木筏任务4",
    "StageDoc": "老骥伏枥，志在千里",
    "StageIcon": "game/task_01.png",
    "Conditions": 183,
    "Show": 6,
    "Reward": 2600
  },
  {
    "Id": 49,
    "QuestName": "建造一个瞭望台",
    "Doc": "碧蓝传奇形态3",
    "Icon": "game/buildIcon78.png",
    "AboveQuestId": 4,
    "StageId": 3,
    "StageName": "木筏任务4",
    "StageDoc": "瞭望远方……",
    "StageIcon": "game/task_01.png",
    "Conditions": 225,
    "Show": 1,
    "Reward": 2200
  },
  {
    "Id": 50,
    "QuestName": "建造160块石头",
    "Doc": "碧蓝传奇形态3",
    "Icon": "game/buildIcon79.png",
    "AboveQuestId": 4,
    "StageId": 3,
    "StageName": "木筏任务4",
    "StageDoc": "瞭望远方……",
    "StageIcon": "game/task_01.png",
    "Conditions": 210,
    "Show": 2,
    "Reward": 2600
  },
  {
    "Id": 51,
    "QuestName": "建造一个蜂箱",
    "Doc": "碧蓝传奇形态3",
    "Icon": "game/buildIcon67.png",
    "AboveQuestId": 4,
    "StageId": 3,
    "StageName": "木筏任务4",
    "StageDoc": "瞭望远方……",
    "StageIcon": "game/task_01.png",
    "Conditions": 227,
    "Show": 3,
    "Reward": 2200
  },
  {
    "Id": 52,
    "QuestName": "建造一张躺椅",
    "Doc": "碧蓝传奇形态3",
    "Icon": "game/buildIcon73.png",
    "AboveQuestId": 4,
    "StageId": 3,
    "StageName": "木筏任务4",
    "StageDoc": "瞭望远方……",
    "StageIcon": "game/task_01.png",
    "Conditions": 231,
    "Show": 4,
    "Reward": 2600
  },
  {
    "Id": 53,
    "QuestName": "建造180块石头",
    "Doc": "碧蓝传奇形态3",
    "Icon": "game/buildIcon79.png",
    "AboveQuestId": 4,
    "StageId": 3,
    "StageName": "木筏任务4",
    "StageDoc": "瞭望远方……",
    "StageIcon": "game/task_01.png",
    "Conditions": 245,
    "Show": 5,
    "Reward": 2200
  },
  {
    "Id": 54,
    "QuestName": "建造一个酿酒桶",
    "Doc": "碧蓝传奇形态3",
    "Icon": "game/buildIcon101.png",
    "AboveQuestId": 4,
    "StageId": 3,
    "StageName": "木筏任务4",
    "StageDoc": "瞭望远方……",
    "StageIcon": "game/task_01.png",
    "Conditions": 230,
    "Show": 6,
    "Reward": 2600
  },
  {
    "Id": 55,
    "QuestName": "建造一座金麦雕像",
    "Doc": "碧蓝传奇形态4",
    "Icon": "game/buildIcon100.png",
    "AboveQuestId": 4,
    "StageId": 4,
    "StageName": "木筏任务4",
    "StageDoc": "我们正要去危险的地方。",
    "StageIcon": "game/task_01.png",
    "Conditions": 281,
    "Show": 1,
    "Reward": 2200
  },
  {
    "Id": 56,
    "QuestName": "建造195块石头",
    "Doc": "碧蓝传奇形态4",
    "Icon": "game/buildIcon79.png",
    "AboveQuestId": 4,
    "StageId": 4,
    "StageName": "木筏任务4",
    "StageDoc": "我们正要去危险的地方。",
    "StageIcon": "game/task_01.png",
    "Conditions": 260,
    "Show": 2,
    "Reward": 2600
  },
  {
    "Id": 57,
    "QuestName": "建造一座扇贝雕像",
    "Doc": "碧蓝传奇形态4",
    "Icon": "game/buildIcon97.png",
    "AboveQuestId": 4,
    "StageId": 4,
    "StageName": "木筏任务4",
    "StageDoc": "我们正要去危险的地方。",
    "StageIcon": "game/task_01.png",
    "Conditions": 282,
    "Show": 3,
    "Reward": 2200
  },
  {
    "Id": 58,
    "QuestName": "建造一间船长室",
    "Doc": "碧蓝传奇形态4",
    "Icon": "game/buildIcon71.png",
    "AboveQuestId": 4,
    "StageId": 4,
    "StageName": "木筏任务4",
    "StageDoc": "我们正要去危险的地方。",
    "StageIcon": "game/task_01.png",
    "Conditions": 290,
    "Show": 4,
    "Reward": 2600
  },
  {
    "Id": 59,
    "QuestName": "建造209块石头",
    "Doc": "碧蓝传奇形态4",
    "Icon": "game/buildIcon79.png",
    "AboveQuestId": 4,
    "StageId": 4,
    "StageName": "木筏任务4",
    "StageDoc": "我们正要去危险的地方。",
    "StageIcon": "game/task_01.png",
    "Conditions": 274,
    "Show": 5,
    "Reward": 2200
  },
  {
    "Id": 60,
    "QuestName": "建造一个航海帆",
    "Doc": "碧蓝传奇形态4",
    "Icon": "game/buildIcon77.png",
    "AboveQuestId": 4,
    "StageId": 4,
    "StageName": "木筏任务4",
    "StageDoc": "我们正要去危险的地方。",
    "StageIcon": "game/task_01.png",
    "Conditions": 295,
    "Show": 6,
    "Reward": 2600
  },
  {
    "Id": 61,
    "QuestName": "建造木桶",
    "Doc": "寻找仙境形态1",
    "Icon": "game/fin_boket.png",
    "AboveQuestId": 5,
    "StageId": 1,
    "StageName": "木筏任务5",
    "StageDoc": "你愿意和我一起去冒险吗？",
    "StageIcon": "game/task_01.png",
    "Conditions": 25,
    "Show": 1,
    "Reward": 2200
  },
  {
    "Id": 62,
    "QuestName": "建造划船座位",
    "Doc": "寻找仙境形态1",
    "Icon": "game/fin_chair.png",
    "AboveQuestId": 5,
    "StageId": 1,
    "StageName": "木筏任务5",
    "StageDoc": "你愿意和我一起去冒险吗？",
    "StageIcon": "game/task_01.png",
    "Conditions": 65,
    "Show": 2,
    "Reward": 2600
  },
  {
    "Id": 63,
    "QuestName": "建造装饰鹿角",
    "Doc": "寻找仙境形态1",
    "Icon": "game/scult_2.png",
    "AboveQuestId": 5,
    "StageId": 1,
    "StageName": "木筏任务5",
    "StageDoc": "你愿意和我一起去冒险吗？",
    "StageIcon": "game/task_01.png",
    "Conditions": 78,
    "Show": 3,
    "Reward": 2200
  },
  {
    "Id": 64,
    "QuestName": "建造大炉子1级",
    "Doc": "寻找仙境形态1",
    "Icon": "game/fuo.png",
    "AboveQuestId": 5,
    "StageId": 1,
    "StageName": "木筏任务5",
    "StageDoc": "你愿意和我一起去冒险吗？",
    "StageIcon": "game/task_01.png",
    "Conditions": 29,
    "Show": 4,
    "Reward": 2600
  },
  {
    "Id": 65,
    "QuestName": "建造芬兰浴场1级",
    "Doc": "寻找仙境形态1",
    "Icon": "game/fenhouse_1.png",
    "AboveQuestId": 5,
    "StageId": 1,
    "StageName": "木筏任务5",
    "StageDoc": "你愿意和我一起去冒险吗？",
    "StageIcon": "game/task_01.png",
    "Conditions": 73,
    "Show": 5,
    "Reward": 2200
  },
  {
    "Id": 66,
    "QuestName": "建造大船桨",
    "Doc": "寻找仙境形态1",
    "Icon": "game/fin_longocar.png",
    "AboveQuestId": 5,
    "StageId": 1,
    "StageName": "木筏任务5",
    "StageDoc": "你愿意和我一起去冒险吗？",
    "StageIcon": "game/task_01.png",
    "Conditions": 82,
    "Show": 6,
    "Reward": 2600
  },
  {
    "Id": 67,
    "QuestName": "建造芬兰浴场3级",
    "Doc": "寻找仙境形态2",
    "Icon": "game/fenhouse_3.png",
    "AboveQuestId": 5,
    "StageId": 2,
    "StageName": "木筏任务5",
    "StageDoc": "潜入海底，发现宝藏",
    "StageIcon": "game/task_01.png",
    "Conditions": 99,
    "Show": 1,
    "Reward": 2200
  },
  {
    "Id": 68,
    "QuestName": "建造主桅杆1级",
    "Doc": "寻找仙境形态2",
    "Icon": "game/shipgan_2.png",
    "AboveQuestId": 5,
    "StageId": 2,
    "StageName": "木筏任务5",
    "StageDoc": "潜入海底，发现宝藏",
    "StageIcon": "game/task_01.png",
    "Conditions": 135,
    "Show": 2,
    "Reward": 2600
  },
  {
    "Id": 69,
    "QuestName": "建造大烤架1级",
    "Doc": "寻找仙境形态2",
    "Icon": "game/cook_1.png",
    "AboveQuestId": 5,
    "StageId": 2,
    "StageName": "木筏任务5",
    "StageDoc": "潜入海底，发现宝藏",
    "StageIcon": "game/task_01.png",
    "Conditions": 141,
    "Show": 3,
    "Reward": 2200
  },
  {
    "Id": 70,
    "QuestName": "建造屋3级",
    "Doc": "寻找仙境形态3",
    "Icon": "game/fin__house3.png",
    "AboveQuestId": 5,
    "StageId": 3,
    "StageName": "木筏任务5",
    "StageDoc": "资源，需要更多的资源",
    "StageIcon": "game/task_01.png",
    "Conditions": 175,
    "Show": 1,
    "Reward": 2600
  },
  {
    "Id": 71,
    "QuestName": "建造龙头",
    "Doc": "寻找仙境形态3",
    "Icon": "game/fin_head.png",
    "AboveQuestId": 5,
    "StageId": 3,
    "StageName": "木筏任务5",
    "StageDoc": "资源，需要更多的资源",
    "StageIcon": "game/task_01.png",
    "Conditions": 183,
    "Show": 2,
    "Reward": 2200
  },
  {
    "Id": 72,
    "QuestName": "建造盾牌",
    "Doc": "寻找仙境形态3",
    "Icon": "game/fin_sheild.png",
    "AboveQuestId": 5,
    "StageId": 3,
    "StageName": "木筏任务5",
    "StageDoc": "资源，需要更多的资源",
    "StageIcon": "game/task_01.png",
    "Conditions": 185,
    "Show": 3,
    "Reward": 2600
  },
  {
    "Id": 73,
    "QuestName": "建造罗马浴池1级",
    "Doc": "罗马帝国形态1",
    "Icon": "game/S6_lv1BathingPoll.png",
    "AboveQuestId": 6,
    "StageId": 1,
    "StageName": "木筏任务6",
    "StageDoc": "你愿意和我一起去冒险吗？",
    "StageIcon": "game/task_01.png",
    "Conditions": 94,
    "Show": 1,
    "Reward": 2200
  },
  {
    "Id": 74,
    "QuestName": "建造罗马浴池2级",
    "Doc": "罗马帝国形态1",
    "Icon": "game/S6_lv2BathingPoll.png",
    "AboveQuestId": 6,
    "StageId": 1,
    "StageName": "木筏任务6",
    "StageDoc": "你愿意和我一起去冒险吗？",
    "StageIcon": "game/task_01.png",
    "Conditions": 95,
    "Show": 2,
    "Reward": 2600
  },
  {
    "Id": 75,
    "QuestName": "建造84块地板",
    "Doc": "罗马帝国形态1",
    "Icon": "game/S6_Board.png",
    "AboveQuestId": 6,
    "StageId": 1,
    "StageName": "木筏任务6",
    "StageDoc": "你愿意和我一起去冒险吗？",
    "StageIcon": "game/task_01.png",
    "Conditions": 84,
    "Show": 3,
    "Reward": 2200
  },
  {
    "Id": 76,
    "QuestName": "建造烤炉",
    "Doc": "罗马帝国形态1",
    "Icon": "game/S6_oven.png",
    "AboveQuestId": 6,
    "StageId": 1,
    "StageName": "木筏任务6",
    "StageDoc": "你愿意和我一起去冒险吗？",
    "StageIcon": "game/task_01.png",
    "Conditions": 88,
    "Show": 4,
    "Reward": 2600
  },
  {
    "Id": 77,
    "QuestName": "建造罗马浴池3级",
    "Doc": "罗马帝国形态1",
    "Icon": "game/S6_lv3BathingPoll.png",
    "AboveQuestId": 6,
    "StageId": 1,
    "StageName": "木筏任务6",
    "StageDoc": "你愿意和我一起去冒险吗？",
    "StageIcon": "game/task_01.png",
    "Conditions": 96,
    "Show": 5,
    "Reward": 2200
  },
  {
    "Id": 78,
    "QuestName": "建造螺旋桨4",
    "Doc": "罗马帝国形态1",
    "Icon": "game/S6_Propeller.png",
    "AboveQuestId": 6,
    "StageId": 1,
    "StageName": "木筏任务6",
    "StageDoc": "你愿意和我一起去冒险吗？",
    "StageIcon": "game/task_01.png",
    "Conditions": 101,
    "Show": 6,
    "Reward": 2600
  },
  {
    "Id": 79,
    "QuestName": "建造高级决斗墙",
    "Doc": "罗马帝国形态2",
    "Icon": "game/S6_Lv2Rail.png",
    "AboveQuestId": 6,
    "StageId": 2,
    "StageName": "木筏任务6",
    "StageDoc": "潜入海底，发现宝藏",
    "StageIcon": "game/task_01.png",
    "Conditions": 226,
    "Show": 1,
    "Reward": 2200
  },
  {
    "Id": 80,
    "QuestName": "建造帐篷",
    "Doc": "罗马帝国形态2",
    "Icon": "game/S6_WatchingSeats.png",
    "AboveQuestId": 6,
    "StageId": 2,
    "StageName": "木筏任务6",
    "StageDoc": "潜入海底，发现宝藏",
    "StageIcon": "game/task_01.png",
    "Conditions": 235,
    "Show": 2,
    "Reward": 2600
  },
  {
    "Id": 81,
    "QuestName": "建造罗战马雕像",
    "Doc": "罗马帝国形态2",
    "Icon": "game/S6_SK.png",
    "AboveQuestId": 6,
    "StageId": 2,
    "StageName": "木筏任务6",
    "StageDoc": "潜入海底，发现宝藏",
    "StageIcon": "game/task_01.png",
    "Conditions": 228,
    "Show": 3,
    "Reward": 2200
  },
  {
    "Id": 82,
    "QuestName": "建造灯塔",
    "Doc": "罗马帝国形态3",
    "Icon": "game/S6_Tower.png",
    "AboveQuestId": 6,
    "StageId": 3,
    "StageName": "木筏任务6",
    "StageDoc": "资源，需要更多的资源",
    "StageIcon": "game/task_01.png",
    "Conditions": 319,
    "Show": 1,
    "Reward": 2600
  },
  {
    "Id": 83,
    "QuestName": "建造大帆",
    "Doc": "罗马帝国形态3",
    "Icon": "game/S6_Sail.png",
    "AboveQuestId": 6,
    "StageId": 3,
    "StageName": "木筏任务6",
    "StageDoc": "资源，需要更多的资源",
    "StageIcon": "game/task_01.png",
    "Conditions": 317,
    "Show": 2,
    "Reward": 2200
  },
  {
    "Id": 84,
    "QuestName": "建造船头",
    "Doc": "罗马帝国形态3",
    "Icon": "game/S6_Head.png",
    "AboveQuestId": 6,
    "StageId": 3,
    "StageName": "木筏任务6",
    "StageDoc": "资源，需要更多的资源",
    "StageIcon": "game/task_01.png",
    "Conditions": 318,
    "Show": 3,
    "Reward": 2600
  },
  {
    "Id": 85,
    "QuestName": "建造一个火炬",
    "Doc": "木器时代1",
    "Icon": "game/buildIcon56.png",
    "AboveQuestId": 7,
    "StageId": 1,
    "StageName": "木筏任务7",
    "StageDoc": "生存之后，才有文明",
    "StageIcon": "game/task_01.png",
    "Conditions": 77,
    "Show": 1,
    "Reward": 2200
  },
  {
    "Id": 86,
    "QuestName": "建造20块船板",
    "Doc": "木器时代1",
    "Icon": "game/buildIcon53.png",
    "AboveQuestId": 7,
    "StageId": 1,
    "StageName": "木筏任务7",
    "StageDoc": "生存之后，才有文明",
    "StageIcon": "game/task_01.png",
    "Conditions": 20,
    "Show": 2,
    "Reward": 2600
  },
  {
    "Id": 87,
    "QuestName": "建造一个太阳伞",
    "Doc": "木器时代1",
    "Icon": "game/buildIcon03.png",
    "AboveQuestId": 7,
    "StageId": 1,
    "StageName": "木筏任务7",
    "StageDoc": "生存之后，才有文明",
    "StageIcon": "game/task_01.png",
    "Conditions": 84,
    "Show": 3,
    "Reward": 2200
  },
  {
    "Id": 88,
    "QuestName": "建造一个椅子",
    "Doc": "木器时代1",
    "Icon": "game/buildIcon10.png",
    "AboveQuestId": 7,
    "StageId": 1,
    "StageName": "木筏任务7",
    "StageDoc": "生存之后，才有文明",
    "StageIcon": "game/task_01.png",
    "Conditions": 95,
    "Show": 4,
    "Reward": 2600
  },
  {
    "Id": 89,
    "QuestName": "建造65块船板",
    "Doc": "木器时代1",
    "Icon": "game/buildIcon56.png",
    "AboveQuestId": 7,
    "StageId": 1,
    "StageName": "木筏任务7",
    "StageDoc": "生存之后，才有文明",
    "StageIcon": "game/task_01.png",
    "Conditions": 65,
    "Show": 5,
    "Reward": 2200
  },
  {
    "Id": 90,
    "QuestName": "建造一个木浆",
    "Doc": "木器时代1",
    "Icon": "game/buildIcon62.png",
    "AboveQuestId": 7,
    "StageId": 1,
    "StageName": "木筏任务7",
    "StageDoc": "生存之后，才有文明",
    "StageIcon": "game/task_01.png",
    "Conditions": 82,
    "Show": 6,
    "Reward": 2600
  },
  {
    "Id": 91,
    "QuestName": "建造一座假山",
    "Doc": "木器时代2",
    "Icon": "game/buildIcon06.png",
    "AboveQuestId": 7,
    "StageId": 2,
    "StageName": "木筏任务7",
    "StageDoc": "逝去的，不会被忘记……",
    "StageIcon": "game/task_01.png",
    "Conditions": 167,
    "Show": 1,
    "Reward": 2200
  },
  {
    "Id": 92,
    "QuestName": "建造110块船板",
    "Doc": "木器时代2",
    "Icon": "game/buildIcon56.png",
    "AboveQuestId": 7,
    "StageId": 2,
    "StageName": "木筏任务7",
    "StageDoc": "逝去的，不会被忘记……",
    "StageIcon": "game/task_01.png",
    "Conditions": 146,
    "Show": 2,
    "Reward": 2600
  },
  {
    "Id": 93,
    "QuestName": "建造一个西红柿树",
    "Doc": "木器时代2",
    "Icon": "game/buildIcon27.png",
    "AboveQuestId": 7,
    "StageId": 2,
    "StageName": "木筏任务7",
    "StageDoc": "逝去的，不会被忘记……",
    "StageIcon": "game/task_01.png",
    "Conditions": 157,
    "Show": 3,
    "Reward": 2200
  },
  {
    "Id": 94,
    "QuestName": "建造一个望远镜",
    "Doc": "木器时代2",
    "Icon": "game/buildIcon33.png",
    "AboveQuestId": 7,
    "StageId": 2,
    "StageName": "木筏任务7",
    "StageDoc": "逝去的，不会被忘记……",
    "StageIcon": "game/task_01.png",
    "Conditions": 205,
    "Show": 4,
    "Reward": 2600
  },
  {
    "Id": 95,
    "QuestName": "建造130块船板",
    "Doc": "木器时代2",
    "Icon": "game/buildIcon56.png",
    "AboveQuestId": 7,
    "StageId": 2,
    "StageName": "木筏任务7",
    "StageDoc": "逝去的，不会被忘记……",
    "StageIcon": "game/task_01.png",
    "Conditions": 184,
    "Show": 5,
    "Reward": 2200
  },
  {
    "Id": 96,
    "QuestName": "将小帆升级为大帆",
    "Doc": "木器时代2",
    "Icon": "game/buildIcon52.png",
    "AboveQuestId": 7,
    "StageId": 2,
    "StageName": "木筏任务7",
    "StageDoc": "逝去的，不会被忘记……",
    "StageIcon": "game/task_01.png",
    "Conditions": 209,
    "Show": 6,
    "Reward": 2600
  }
]
