[
  {
    "name": "Board1_1",
    "position": [-1.0, 0.0, 0.0],
    "rotation": [0.0, 0.0, 0.0],
    "scale": [1.0, 1.0, 1.0],
    "isMeshObj": true,
    "meshName": "Board"
  },
  {
    "name": "Board1_2",
    "position": [-1.0, 0.0, 1.0],
    "rotation": [0.0, 0.0, 0.0],
    "scale": [1.0, 1.0, 1.0],
    "isMeshObj": true,
    "meshName": "Board"
  },
  {
    "name": "Board1_3",
    "position": [0.0, 0.0, 1.0],
    "rotation": [0.0, 0.0, 0.0],
    "scale": [1.0, 1.0, 1.0],
    "isMeshObj": true,
    "meshName": "Board"
  },
  {
    "name": "Board1_4",
    "position": [-1.0, 0.0, -0.998],
    "rotation": [0.0, 0.0, 0.0],
    "scale": [1.0, 1.0, 1.0],
    "isMeshObj": true,
    "meshName": "Board"
  },
  {
    "name": "Board1_5",
    "position": [0.0, 0.0, -1.0],
    "rotation": [0.0, 0.0, 0.0],
    "scale": [1.0, 1.0, 1.0],
    "isMeshObj": true,
    "meshName": "Board"
  },
  {
    "name": "Board1_6",
    "position": [1.0, 0.0, -1.0],
    "rotation": [0.0, 0.0, 0.0],
    "scale": [1.0, 1.0, 1.0],
    "isMeshObj": true,
    "meshName": "Board"
  },
  {
    "name": "Board1_7",
    "position": [1.0, 0.0, -2.0],
    "rotation": [0.0, 0.0, 0.0],
    "scale": [1.0, 1.0, 1.0],
    "isMeshObj": true,
    "meshName": "Board"
  },
  {
    "name": "Board1_8",
    "position": [0.0, 0.0, -2.0],
    "rotation": [0.0, 0.0, 0.0],
    "scale": [1.0, 1.0, 1.0],
    "isMeshObj": true,
    "meshName": "Board"
  },
  {
    "name": "Board1_9",
    "position": [-1.0, 0.0, -2.0],
    "rotation": [0.0, 0.0, 0.0],
    "scale": [1.0, 1.0, 1.0],
    "isMeshObj": true,
    "meshName": "Board"
  },
  {
    "name": "Board1_10",
    "position": [1.0, 0.0, 0.0],
    "rotation": [0.0, 0.0, 0.0],
    "scale": [1.0, 1.0, 1.0],
    "isMeshObj": true,
    "meshName": "Board"
  },
  {
    "name": "Board1_11",
    "position": [1.0, 0.0, 1.0],
    "rotation": [0.0, 0.0, 0.0],
    "scale": [1.0, 1.0, 1.0],
    "isMeshObj": true,
    "meshName": "Board"
  },
  {
    "name": "Board1_12",
    "position": [2.0, 0.0, 0.0],
    "rotation": [0.0, 0.0, 0.0],
    "scale": [1.0, 1.0, 1.0],
    "isMeshObj": true,
    "meshName": "Board"
  },
  {
    "name": "Board1_13",
    "position": [-2.0, 0.0, 0.0],
    "rotation": [0.0, 0.0, 0.0],
    "scale": [1.0, 1.0, 1.0],
    "isMeshObj": true,
    "meshName": "Board"
  },
  {
    "name": "Board1_14",
    "position": [-1.0, 0.0, 2.0],
    "rotation": [0.0, 0.0, 0.0],
    "scale": [1.0, 1.0, 1.0],
    "isMeshObj": true,
    "meshName": "Board"
  },
  {
    "name": "Board1_15",
    "position": [0.0, 0.0, 2.0],
    "rotation": [0.0, 0.0, 0.0],
    "scale": [1.0, 1.0, 1.0],
    "isMeshObj": true,
    "meshName": "Board"
  },
  {
    "name": "Board1_16",
    "position": [1.0, 0.0, 2.0],
    "rotation": [0.0, 0.0, 0.0],
    "scale": [1.0, 1.0, 1.0],
    "isMeshObj": true,
    "meshName": "Board"
  },
  {
    "name": "Board1_17",
    "position": [0.0, 0.0, 3.0],
    "rotation": [0.0, 0.0, 0.0],
    "scale": [1.0, 1.0, 1.0],
    "isMeshObj": true,
    "meshName": "Board"
  },
  {
    "name": "Torch",
    "position": [-1.0, 0.0, -1.0],
    "rotation": [0.0, 0.0, 0.0],
    "scale": [1.0, 1.0, 1.0],
    "isMeshObj": false,
    "meshName": ""
  },
  {
    "name": "SmallSail",
    "position": [0.0, 0.0, 2.0],
    "rotation": [0.0, 180.0, 0.0],
    "scale": [1.0, 1.0, 1.0],
    "isMeshObj": false,
    "meshName": ""
  },
  {
    "name": "Lv1Tree1Pot",
    "position": [0.0, 0.0, 0.0],
    "rotation": [0.0, 0.0, 0.0],
    "scale": [1.0, 1.0, 1.0],
    "isMeshObj": false,
    "meshName": ""
  },
  {
    "name": "Lv2Tree1Pot",
    "position": [0.0, 0.0, 0.0],
    "rotation": [0.0, 0.0, 0.0],
    "scale": [1.0, 1.0, 1.0],
    "isMeshObj": false,
    "meshName": ""
  },
  {
    "name": "Lv1CarrotPot",
    "position": [0.0, 0.0, 1.0],
    "rotation": [0.0, 0.0, 0.0],
    "scale": [1.0, 1.0, 1.0],
    "isMeshObj": false,
    "meshName": ""
  },
  {
    "name": "Lv2CarrotPot",
    "position": [0.0, 0.0, 1.0],
    "rotation": [0.0, 0.0, 0.0],
    "scale": [1.0, 1.0, 1.0],
    "isMeshObj": false,
    "meshName": ""
  },
  {
    "name": "OarsBoard_Left",
    "position": [2.0, 0.0, 0.0],
    "rotation": [0.0, 0.0, 0.0],
    "scale": [1.0, 1.0, 1.0],
    "isMeshObj": false,
    "meshName": ""
  },
  {
    "name": "OarsBoard_Right",
    "position": [-2.0, 0.0, 0.0],
    "rotation": [0.0, 0.0, 0.0],
    "scale": [1.0, 1.0, 1.0],
    "isMeshObj": false,
    "meshName": ""
  },
  {
    "name": "CaptainRoom",
    "position": [-1.0, 0.0, -2.0],
    "rotation": [0.0, 0.0, 0.0],
    "scale": [1.0, 1.0, 1.0],
    "isMeshObj": true,
    "meshName": "CaptainRoom"
  }
]
