[
  {
    "name": "S6_column3_1",
    "position": [-7.0, 4.0, 5.0],
    "rotation": [0.0, 0.0, 0.0],
    "scale": [1.0, 1.0, 1.0],
    "isMeshObj": true,
    "meshName": "S6_column"
  },
  {
    "name": "S6_column3_2",
    "position": [-6.0, 4.0, 6.0],
    "rotation": [0.0, 0.0, 0.0],
    "scale": [1.0, 1.0, 1.0],
    "isMeshObj": true,
    "meshName": "S6_column"
  },
  {
    "name": "S6_column3_4",
    "position": [2.0, 4.0, 5.0],
    "rotation": [0.0, 0.0, 0.0],
    "scale": [1.0, 1.0, 1.0],
    "isMeshObj": true,
    "meshName": "S6_column"
  },
  {
    "name": "S6_column3_3",
    "position": [1.0, 4.0, 6.0],
    "rotation": [0.0, 0.0, 0.0],
    "scale": [1.0, 1.0, 1.0],
    "isMeshObj": true,
    "meshName": "S6_column"
  },
  {
    "name": "S6_Lv1PlantB2_1",
    "position": [2.0, 2.0, 5.0],
    "rotation": [0.0, 0.0, 0.0],
    "scale": [1.0, 1.0, 1.0],
    "isMeshObj": true,
    "meshName": "S6_Plant2"
  },
  {
    "name": "S6_Lv1PlantB2_2",
    "position": [-7.0, 2.0, 5.0],
    "rotation": [0.0, 0.0, 0.0],
    "scale": [1.0, 1.0, 1.0],
    "isMeshObj": true,
    "meshName": "S6_Plant2"
  },
  {
    "name": "S6_Lv2PlantB2_1",
    "position": [2.0, 2.0, 5.0],
    "rotation": [0.0, 0.0, 0.0],
    "scale": [1.0, 1.0, 1.0],
    "isMeshObj": true,
    "meshName": "S6_Plant3"
  },
  {
    "name": "S6_Lv2PlantB2_2",
    "position": [-7.0, 2.0, 5.0],
    "rotation": [0.0, 0.0, 0.0],
    "scale": [1.0, 1.0, 1.0],
    "isMeshObj": true,
    "meshName": "S6_Plant3"
  },
  {
    "name": "S6_Tower3_1",
    "position": [-5.0, 4.0, 2.0],
    "rotation": [0.0, 0.0, 0.0],
    "scale": [1.0, 1.0, 1.0],
    "isMeshObj": true,
    "meshName": "S6_Tower"
  },
  {
    "name": "S6_Tower3_2",
    "position": [1.0, 4.0, 2.0],
    "rotation": [0.0, 0.0, 0.0],
    "scale": [1.0, 1.0, 1.0],
    "isMeshObj": true,
    "meshName": "S6_Tower"
  },
  {
    "name": "S6_Arch3_1",
    "position": [-8.0, 4.0, 4.0],
    "rotation": [0.0, 0.0, 0.0],
    "scale": [1.0, 1.0, 1.0],
    "isMeshObj": false,
    "meshName": ""
  },
  {
    "name": "S6_Arch3_2",
    "position": [-5.0, 4.0, 8.0],
    "rotation": [0.0, 0.0, 0.0],
    "scale": [1.0, 1.0, 1.0],
    "isMeshObj": false,
    "meshName": ""
  },
  {
    "name": "S6_Arch3_3",
    "position": [-8.0, 4.0, 6.0],
    "rotation": [0.0, 0.0, 0.0],
    "scale": [1.0, 1.0, 1.0],
    "isMeshObj": false,
    "meshName": ""
  },
  {
    "name": "S6_Arch3_4",
    "position": [3.0, 4.0, 4.0],
    "rotation": [0.0, 0.0, 0.0],
    "scale": [1.0, 1.0, 1.0],
    "isMeshObj": false,
    "meshName": ""
  },
  {
    "name": "S6_Arch3_5",
    "position": [1.0, 4.0, 8.0],
    "rotation": [0.0, 0.0, 0.0],
    "scale": [1.0, 1.0, 1.0],
    "isMeshObj": false,
    "meshName": ""
  },
  {
    "name": "S6_Arch3_6",
    "position": [0.0, 4.0, 8.0],
    "rotation": [0.0, 0.0, 0.0],
    "scale": [1.0, 1.0, 1.0],
    "isMeshObj": false,
    "meshName": ""
  },
  {
    "name": "S6_Head3_1",
    "position": [-2.0, 4.0, 8.0],
    "rotation": [0.0, 0.0, 0.0],
    "scale": [1.0, 1.0, 1.0],
    "isMeshObj": true,
    "meshName": "S6_Head"
  },
  {
    "name": "S6_Sail3_1",
    "position": [-2.0, 4.0, 6.0],
    "rotation": [0.0, 0.0, 0.0],
    "scale": [1.0, 1.0, 1.0],
    "isMeshObj": true,
    "meshName": "S6_Sail"
  },
  {
    "name": "S6_Board3_37",
    "position": [-2.0, 4.0, 5.0],
    "rotation": [0.0, 0.0, 0.0],
    "scale": [1.0, 1.0, 1.0],
    "isMeshObj": true,
    "meshName": "S6_Board"
  },
  {
    "name": "S6_ArchOfContantine",
    "position": [-3.0, 2.0, -2.0],
    "rotation": [0.0, 0.0, 0.0],
    "scale": [1.0, 1.0, 1.0],
    "isMeshObj": true,
    "meshName": "S6_ArchOfContantine"
  },
  {
    "name": "S6_TrajanColumn2_2",
    "position": [-6.0, 2.0, -2.0],
    "rotation": [0.0, 0.0, 0.0],
    "scale": [1.0, 1.0, 1.0],
    "isMeshObj": true,
    "meshName": "S6_TrajanColumn"
  },
  {
    "name": "S6_TrajanColumn2_1",
    "position": [1.0, 2.0, -2.0],
    "rotation": [0.0, 0.0, 0.0],
    "scale": [1.0, 1.0, 1.0],
    "isMeshObj": true,
    "meshName": "S6_TrajanColumn"
  },
  {
    "name": "S6_Dairy",
    "position": [-6.0, 0.0, 2.0],
    "rotation": [0.0, 90.0, 0.0],
    "scale": [1.0, 1.0, 1.0],
    "isMeshObj": true,
    "meshName": "S6_Dairy"
  },
  {
    "name": "Ladder2_1",
    "position": [-7.0, 2.0, 3.0],
    "rotation": [0.0, 0.0, 0.0],
    "scale": [1.0, 1.0, 1.0],
    "isMeshObj": true,
    "meshName": "S6_Ladder"
  },
  {
    "name": "S6_Ladder1_1",
    "position": [-7.0, 0.0, 1.0],
    "rotation": [0.0, 0.0, 0.0],
    "scale": [1.0, 1.0, 1.0],
    "isMeshObj": true,
    "meshName": "S6_Ladder"
  },
  {
    "name": "S6_WatchingSeats",
    "position": [-2.0, 2.0, 0.0],
    "rotation": [0.0, 0.0, 0.0],
    "scale": [1.0, 1.0, 1.0],
    "isMeshObj": true,
    "meshName": "S6_WatchingSeats"
  },
  {
    "name": "S6_Torch2_2",
    "position": [-4.0, 2.0, 0.0],
    "rotation": [0.0, 0.0, 0.0],
    "scale": [1.0, 1.0, 1.0],
    "isMeshObj": false,
    "meshName": ""
  },
  {
    "name": "S6_Torch2_1",
    "position": [-1.0, 2.0, 0.0],
    "rotation": [0.0, 0.0, 0.0],
    "scale": [1.0, 1.0, 1.0],
    "isMeshObj": false,
    "meshName": ""
  },
  {
    "name": "S6_SAR",
    "position": [0.0, 2.0, 0.0],
    "rotation": [0.0, 0.0, 0.0],
    "scale": [1.0, 1.0, 1.0],
    "isMeshObj": true,
    "meshName": "S6_SAR"
  },
  {
    "name": "S6_TrainingStake",
    "position": [0.0, 2.0, 4.0],
    "rotation": [0.0, 0.0, 0.0],
    "scale": [1.0, 1.0, 1.0],
    "isMeshObj": true,
    "meshName": "S6_TrainingStake"
  },
  {
    "name": "S6_Target",
    "position": [0.0, 2.0, 3.01],
    "rotation": [0.0, 270.0, 0.0],
    "scale": [1.0, 1.0, 1.0],
    "isMeshObj": true,
    "meshName": "S6_Target"
  },
  {
    "name": "S6_SD",
    "position": [0.0, 2.0, 2.0],
    "rotation": [0.0, 0.0, 0.0],
    "scale": [1.0, 1.0, 1.0],
    "isMeshObj": true,
    "meshName": "S6_SD"
  },
  {
    "name": "S6_Hive1_2",
    "position": [-6.0, 0.0, 1.0],
    "rotation": [0.0, 0.0, 0.0],
    "scale": [1.0, 1.0, 1.0],
    "isMeshObj": true,
    "meshName": "S6_Hive"
  },
  {
    "name": "S6_SK1_2",
    "position": [-1.0, 2.0, 7.0],
    "rotation": [0.0, 90.0, 0.0],
    "scale": [1.0, 1.0, 1.0],
    "isMeshObj": true,
    "meshName": "S6_SK"
  },
  {
    "name": "S6_SK1_1",
    "position": [-4.0, 2.0, 5.0],
    "rotation": [0.0, 270.0, 0.0],
    "scale": [1.0, 1.0, 1.0],
    "isMeshObj": true,
    "meshName": "S6_SK"
  },
  {
    "name": "S6_Lv2Rail",
    "position": [-5.0, 2.0, 6.0],
    "rotation": [0.0, 0.0, 0.0],
    "scale": [1.0, 1.0, 1.0],
    "isMeshObj": false,
    "meshName": ""
  },
  {
    "name": "S6_Lv1Rail",
    "position": [-5.0, 2.0, 6.0],
    "rotation": [0.0, 0.0, 0.0],
    "scale": [1.0, 1.0, 1.0],
    "isMeshObj": true,
    "meshName": "S6_Lv1Rail"
  },
  {
    "name": "S6_column2_1",
    "position": [-7.0, 2.0, -1.0],
    "rotation": [0.0, 0.0, 0.0],
    "scale": [1.0, 1.0, 1.0],
    "isMeshObj": true,
    "meshName": "S6_column"
  },
  {
    "name": "S6_column2_2",
    "position": [2.0, 2.0, -1.0],
    "rotation": [0.0, 0.0, 0.0],
    "scale": [1.0, 1.0, 1.0],
    "isMeshObj": true,
    "meshName": "S6_column"
  },
  {
    "name": "S6_column2_3",
    "position": [2.0, 2.0, 2.0],
    "rotation": [0.0, 0.0, 0.0],
    "scale": [1.0, 1.0, 1.0],
    "isMeshObj": true,
    "meshName": "S6_column"
  },
  {
    "name": "S6_lv1Lupulus",
    "position": [-6.0, 0.0, 0.0],
    "rotation": [0.0, 0.0, 0.0],
    "scale": [1.0, 1.0, 1.0],
    "isMeshObj": true,
    "meshName": "S6_lv1Lupulus"
  },
  {
    "name": "S6_lv2Lupulus",
    "position": [-6.0, 0.0, 0.0],
    "rotation": [0.0, 0.0, 0.0],
    "scale": [1.0, 1.0, 1.0],
    "isMeshObj": true,
    "meshName": "S6_lv2Lupulus"
  },
  {
    "name": "S6_WR",
    "position": [-5.0, 2.0, 3.0],
    "rotation": [0.0, 0.0, 0.0],
    "scale": [1.0, 1.0, 1.0],
    "isMeshObj": true,
    "meshName": "S6_WR"
  },
  {
    "name": "S6_Arch1_5",
    "position": [-7.0, 0.0, 4.0],
    "rotation": [0.0, 0.0, 0.0],
    "scale": [1.0, 1.0, 1.0],
    "isMeshObj": false,
    "meshName": ""
  },
  {
    "name": "S6_Arch1_4",
    "position": [-6.0, 0.0, 6.0],
    "rotation": [0.0, 0.0, 0.0],
    "scale": [1.0, 1.0, 1.0],
    "isMeshObj": false,
    "meshName": ""
  },
  {
    "name": "S6_Arch1_3",
    "position": [0.0, 0.0, 7.0],
    "rotation": [0.0, 0.0, 0.0],
    "scale": [1.0, 1.0, 1.0],
    "isMeshObj": false,
    "meshName": ""
  },
  {
    "name": "S6_Arch1_2",
    "position": [1.0, 0.0, 6.0],
    "rotation": [0.0, 0.0, 0.0],
    "scale": [1.0, 1.0, 1.0],
    "isMeshObj": false,
    "meshName": ""
  },
  {
    "name": "S6_Arch1_1",
    "position": [2.0, 0.0, 5.0],
    "rotation": [0.0, 0.0, 0.0],
    "scale": [1.0, 1.0, 1.0],
    "isMeshObj": false,
    "meshName": ""
  },
  {
    "name": "S6_Arch2_1",
    "position": [-5.0, 2.0, 8.0],
    "rotation": [0.0, 0.0, 0.0],
    "scale": [1.0, 1.0, 1.0],
    "isMeshObj": false,
    "meshName": ""
  },
  {
    "name": "S6_Arch2_2",
    "position": [3.0, 2.0, 4.0],
    "rotation": [0.0, 0.0, 0.0],
    "scale": [1.0, 1.0, 1.0],
    "isMeshObj": false,
    "meshName": ""
  },
  {
    "name": "S6_Arch2_3",
    "position": [1.0, 2.0, 8.0],
    "rotation": [0.0, 0.0, 0.0],
    "scale": [1.0, 1.0, 1.0],
    "isMeshObj": false,
    "meshName": ""
  },
  {
    "name": "S6_Arch2_4",
    "position": [0.0, 2.0, 8.0],
    "rotation": [0.0, 0.0, 0.0],
    "scale": [1.0, 1.0, 1.0],
    "isMeshObj": false,
    "meshName": ""
  },
  {
    "name": "S6_Arch2_5",
    "position": [-8.0, 2.0, 4.0],
    "rotation": [0.0, 0.0, 0.0],
    "scale": [1.0, 1.0, 1.0],
    "isMeshObj": false,
    "meshName": ""
  },
  {
    "name": "S6_Arch2_6",
    "position": [-8.0, 2.0, 6.0],
    "rotation": [0.0, 0.0, 0.0],
    "scale": [1.0, 1.0, 1.0],
    "isMeshObj": false,
    "meshName": ""
  },
  {
    "name": "S6_AR",
    "position": [-5.0, 2.0, 2.0],
    "rotation": [0.0, 0.0, 0.0],
    "scale": [1.0, 1.0, 1.0],
    "isMeshObj": true,
    "meshName": "S6_AR"
  },
  {
    "name": "S6_SA",
    "position": [-5.0, 2.0, 0.0],
    "rotation": [0.0, 0.0, 0.0],
    "scale": [1.0, 1.0, 1.0],
    "isMeshObj": true,
    "meshName": "S6_SA"
  },
  {
    "name": "S6_Brewers1_1",
    "position": [-4.98, 0.0, 0.09],
    "rotation": [0.0, 0.0, 0.0],
    "scale": [1.0, 1.0, 1.0],
    "isMeshObj": true,
    "meshName": "S6_Brewers"
  },
  {
    "name": "S6_Pot1_1",
    "position": [1.0, 0.0, 2.0],
    "rotation": [0.0, 0.0, 0.0],
    "scale": [1.0, 1.0, 1.0],
    "isMeshObj": true,
    "meshName": "S6_pot"
  },
  {
    "name": "S6_Propeller1_1",
    "position": [-1.0, 0.0, -2.0],
    "rotation": [0.0, 0.0, 0.0],
    "scale": [1.0, 1.0, 1.0],
    "isMeshObj": false,
    "meshName": ""
  },
  {
    "name": "S6_Propeller1_2",
    "position": [-2.0, 0.0, -2.0],
    "rotation": [0.0, 0.0, 0.0],
    "scale": [1.0, 1.0, 1.0],
    "isMeshObj": false,
    "meshName": ""
  },
  {
    "name": "S6_Propeller1_3",
    "position": [-3.0, 0.0, -2.0],
    "rotation": [0.0, 0.0, 0.0],
    "scale": [1.0, 1.0, 1.0],
    "isMeshObj": false,
    "meshName": ""
  },
  {
    "name": "S6_Propeller1_4",
    "position": [-4.0, 0.0, -2.0],
    "rotation": [0.0, 0.0, 0.0],
    "scale": [1.0, 1.0, 1.0],
    "isMeshObj": false,
    "meshName": ""
  },
  {
    "name": "S6_Propeller1_5",
    "position": [0.0, 0.0, -2.0],
    "rotation": [0.0, 0.0, 0.0],
    "scale": [1.0, 1.0, 1.0],
    "isMeshObj": false,
    "meshName": ""
  },
  {
    "name": "S6_Propeller1_6",
    "position": [-5.0, 0.0, -2.0],
    "rotation": [0.0, 0.0, 0.0],
    "scale": [1.0, 1.0, 1.0],
    "isMeshObj": false,
    "meshName": ""
  },
  {
    "name": "S6_Hive1_1",
    "position": [1.0, 0.0, 1.0],
    "rotation": [0.0, 0.0, 0.0],
    "scale": [1.0, 1.0, 1.0],
    "isMeshObj": true,
    "meshName": "S6_Hive"
  },
  {
    "name": "S6_lv1BathingPoll",
    "position": [-2.5, 0.0, 2.5],
    "rotation": [0.0, 0.0, 0.0],
    "scale": [1.0, 1.0, 1.0],
    "isMeshObj": true,
    "meshName": "S6_lv1BathingPoll"
  },
  {
    "name": "S6_lv2BathingPoll",
    "position": [-2.5, 0.0, 2.5],
    "rotation": [0.0, 0.0, 0.0],
    "scale": [1.0, 1.0, 1.0],
    "isMeshObj": true,
    "meshName": "S6_lv2BathingPoll"
  },
  {
    "name": "S6_lv3BathingPoll",
    "position": [-2.5, 0.0, 2.5],
    "rotation": [0.0, 0.0, 0.0],
    "scale": [1.0, 1.0, 1.0],
    "isMeshObj": true,
    "meshName": "S6_lv3BathingPoll"
  },
  {
    "name": "S6_column1_1",
    "position": [1.0, 0.0, 4.0],
    "rotation": [0.0, 0.0, 0.0],
    "scale": [1.0, 1.0, 1.0],
    "isMeshObj": true,
    "meshName": "S6_column"
  },
  {
    "name": "S6_column1_2",
    "position": [0.0, 0.0, 5.0],
    "rotation": [0.0, 0.0, 0.0],
    "scale": [1.0, 1.0, 1.0],
    "isMeshObj": true,
    "meshName": "S6_column"
  },
  {
    "name": "S6_column1_3",
    "position": [-5.0, 0.0, 5.0],
    "rotation": [0.0, 0.0, 0.0],
    "scale": [1.0, 1.0, 1.0],
    "isMeshObj": true,
    "meshName": "S6_column"
  },
  {
    "name": "S6_column1_4",
    "position": [-6.0, 0.0, 4.0],
    "rotation": [0.0, 0.0, 0.0],
    "scale": [1.0, 1.0, 1.0],
    "isMeshObj": true,
    "meshName": "S6_column"
  },
  {
    "name": "S6_oven1_1",
    "position": [0.0, 0.0, 0.0],
    "rotation": [0.0, 0.0, 0.0],
    "scale": [1.0, 1.0, 1.0],
    "isMeshObj": true,
    "meshName": "S6_oven"
  },
  {
    "name": "S6_plant1_1",
    "position": [1.0, 0.0, 0.0],
    "rotation": [0.0, 0.0, 0.0],
    "scale": [1.0, 1.0, 1.0],
    "isMeshObj": true,
    "meshName": "S6_plant1"
  },
  {
    "name": "S6_Board1_1",
    "position": [1.0, 0.0, -1.0],
    "rotation": [0.0, 0.0, 0.0],
    "scale": [1.0, 1.0, 1.0],
    "isMeshObj": true,
    "meshName": "S6_Board"
  },
  {
    "name": "S6_Board1_2",
    "position": [0.0, 0.0, -1.0],
    "rotation": [0.0, 0.0, 0.0],
    "scale": [1.0, 1.0, 1.0],
    "isMeshObj": true,
    "meshName": "S6_Board"
  },
  {
    "name": "S6_Board1_3",
    "position": [-1.0, 0.0, -1.0],
    "rotation": [0.0, 0.0, 0.0],
    "scale": [1.0, 1.0, 1.0],
    "isMeshObj": true,
    "meshName": "S6_Board"
  },
  {
    "name": "S6_Board1_4",
    "position": [0.0, 0.0, 0.0],
    "rotation": [0.0, 0.0, 0.0],
    "scale": [1.0, 1.0, 1.0],
    "isMeshObj": true,
    "meshName": "S6_Board"
  },
  {
    "name": "S6_Board1_5",
    "position": [-1.0, 0.0, 0.0],
    "rotation": [0.0, 0.0, 0.0],
    "scale": [1.0, 1.0, 1.0],
    "isMeshObj": true,
    "meshName": "S6_Board"
  },
  {
    "name": "S6_Board1_6",
    "position": [-1.0, 0.0, 1.0],
    "rotation": [0.0, 0.0, 0.0],
    "scale": [1.0, 1.0, 1.0],
    "isMeshObj": true,
    "meshName": "S6_Board"
  },
  {
    "name": "S6_Board1_7",
    "position": [0.0, 0.0, 1.0],
    "rotation": [0.0, 0.0, 0.0],
    "scale": [1.0, 1.0, 1.0],
    "isMeshObj": true,
    "meshName": "S6_Board"
  },
  {
    "name": "S6_Board1_8",
    "position": [1.0, 0.0, 1.0],
    "rotation": [0.0, 0.0, 0.0],
    "scale": [1.0, 1.0, 1.0],
    "isMeshObj": true,
    "meshName": "S6_Board"
  },
  {
    "name": "S6_Board1_9",
    "position": [1.0, 0.0, 2.0],
    "rotation": [0.0, 0.0, 0.0],
    "scale": [1.0, 1.0, 1.0],
    "isMeshObj": true,
    "meshName": "S6_Board"
  },
  {
    "name": "S6_Board1_10",
    "position": [0.0, 0.0, 2.0],
    "rotation": [0.0, 0.0, 0.0],
    "scale": [1.0, 1.0, 1.0],
    "isMeshObj": true,
    "meshName": "S6_Board"
  },
  {
    "name": "S6_Board1_11",
    "position": [-1.0, 0.0, 2.0],
    "rotation": [0.0, 0.0, 0.0],
    "scale": [1.0, 1.0, 1.0],
    "isMeshObj": true,
    "meshName": "S6_Board"
  },
  {
    "name": "S6_Board1_12",
    "position": [-2.0, 0.0, 2.0],
    "rotation": [0.0, 0.0, 0.0],
    "scale": [1.0, 1.0, 1.0],
    "isMeshObj": true,
    "meshName": "S6_Board"
  },
  {
    "name": "S6_Board1_13",
    "position": [-2.0, 0.0, 1.0],
    "rotation": [0.0, 0.0, 0.0],
    "scale": [1.0, 1.0, 1.0],
    "isMeshObj": true,
    "meshName": "S6_Board"
  },
  {
    "name": "S6_Board1_14",
    "position": [-2.0, 0.0, 0.0],
    "rotation": [0.0, 0.0, 0.0],
    "scale": [1.0, 1.0, 1.0],
    "isMeshObj": true,
    "meshName": "S6_Board"
  },
  {
    "name": "S6_Board1_15",
    "position": [-2.0, 0.0, -1.0],
    "rotation": [0.0, 0.0, 0.0],
    "scale": [1.0, 1.0, 1.0],
    "isMeshObj": true,
    "meshName": "S6_Board"
  },
  {
    "name": "S6_Board1_16",
    "position": [-3.0, 0.0, -1.0],
    "rotation": [0.0, 0.0, 0.0],
    "scale": [1.0, 1.0, 1.0],
    "isMeshObj": true,
    "meshName": "S6_Board"
  },
  {
    "name": "S6_Board1_17",
    "position": [-3.0, 0.0, 0.0],
    "rotation": [0.0, 0.0, 0.0],
    "scale": [1.0, 1.0, 1.0],
    "isMeshObj": true,
    "meshName": "S6_Board"
  },
  {
    "name": "S6_Board1_18",
    "position": [-3.0, 0.0, 1.0],
    "rotation": [0.0, 0.0, 0.0],
    "scale": [1.0, 1.0, 1.0],
    "isMeshObj": true,
    "meshName": "S6_Board"
  },
  {
    "name": "S6_Board1_19",
    "position": [-3.0, 0.0, 2.0],
    "rotation": [0.0, 0.0, 0.0],
    "scale": [1.0, 1.0, 1.0],
    "isMeshObj": true,
    "meshName": "S6_Board"
  },
  {
    "name": "S6_Board1_20",
    "position": [-3.0, 0.0, 3.0],
    "rotation": [0.0, 0.0, 0.0],
    "scale": [1.0, 1.0, 1.0],
    "isMeshObj": true,
    "meshName": "S6_Board"
  },
  {
    "name": "S6_Board1_21",
    "position": [-2.0, 0.0, 3.0],
    "rotation": [0.0, 0.0, 0.0],
    "scale": [1.0, 1.0, 1.0],
    "isMeshObj": true,
    "meshName": "S6_Board"
  },
  {
    "name": "S6_Board1_22",
    "position": [-1.0, 0.0, 3.0],
    "rotation": [0.0, 0.0, 0.0],
    "scale": [1.0, 1.0, 1.0],
    "isMeshObj": true,
    "meshName": "S6_Board"
  },
  {
    "name": "S6_Board1_23",
    "position": [0.0, 0.0, 3.0],
    "rotation": [0.0, 0.0, 0.0],
    "scale": [1.0, 1.0, 1.0],
    "isMeshObj": true,
    "meshName": "S6_Board"
  },
  {
    "name": "S6_Board1_24",
    "position": [1.0, 0.0, 3.0],
    "rotation": [0.0, 0.0, 0.0],
    "scale": [1.0, 1.0, 1.0],
    "isMeshObj": true,
    "meshName": "S6_Board"
  },
  {
    "name": "S6_Board1_25",
    "position": [1.0, 0.0, 4.0],
    "rotation": [0.0, 0.0, 0.0],
    "scale": [1.0, 1.0, 1.0],
    "isMeshObj": true,
    "meshName": "S6_Board"
  },
  {
    "name": "S6_Board1_26",
    "position": [0.0, 0.0, 4.0],
    "rotation": [0.0, 0.0, 0.0],
    "scale": [1.0, 1.0, 1.0],
    "isMeshObj": true,
    "meshName": "S6_Board"
  },
  {
    "name": "S6_Board1_27",
    "position": [-1.0, 0.0, 4.0],
    "rotation": [0.0, 0.0, 0.0],
    "scale": [1.0, 1.0, 1.0],
    "isMeshObj": true,
    "meshName": "S6_Board"
  },
  {
    "name": "S6_Board1_28",
    "position": [-2.0, 0.0, 4.0],
    "rotation": [0.0, 0.0, 0.0],
    "scale": [1.0, 1.0, 1.0],
    "isMeshObj": true,
    "meshName": "S6_Board"
  },
  {
    "name": "S6_Board1_29",
    "position": [-3.0, 0.0, 4.0],
    "rotation": [0.0, 0.0, 0.0],
    "scale": [1.0, 1.0, 1.0],
    "isMeshObj": true,
    "meshName": "S6_Board"
  },
  {
    "name": "S6_Board1_30",
    "position": [-4.0, 0.0, 4.0],
    "rotation": [0.0, 0.0, 0.0],
    "scale": [1.0, 1.0, 1.0],
    "isMeshObj": true,
    "meshName": "S6_Board"
  },
  {
    "name": "S6_Board1_31",
    "position": [-4.0, 0.0, 3.0],
    "rotation": [0.0, 0.0, 0.0],
    "scale": [1.0, 1.0, 1.0],
    "isMeshObj": true,
    "meshName": "S6_Board"
  },
  {
    "name": "S6_Board1_32",
    "position": [-4.0, 0.0, 2.0],
    "rotation": [0.0, 0.0, 0.0],
    "scale": [1.0, 1.0, 1.0],
    "isMeshObj": true,
    "meshName": "S6_Board"
  },
  {
    "name": "S6_Board1_33",
    "position": [-4.0, 0.0, 1.0],
    "rotation": [0.0, 0.0, 0.0],
    "scale": [1.0, 1.0, 1.0],
    "isMeshObj": true,
    "meshName": "S6_Board"
  },
  {
    "name": "S6_Board1_34",
    "position": [-4.0, 0.0, 0.0],
    "rotation": [0.0, 0.0, 0.0],
    "scale": [1.0, 1.0, 1.0],
    "isMeshObj": true,
    "meshName": "S6_Board"
  },
  {
    "name": "S6_Board1_35",
    "position": [-4.0, 0.0, -1.0],
    "rotation": [0.0, 0.0, 0.0],
    "scale": [1.0, 1.0, 1.0],
    "isMeshObj": true,
    "meshName": "S6_Board"
  },
  {
    "name": "S6_Board1_36",
    "position": [-5.0, 0.0, -1.0],
    "rotation": [0.0, 0.0, 0.0],
    "scale": [1.0, 1.0, 1.0],
    "isMeshObj": true,
    "meshName": "S6_Board"
  },
  {
    "name": "S6_Board1_37",
    "position": [-5.0, 0.0, 0.0],
    "rotation": [0.0, 0.0, 0.0],
    "scale": [1.0, 1.0, 1.0],
    "isMeshObj": true,
    "meshName": "S6_Board"
  },
  {
    "name": "S6_Board1_38",
    "position": [-5.0, 0.0, 1.0],
    "rotation": [0.0, 0.0, 0.0],
    "scale": [1.0, 1.0, 1.0],
    "isMeshObj": true,
    "meshName": "S6_Board"
  },
  {
    "name": "S6_Board1_39",
    "position": [-5.0, 0.0, 2.0],
    "rotation": [0.0, 0.0, 0.0],
    "scale": [1.0, 1.0, 1.0],
    "isMeshObj": true,
    "meshName": "S6_Board"
  },
  {
    "name": "S6_Board1_40",
    "position": [-5.0, 0.0, 3.0],
    "rotation": [0.0, 0.0, 0.0],
    "scale": [1.0, 1.0, 1.0],
    "isMeshObj": true,
    "meshName": "S6_Board"
  },
  {
    "name": "S6_Board1_41",
    "position": [-5.0, 0.0, 4.0],
    "rotation": [0.0, 0.0, 0.0],
    "scale": [1.0, 1.0, 1.0],
    "isMeshObj": true,
    "meshName": "S6_Board"
  },
  {
    "name": "S6_Board1_42",
    "position": [-5.0, 0.0, 5.0],
    "rotation": [0.0, 0.0, 0.0],
    "scale": [1.0, 1.0, 1.0],
    "isMeshObj": true,
    "meshName": "S6_Board"
  },
  {
    "name": "S6_Board1_43",
    "position": [-4.0, 0.0, 5.0],
    "rotation": [0.0, 0.0, 0.0],
    "scale": [1.0, 1.0, 1.0],
    "isMeshObj": true,
    "meshName": "S6_Board"
  },
  {
    "name": "S6_Board1_44",
    "position": [-3.0, 0.0, 5.0],
    "rotation": [0.0, 0.0, 0.0],
    "scale": [1.0, 1.0, 1.0],
    "isMeshObj": true,
    "meshName": "S6_Board"
  },
  {
    "name": "S6_Board1_45",
    "position": [-2.0, 0.0, 5.0],
    "rotation": [0.0, 0.0, 0.0],
    "scale": [1.0, 1.0, 1.0],
    "isMeshObj": true,
    "meshName": "S6_Board"
  },
  {
    "name": "S6_Board1_46",
    "position": [-1.0, 0.0, 5.0],
    "rotation": [0.0, 0.0, 0.0],
    "scale": [1.0, 1.0, 1.0],
    "isMeshObj": true,
    "meshName": "S6_Board"
  },
  {
    "name": "S6_Board1_47",
    "position": [0.0, 0.0, 5.0],
    "rotation": [0.0, 0.0, 0.0],
    "scale": [1.0, 1.0, 1.0],
    "isMeshObj": true,
    "meshName": "S6_Board"
  },
  {
    "name": "S6_Board1_48",
    "position": [1.0, 0.0, 5.0],
    "rotation": [0.0, 0.0, 0.0],
    "scale": [1.0, 1.0, 1.0],
    "isMeshObj": true,
    "meshName": "S6_Board"
  },
  {
    "name": "S6_Board1_49",
    "position": [2.0, 0.0, 5.0],
    "rotation": [0.0, 0.0, 0.0],
    "scale": [1.0, 1.0, 1.0],
    "isMeshObj": true,
    "meshName": "S6_Board"
  },
  {
    "name": "S6_Board1_50",
    "position": [2.0, 0.0, 4.0],
    "rotation": [0.0, 0.0, 0.0],
    "scale": [1.0, 1.0, 1.0],
    "isMeshObj": true,
    "meshName": "S6_Board"
  },
  {
    "name": "S6_Board1_51",
    "position": [2.0, 0.0, 3.0],
    "rotation": [0.0, 0.0, 0.0],
    "scale": [1.0, 1.0, 1.0],
    "isMeshObj": true,
    "meshName": "S6_Board"
  },
  {
    "name": "S6_Board1_52",
    "position": [2.0, 0.0, 2.0],
    "rotation": [0.0, 0.0, 0.0],
    "scale": [1.0, 1.0, 1.0],
    "isMeshObj": true,
    "meshName": "S6_Board"
  },
  {
    "name": "S6_Board1_53",
    "position": [2.0, 0.0, 1.0],
    "rotation": [0.0, 0.0, 0.0],
    "scale": [1.0, 1.0, 1.0],
    "isMeshObj": true,
    "meshName": "S6_Board"
  },
  {
    "name": "S6_Board1_54",
    "position": [2.0, 0.0, 0.0],
    "rotation": [0.0, 0.0, 0.0],
    "scale": [1.0, 1.0, 1.0],
    "isMeshObj": true,
    "meshName": "S6_Board"
  },
  {
    "name": "S6_Board1_55",
    "position": [0.0, 0.0, -2.0],
    "rotation": [0.0, 0.0, 0.0],
    "scale": [1.0, 1.0, 1.0],
    "isMeshObj": true,
    "meshName": "S6_Board"
  },
  {
    "name": "S6_Board1_56",
    "position": [-1.0, 0.0, -2.0],
    "rotation": [0.0, 0.0, 0.0],
    "scale": [1.0, 1.0, 1.0],
    "isMeshObj": true,
    "meshName": "S6_Board"
  },
  {
    "name": "S6_Board1_57",
    "position": [-2.0, 0.0, -2.0],
    "rotation": [0.0, 0.0, 0.0],
    "scale": [1.0, 1.0, 1.0],
    "isMeshObj": true,
    "meshName": "S6_Board"
  },
  {
    "name": "S6_Board1_58",
    "position": [-3.0, 0.0, -2.0],
    "rotation": [0.0, 0.0, 0.0],
    "scale": [1.0, 1.0, 1.0],
    "isMeshObj": true,
    "meshName": "S6_Board"
  },
  {
    "name": "S6_Board1_59",
    "position": [-4.0, 0.0, -2.0],
    "rotation": [0.0, 0.0, 0.0],
    "scale": [1.0, 1.0, 1.0],
    "isMeshObj": true,
    "meshName": "S6_Board"
  },
  {
    "name": "S6_Board1_60",
    "position": [-5.0, 0.0, -2.0],
    "rotation": [0.0, 0.0, 0.0],
    "scale": [1.0, 1.0, 1.0],
    "isMeshObj": true,
    "meshName": "S6_Board"
  },
  {
    "name": "S6_Board1_61",
    "position": [-6.0, 0.0, -1.0],
    "rotation": [0.0, 0.0, 0.0],
    "scale": [1.0, 1.0, 1.0],
    "isMeshObj": true,
    "meshName": "S6_Board"
  },
  {
    "name": "S6_Board1_62",
    "position": [-6.0, 0.0, 0.0],
    "rotation": [0.0, 0.0, 0.0],
    "scale": [1.0, 1.0, 1.0],
    "isMeshObj": true,
    "meshName": "S6_Board"
  },
  {
    "name": "S6_Board1_63",
    "position": [-6.0, 0.0, 1.0],
    "rotation": [0.0, 0.0, 0.0],
    "scale": [1.0, 1.0, 1.0],
    "isMeshObj": true,
    "meshName": "S6_Board"
  },
  {
    "name": "S6_Board1_64",
    "position": [-6.0, 0.0, 2.0],
    "rotation": [0.0, 0.0, 0.0],
    "scale": [1.0, 1.0, 1.0],
    "isMeshObj": true,
    "meshName": "S6_Board"
  },
  {
    "name": "S6_Board1_65",
    "position": [-6.0, 0.0, 3.0],
    "rotation": [0.0, 0.0, 0.0],
    "scale": [1.0, 1.0, 1.0],
    "isMeshObj": true,
    "meshName": "S6_Board"
  },
  {
    "name": "S6_Board1_66",
    "position": [-6.0, 0.0, 4.0],
    "rotation": [0.0, 0.0, 0.0],
    "scale": [1.0, 1.0, 1.0],
    "isMeshObj": true,
    "meshName": "S6_Board"
  },
  {
    "name": "S6_Board1_67",
    "position": [-6.0, 0.0, 5.0],
    "rotation": [0.0, 0.0, 0.0],
    "scale": [1.0, 1.0, 1.0],
    "isMeshObj": true,
    "meshName": "S6_Board"
  },
  {
    "name": "S6_Board1_68",
    "position": [-5.0, 0.0, 6.0],
    "rotation": [0.0, 0.0, 0.0],
    "scale": [1.0, 1.0, 1.0],
    "isMeshObj": true,
    "meshName": "S6_Board"
  },
  {
    "name": "S6_Board1_69",
    "position": [-4.0, 0.0, 6.0],
    "rotation": [0.0, 0.0, 0.0],
    "scale": [1.0, 1.0, 1.0],
    "isMeshObj": true,
    "meshName": "S6_Board"
  },
  {
    "name": "S6_Board1_70",
    "position": [-3.0, 0.0, 6.0],
    "rotation": [0.0, 0.0, 0.0],
    "scale": [1.0, 1.0, 1.0],
    "isMeshObj": true,
    "meshName": "S6_Board"
  },
  {
    "name": "S6_Board1_71",
    "position": [-2.0, 0.0, 6.0],
    "rotation": [0.0, 0.0, 0.0],
    "scale": [1.0, 1.0, 1.0],
    "isMeshObj": true,
    "meshName": "S6_Board"
  },
  {
    "name": "S6_Board1_72",
    "position": [-1.0, 0.0, 6.0],
    "rotation": [0.0, 0.0, 0.0],
    "scale": [1.0, 1.0, 1.0],
    "isMeshObj": true,
    "meshName": "S6_Board"
  },
  {
    "name": "S6_Board1_73",
    "position": [0.0, 0.0, 6.0],
    "rotation": [0.0, 0.0, 0.0],
    "scale": [1.0, 1.0, 1.0],
    "isMeshObj": true,
    "meshName": "S6_Board"
  },
  {
    "name": "S6_Board1_74",
    "position": [1.0, 0.0, 6.0],
    "rotation": [0.0, 0.0, 0.0],
    "scale": [1.0, 1.0, 1.0],
    "isMeshObj": true,
    "meshName": "S6_Board"
  },
  {
    "name": "S6_Board1_75",
    "position": [0.0, 0.0, 7.0],
    "rotation": [0.0, 0.0, 0.0],
    "scale": [1.0, 1.0, 1.0],
    "isMeshObj": true,
    "meshName": "S6_Board"
  },
  {
    "name": "S6_Board1_76",
    "position": [-1.0, 0.0, 7.0],
    "rotation": [0.0, 0.0, 0.0],
    "scale": [1.0, 1.0, 1.0],
    "isMeshObj": true,
    "meshName": "S6_Board"
  },
  {
    "name": "S6_Board1_77",
    "position": [-2.0, 0.0, 7.0],
    "rotation": [0.0, 0.0, 0.0],
    "scale": [1.0, 1.0, 1.0],
    "isMeshObj": true,
    "meshName": "S6_Board"
  },
  {
    "name": "S6_Board1_78",
    "position": [-3.0, 0.0, 7.0],
    "rotation": [0.0, 0.0, 0.0],
    "scale": [1.0, 1.0, 1.0],
    "isMeshObj": true,
    "meshName": "S6_Board"
  },
  {
    "name": "S6_Board1_79",
    "position": [-4.0, 0.0, 7.0],
    "rotation": [0.0, 0.0, 0.0],
    "scale": [1.0, 1.0, 1.0],
    "isMeshObj": true,
    "meshName": "S6_Board"
  },
  {
    "name": "S6_Board1_80",
    "position": [-5.0, 0.0, 7.0],
    "rotation": [0.0, 0.0, 0.0],
    "scale": [1.0, 1.0, 1.0],
    "isMeshObj": true,
    "meshName": "S6_Board"
  },
  {
    "name": "S6_Board1_81",
    "position": [-6.0, 0.0, 6.0],
    "rotation": [0.0, 0.0, 0.0],
    "scale": [1.0, 1.0, 1.0],
    "isMeshObj": true,
    "meshName": "S6_Board"
  },
  {
    "name": "S6_Board1_82",
    "position": [-7.0, 0.0, 5.0],
    "rotation": [0.0, 0.0, 0.0],
    "scale": [1.0, 1.0, 1.0],
    "isMeshObj": true,
    "meshName": "S6_Board"
  },
  {
    "name": "S6_Board1_83",
    "position": [-7.0, 0.0, 4.0],
    "rotation": [0.0, 0.0, 0.0],
    "scale": [1.0, 1.0, 1.0],
    "isMeshObj": true,
    "meshName": "S6_Board"
  },
  {
    "name": "S6_Board1_84",
    "position": [-7.0, 0.0, 3.0],
    "rotation": [0.0, 0.0, 0.0],
    "scale": [1.0, 1.0, 1.0],
    "isMeshObj": true,
    "meshName": "S6_Board"
  },
  {
    "name": "S6_Board1_85",
    "position": [-7.0, 0.0, 2.0],
    "rotation": [0.0, 0.0, 0.0],
    "scale": [1.0, 1.0, 1.0],
    "isMeshObj": true,
    "meshName": "S6_Board"
  },
  {
    "name": "S6_Board1_86",
    "position": [-7.0, 0.0, 1.0],
    "rotation": [0.0, 0.0, 0.0],
    "scale": [1.0, 1.0, 1.0],
    "isMeshObj": true,
    "meshName": "S6_Board"
  },
  {
    "name": "S6_Board1_87",
    "position": [-7.0, 0.0, 0.0],
    "rotation": [0.0, 0.0, 0.0],
    "scale": [1.0, 1.0, 1.0],
    "isMeshObj": true,
    "meshName": "S6_Board"
  },
  {
    "name": "S6_Board2_1",
    "position": [-7.0, 2.0, 2.0],
    "rotation": [0.0, 0.0, 0.0],
    "scale": [1.0, 1.0, 1.0],
    "isMeshObj": true,
    "meshName": "S6_Board"
  },
  {
    "name": "S6_Board2_2",
    "position": [-6.0, 2.0, 2.0],
    "rotation": [0.0, 0.0, 0.0],
    "scale": [1.0, 1.0, 1.0],
    "isMeshObj": true,
    "meshName": "S6_Board"
  },
  {
    "name": "S6_Board2_3",
    "position": [-6.0, 2.0, 1.0],
    "rotation": [0.0, 0.0, 0.0],
    "scale": [1.0, 1.0, 1.0],
    "isMeshObj": true,
    "meshName": "S6_Board"
  },
  {
    "name": "S6_Board2_4",
    "position": [-6.0, 2.0, 0.0],
    "rotation": [0.0, 0.0, 0.0],
    "scale": [1.0, 1.0, 1.0],
    "isMeshObj": true,
    "meshName": "S6_Board"
  },
  {
    "name": "S6_Board2_5",
    "position": [-7.0, 2.0, 0.0],
    "rotation": [0.0, 0.0, 0.0],
    "scale": [1.0, 1.0, 1.0],
    "isMeshObj": true,
    "meshName": "S6_Board"
  },
  {
    "name": "S6_Board2_6",
    "position": [-7.0, 2.0, -1.0],
    "rotation": [0.0, 0.0, 0.0],
    "scale": [1.0, 1.0, 1.0],
    "isMeshObj": true,
    "meshName": "S6_Board"
  },
  {
    "name": "S6_Board2_7",
    "position": [-6.0, 2.0, -1.0],
    "rotation": [0.0, 0.0, 0.0],
    "scale": [1.0, 1.0, 1.0],
    "isMeshObj": true,
    "meshName": "S6_Board"
  },
  {
    "name": "S6_Board2_8",
    "position": [-5.0, 2.0, -1.0],
    "rotation": [0.0, 0.0, 0.0],
    "scale": [1.0, 1.0, 1.0],
    "isMeshObj": true,
    "meshName": "S6_Board"
  },
  {
    "name": "S6_Board2_9",
    "position": [-5.0, 2.0, 0.0],
    "rotation": [0.0, 0.0, 0.0],
    "scale": [1.0, 1.0, 1.0],
    "isMeshObj": true,
    "meshName": "S6_Board"
  },
  {
    "name": "S6_Board2_10",
    "position": [-5.0, 2.0, 1.0],
    "rotation": [0.0, 0.0, 0.0],
    "scale": [1.0, 1.0, 1.0],
    "isMeshObj": true,
    "meshName": "S6_Board"
  },
  {
    "name": "S6_Board2_11",
    "position": [-5.0, 2.0, 2.0],
    "rotation": [0.0, 0.0, 0.0],
    "scale": [1.0, 1.0, 1.0],
    "isMeshObj": true,
    "meshName": "S6_Board"
  },
  {
    "name": "S6_Board2_12",
    "position": [-5.0, 2.0, 3.0],
    "rotation": [0.0, 0.0, 0.0],
    "scale": [1.0, 1.0, 1.0],
    "isMeshObj": true,
    "meshName": "S6_Board"
  },
  {
    "name": "S6_Board2_13",
    "position": [-6.0, 2.0, 3.0],
    "rotation": [0.0, 0.0, 0.0],
    "scale": [1.0, 1.0, 1.0],
    "isMeshObj": true,
    "meshName": "S6_Board"
  },
  {
    "name": "S6_Board2_14",
    "position": [-7.0, 2.0, 3.0],
    "rotation": [0.0, 0.0, 0.0],
    "scale": [1.0, 1.0, 1.0],
    "isMeshObj": true,
    "meshName": "S6_Board"
  },
  {
    "name": "S6_Board2_15",
    "position": [-8.0, 2.0, 3.0],
    "rotation": [0.0, 0.0, 0.0],
    "scale": [1.0, 1.0, 1.0],
    "isMeshObj": true,
    "meshName": "S6_Board"
  },
  {
    "name": "S6_Board2_16",
    "position": [-8.0, 2.0, 4.0],
    "rotation": [0.0, 0.0, 0.0],
    "scale": [1.0, 1.0, 1.0],
    "isMeshObj": true,
    "meshName": "S6_Board"
  },
  {
    "name": "S6_Board2_17",
    "position": [-7.0, 2.0, 4.0],
    "rotation": [0.0, 0.0, 0.0],
    "scale": [1.0, 1.0, 1.0],
    "isMeshObj": true,
    "meshName": "S6_Board"
  },
  {
    "name": "S6_Board2_18",
    "position": [-6.0, 2.0, 4.0],
    "rotation": [0.0, 0.0, 0.0],
    "scale": [1.0, 1.0, 1.0],
    "isMeshObj": true,
    "meshName": "S6_Board"
  },
  {
    "name": "S6_Board2_19",
    "position": [-5.0, 2.0, 4.0],
    "rotation": [0.0, 0.0, 0.0],
    "scale": [1.0, 1.0, 1.0],
    "isMeshObj": true,
    "meshName": "S6_Board"
  },
  {
    "name": "S6_Board2_20",
    "position": [-5.0, 2.0, 5.0],
    "rotation": [0.0, 0.0, 0.0],
    "scale": [1.0, 1.0, 1.0],
    "isMeshObj": true,
    "meshName": "S6_Board"
  },
  {
    "name": "S6_Board2_21",
    "position": [-6.0, 2.0, 5.0],
    "rotation": [0.0, 0.0, 0.0],
    "scale": [1.0, 1.0, 1.0],
    "isMeshObj": true,
    "meshName": "S6_Board"
  },
  {
    "name": "S6_Board2_22",
    "position": [-7.0, 2.0, 5.0],
    "rotation": [0.0, 0.0, 0.0],
    "scale": [1.0, 1.0, 1.0],
    "isMeshObj": true,
    "meshName": "S6_Board"
  },
  {
    "name": "S6_Board2_23",
    "position": [-8.0, 2.0, 5.0],
    "rotation": [0.0, 0.0, 0.0],
    "scale": [1.0, 1.0, 1.0],
    "isMeshObj": true,
    "meshName": "S6_Board"
  },
  {
    "name": "S6_Board2_24",
    "position": [-8.0, 2.0, 6.0],
    "rotation": [0.0, 0.0, 0.0],
    "scale": [1.0, 1.0, 1.0],
    "isMeshObj": true,
    "meshName": "S6_Board"
  },
  {
    "name": "S6_Board2_25",
    "position": [-7.0, 2.0, 6.0],
    "rotation": [0.0, 0.0, 0.0],
    "scale": [1.0, 1.0, 1.0],
    "isMeshObj": true,
    "meshName": "S6_Board"
  },
  {
    "name": "S6_Board2_26",
    "position": [-6.0, 2.0, 6.0],
    "rotation": [0.0, 0.0, 0.0],
    "scale": [1.0, 1.0, 1.0],
    "isMeshObj": true,
    "meshName": "S6_Board"
  },
  {
    "name": "S6_Board2_27",
    "position": [-5.0, 2.0, 6.0],
    "rotation": [0.0, 0.0, 0.0],
    "scale": [1.0, 1.0, 1.0],
    "isMeshObj": true,
    "meshName": "S6_Board"
  },
  {
    "name": "S6_Board2_28",
    "position": [-5.0, 2.0, 7.0],
    "rotation": [0.0, 0.0, 0.0],
    "scale": [1.0, 1.0, 1.0],
    "isMeshObj": true,
    "meshName": "S6_Board"
  },
  {
    "name": "S6_Board2_29",
    "position": [-6.0, 2.0, 7.0],
    "rotation": [0.0, 0.0, 0.0],
    "scale": [1.0, 1.0, 1.0],
    "isMeshObj": true,
    "meshName": "S6_Board"
  },
  {
    "name": "S6_Board2_30",
    "position": [-7.0, 2.0, 7.0],
    "rotation": [0.0, 0.0, 0.0],
    "scale": [1.0, 1.0, 1.0],
    "isMeshObj": true,
    "meshName": "S6_Board"
  },
  {
    "name": "S6_Board2_31",
    "position": [-6.0, 2.0, 8.0],
    "rotation": [0.0, 0.0, 0.0],
    "scale": [1.0, 1.0, 1.0],
    "isMeshObj": true,
    "meshName": "S6_Board"
  },
  {
    "name": "S6_Board2_32",
    "position": [-5.0, 2.0, 8.0],
    "rotation": [0.0, 0.0, 0.0],
    "scale": [1.0, 1.0, 1.0],
    "isMeshObj": true,
    "meshName": "S6_Board"
  },
  {
    "name": "S6_Board2_33",
    "position": [-4.0, 2.0, 8.0],
    "rotation": [0.0, 0.0, 0.0],
    "scale": [1.0, 1.0, 1.0],
    "isMeshObj": true,
    "meshName": "S6_Board"
  },
  {
    "name": "S6_Board2_34",
    "position": [-4.0, 2.0, 7.0],
    "rotation": [0.0, 0.0, 0.0],
    "scale": [1.0, 1.0, 1.0],
    "isMeshObj": true,
    "meshName": "S6_Board"
  },
  {
    "name": "S6_Board2_35",
    "position": [-4.0, 2.0, 6.0],
    "rotation": [0.0, 0.0, 0.0],
    "scale": [1.0, 1.0, 1.0],
    "isMeshObj": true,
    "meshName": "S6_Board"
  },
  {
    "name": "S6_Board2_36",
    "position": [-4.0, 2.0, 5.0],
    "rotation": [0.0, 0.0, 0.0],
    "scale": [1.0, 1.0, 1.0],
    "isMeshObj": true,
    "meshName": "S6_Board"
  },
  {
    "name": "S6_Board2_37",
    "position": [-3.0, 2.0, 5.0],
    "rotation": [0.0, 0.0, 0.0],
    "scale": [1.0, 1.0, 1.0],
    "isMeshObj": true,
    "meshName": "S6_Board"
  },
  {
    "name": "S6_Board2_38",
    "position": [-3.0, 2.0, 6.0],
    "rotation": [0.0, 0.0, 0.0],
    "scale": [1.0, 1.0, 1.0],
    "isMeshObj": true,
    "meshName": "S6_Board"
  },
  {
    "name": "S6_Board2_39",
    "position": [-3.0, 2.0, 7.0],
    "rotation": [0.0, 0.0, 0.0],
    "scale": [1.0, 1.0, 1.0],
    "isMeshObj": true,
    "meshName": "S6_Board"
  },
  {
    "name": "S6_Board2_40",
    "position": [-3.0, 2.0, 8.0],
    "rotation": [0.0, 0.0, 0.0],
    "scale": [1.0, 1.0, 1.0],
    "isMeshObj": true,
    "meshName": "S6_Board"
  },
  {
    "name": "S6_Board2_41",
    "position": [-2.0, 2.0, 8.0],
    "rotation": [0.0, 0.0, 0.0],
    "scale": [1.0, 1.0, 1.0],
    "isMeshObj": true,
    "meshName": "S6_Board"
  },
  {
    "name": "S6_Board2_42",
    "position": [-2.0, 2.0, 7.0],
    "rotation": [0.0, 0.0, 0.0],
    "scale": [1.0, 1.0, 1.0],
    "isMeshObj": true,
    "meshName": "S6_Board"
  },
  {
    "name": "S6_Board2_43",
    "position": [-2.0, 2.0, 6.0],
    "rotation": [0.0, 0.0, 0.0],
    "scale": [1.0, 1.0, 1.0],
    "isMeshObj": true,
    "meshName": "S6_Board"
  },
  {
    "name": "S6_Board2_44",
    "position": [-2.0, 2.0, 5.0],
    "rotation": [0.0, 0.0, 0.0],
    "scale": [1.0, 1.0, 1.0],
    "isMeshObj": true,
    "meshName": "S6_Board"
  },
  {
    "name": "S6_Board2_45",
    "position": [-1.0, 2.0, 5.0],
    "rotation": [0.0, 0.0, 0.0],
    "scale": [1.0, 1.0, 1.0],
    "isMeshObj": true,
    "meshName": "S6_Board"
  },
  {
    "name": "S6_Board2_46",
    "position": [-1.0, 2.0, 6.0],
    "rotation": [0.0, 0.0, 0.0],
    "scale": [1.0, 1.0, 1.0],
    "isMeshObj": true,
    "meshName": "S6_Board"
  },
  {
    "name": "S6_Board2_47",
    "position": [-1.0, 2.0, 7.0],
    "rotation": [0.0, 0.0, 0.0],
    "scale": [1.0, 1.0, 1.0],
    "isMeshObj": true,
    "meshName": "S6_Board"
  },
  {
    "name": "S6_Board2_48",
    "position": [-1.0, 2.0, 8.0],
    "rotation": [0.0, 0.0, 0.0],
    "scale": [1.0, 1.0, 1.0],
    "isMeshObj": true,
    "meshName": "S6_Board"
  },
  {
    "name": "S6_Board2_49",
    "position": [0.0, 2.0, 8.0],
    "rotation": [0.0, 0.0, 0.0],
    "scale": [1.0, 1.0, 1.0],
    "isMeshObj": true,
    "meshName": "S6_Board"
  },
  {
    "name": "S6_Board2_50",
    "position": [0.0, 2.0, 7.0],
    "rotation": [0.0, 0.0, 0.0],
    "scale": [1.0, 1.0, 1.0],
    "isMeshObj": true,
    "meshName": "S6_Board"
  },
  {
    "name": "S6_Board2_51",
    "position": [0.0, 2.0, 6.0],
    "rotation": [0.0, 0.0, 0.0],
    "scale": [1.0, 1.0, 1.0],
    "isMeshObj": true,
    "meshName": "S6_Board"
  },
  {
    "name": "S6_Board2_52",
    "position": [0.0, 2.0, 5.0],
    "rotation": [0.0, 0.0, 0.0],
    "scale": [1.0, 1.0, 1.0],
    "isMeshObj": true,
    "meshName": "S6_Board"
  },
  {
    "name": "S6_Board2_53",
    "position": [1.0, 2.0, 5.0],
    "rotation": [0.0, 0.0, 0.0],
    "scale": [1.0, 1.0, 1.0],
    "isMeshObj": true,
    "meshName": "S6_Board"
  },
  {
    "name": "S6_Board2_54",
    "position": [1.0, 2.0, 6.0],
    "rotation": [0.0, 0.0, 0.0],
    "scale": [1.0, 1.0, 1.0],
    "isMeshObj": true,
    "meshName": "S6_Board"
  },
  {
    "name": "S6_Board2_55",
    "position": [1.0, 2.0, 7.0],
    "rotation": [0.0, 0.0, 0.0],
    "scale": [1.0, 1.0, 1.0],
    "isMeshObj": true,
    "meshName": "S6_Board"
  },
  {
    "name": "S6_Board2_56",
    "position": [1.0, 2.0, 8.0],
    "rotation": [0.0, 0.0, 0.0],
    "scale": [1.0, 1.0, 1.0],
    "isMeshObj": true,
    "meshName": "S6_Board"
  },
  {
    "name": "S6_Board2_57",
    "position": [2.0, 2.0, 7.0],
    "rotation": [0.0, 0.0, 0.0],
    "scale": [1.0, 1.0, 1.0],
    "isMeshObj": true,
    "meshName": "S6_Board"
  },
  {
    "name": "S6_Board2_58",
    "position": [2.0, 2.0, 6.0],
    "rotation": [0.0, 0.0, 0.0],
    "scale": [1.0, 1.0, 1.0],
    "isMeshObj": true,
    "meshName": "S6_Board"
  },
  {
    "name": "S6_Board2_59",
    "position": [3.0, 2.0, 6.0],
    "rotation": [0.0, 0.0, 0.0],
    "scale": [1.0, 1.0, 1.0],
    "isMeshObj": true,
    "meshName": "S6_Board"
  },
  {
    "name": "S6_Board2_60",
    "position": [3.0, 2.0, 5.0],
    "rotation": [0.0, 0.0, 0.0],
    "scale": [1.0, 1.0, 1.0],
    "isMeshObj": true,
    "meshName": "S6_Board"
  },
  {
    "name": "S6_Board2_61",
    "position": [2.0, 2.0, 5.0],
    "rotation": [0.0, 0.0, 0.0],
    "scale": [1.0, 1.0, 1.0],
    "isMeshObj": true,
    "meshName": "S6_Board"
  },
  {
    "name": "S6_Board2_62",
    "position": [3.0, 2.0, 4.0],
    "rotation": [0.0, 0.0, 0.0],
    "scale": [1.0, 1.0, 1.0],
    "isMeshObj": true,
    "meshName": "S6_Board"
  },
  {
    "name": "S6_Board2_63",
    "position": [2.0, 2.0, 4.0],
    "rotation": [0.0, 0.0, 0.0],
    "scale": [1.0, 1.0, 1.0],
    "isMeshObj": true,
    "meshName": "S6_Board"
  },
  {
    "name": "S6_Board2_64",
    "position": [1.0, 2.0, 4.0],
    "rotation": [0.0, 0.0, 0.0],
    "scale": [1.0, 1.0, 1.0],
    "isMeshObj": true,
    "meshName": "S6_Board"
  },
  {
    "name": "S6_Board2_65",
    "position": [0.0, 2.0, 4.0],
    "rotation": [0.0, 0.0, 0.0],
    "scale": [1.0, 1.0, 1.0],
    "isMeshObj": true,
    "meshName": "S6_Board"
  },
  {
    "name": "S6_Board2_66",
    "position": [0.0, 2.0, 3.0],
    "rotation": [0.0, 0.0, 0.0],
    "scale": [1.0, 1.0, 1.0],
    "isMeshObj": true,
    "meshName": "S6_Board"
  },
  {
    "name": "S6_Board2_67",
    "position": [1.0, 2.0, 3.0],
    "rotation": [0.0, 0.0, 0.0],
    "scale": [1.0, 1.0, 1.0],
    "isMeshObj": true,
    "meshName": "S6_Board"
  },
  {
    "name": "S6_Board2_68",
    "position": [2.0, 2.0, 3.0],
    "rotation": [0.0, 0.0, 0.0],
    "scale": [1.0, 1.0, 1.0],
    "isMeshObj": true,
    "meshName": "S6_Board"
  },
  {
    "name": "S6_Board2_69",
    "position": [3.0, 2.0, 3.0],
    "rotation": [0.0, 0.0, 0.0],
    "scale": [1.0, 1.0, 1.0],
    "isMeshObj": true,
    "meshName": "S6_Board"
  },
  {
    "name": "S6_Board2_70",
    "position": [2.0, 2.0, 2.0],
    "rotation": [0.0, 0.0, 0.0],
    "scale": [1.0, 1.0, 1.0],
    "isMeshObj": true,
    "meshName": "S6_Board"
  },
  {
    "name": "S6_Board2_71",
    "position": [1.0, 2.0, 2.0],
    "rotation": [0.0, 0.0, 0.0],
    "scale": [1.0, 1.0, 1.0],
    "isMeshObj": true,
    "meshName": "S6_Board"
  },
  {
    "name": "S6_Board2_72",
    "position": [0.0, 2.0, 2.0],
    "rotation": [0.0, 0.0, 0.0],
    "scale": [1.0, 1.0, 1.0],
    "isMeshObj": true,
    "meshName": "S6_Board"
  },
  {
    "name": "S6_Board2_73",
    "position": [0.0, 2.0, 1.0],
    "rotation": [0.0, 0.0, 0.0],
    "scale": [1.0, 1.0, 1.0],
    "isMeshObj": true,
    "meshName": "S6_Board"
  },
  {
    "name": "S6_Board2_74",
    "position": [1.0, 2.0, 1.0],
    "rotation": [0.0, 0.0, 0.0],
    "scale": [1.0, 1.0, 1.0],
    "isMeshObj": true,
    "meshName": "S6_Board"
  },
  {
    "name": "S6_Board2_75",
    "position": [2.0, 2.0, 1.0],
    "rotation": [0.0, 0.0, 0.0],
    "scale": [1.0, 1.0, 1.0],
    "isMeshObj": true,
    "meshName": "S6_Board"
  },
  {
    "name": "S6_Board2_76",
    "position": [2.0, 2.0, 0.0],
    "rotation": [0.0, 0.0, 0.0],
    "scale": [1.0, 1.0, 1.0],
    "isMeshObj": true,
    "meshName": "S6_Board"
  },
  {
    "name": "S6_Board2_77",
    "position": [1.0, 2.0, 0.0],
    "rotation": [0.0, 0.0, 0.0],
    "scale": [1.0, 1.0, 1.0],
    "isMeshObj": true,
    "meshName": "S6_Board"
  },
  {
    "name": "S6_Board2_78",
    "position": [0.0, 2.0, 0.0],
    "rotation": [0.0, 0.0, 0.0],
    "scale": [1.0, 1.0, 1.0],
    "isMeshObj": true,
    "meshName": "S6_Board"
  },
  {
    "name": "S6_Board2_79",
    "position": [0.0, 2.0, -1.0],
    "rotation": [0.0, 0.0, 0.0],
    "scale": [1.0, 1.0, 1.0],
    "isMeshObj": true,
    "meshName": "S6_Board"
  },
  {
    "name": "S6_Board2_80",
    "position": [1.0, 2.0, -1.0],
    "rotation": [0.0, 0.0, 0.0],
    "scale": [1.0, 1.0, 1.0],
    "isMeshObj": true,
    "meshName": "S6_Board"
  },
  {
    "name": "S6_Board2_81",
    "position": [2.0, 2.0, -1.0],
    "rotation": [0.0, 0.0, 0.0],
    "scale": [1.0, 1.0, 1.0],
    "isMeshObj": true,
    "meshName": "S6_Board"
  },
  {
    "name": "S6_Board2_82",
    "position": [1.0, 2.0, -2.0],
    "rotation": [0.0, 0.0, 0.0],
    "scale": [1.0, 1.0, 1.0],
    "isMeshObj": true,
    "meshName": "S6_Board"
  },
  {
    "name": "S6_Board2_83",
    "position": [0.0, 2.0, -2.0],
    "rotation": [0.0, 0.0, 0.0],
    "scale": [1.0, 1.0, 1.0],
    "isMeshObj": true,
    "meshName": "S6_Board"
  },
  {
    "name": "S6_Board2_84",
    "position": [-1.0, 2.0, -2.0],
    "rotation": [0.0, 0.0, 0.0],
    "scale": [1.0, 1.0, 1.0],
    "isMeshObj": true,
    "meshName": "S6_Board"
  },
  {
    "name": "S6_Board2_85",
    "position": [-1.0, 2.0, -1.0],
    "rotation": [0.0, 0.0, 0.0],
    "scale": [1.0, 1.0, 1.0],
    "isMeshObj": true,
    "meshName": "S6_Board"
  },
  {
    "name": "S6_Board2_86",
    "position": [-1.0, 2.0, 0.0],
    "rotation": [0.0, 0.0, 0.0],
    "scale": [1.0, 1.0, 1.0],
    "isMeshObj": true,
    "meshName": "S6_Board"
  },
  {
    "name": "S6_Board2_87",
    "position": [-2.0, 2.0, 0.0],
    "rotation": [0.0, 0.0, 0.0],
    "scale": [1.0, 1.0, 1.0],
    "isMeshObj": true,
    "meshName": "S6_Board"
  },
  {
    "name": "S6_Board2_88",
    "position": [-2.0, 2.0, -1.0],
    "rotation": [0.0, 0.0, 0.0],
    "scale": [1.0, 1.0, 1.0],
    "isMeshObj": true,
    "meshName": "S6_Board"
  },
  {
    "name": "S6_Board2_89",
    "position": [-2.0, 2.0, -2.0],
    "rotation": [0.0, 0.0, 0.0],
    "scale": [1.0, 1.0, 1.0],
    "isMeshObj": true,
    "meshName": "S6_Board"
  },
  {
    "name": "S6_Board2_90",
    "position": [-3.0, 2.0, -2.0],
    "rotation": [0.0, 0.0, 0.0],
    "scale": [1.0, 1.0, 1.0],
    "isMeshObj": true,
    "meshName": "S6_Board"
  },
  {
    "name": "S6_Board2_91",
    "position": [-3.0, 2.0, -1.0],
    "rotation": [0.0, 0.0, 0.0],
    "scale": [1.0, 1.0, 1.0],
    "isMeshObj": true,
    "meshName": "S6_Board"
  },
  {
    "name": "S6_Board2_92",
    "position": [-3.0, 2.0, 0.0],
    "rotation": [0.0, 0.0, 0.0],
    "scale": [1.0, 1.0, 1.0],
    "isMeshObj": true,
    "meshName": "S6_Board"
  },
  {
    "name": "S6_Board2_93",
    "position": [-4.0, 2.0, 0.0],
    "rotation": [0.0, 0.0, 0.0],
    "scale": [1.0, 1.0, 1.0],
    "isMeshObj": true,
    "meshName": "S6_Board"
  },
  {
    "name": "S6_Board2_94",
    "position": [-4.0, 2.0, -1.0],
    "rotation": [0.0, 0.0, 0.0],
    "scale": [1.0, 1.0, 1.0],
    "isMeshObj": true,
    "meshName": "S6_Board"
  },
  {
    "name": "S6_Board2_95",
    "position": [-4.0, 2.0, -2.0],
    "rotation": [0.0, 0.0, 0.0],
    "scale": [1.0, 1.0, 1.0],
    "isMeshObj": true,
    "meshName": "S6_Board"
  },
  {
    "name": "S6_Board2_96",
    "position": [-5.0, 2.0, -2.0],
    "rotation": [0.0, 0.0, 0.0],
    "scale": [1.0, 1.0, 1.0],
    "isMeshObj": true,
    "meshName": "S6_Board"
  },
  {
    "name": "S6_Board2_97",
    "position": [-6.0, 2.0, -2.0],
    "rotation": [0.0, 0.0, 0.0],
    "scale": [1.0, 1.0, 1.0],
    "isMeshObj": true,
    "meshName": "S6_Board"
  },
  {
    "name": "S6_Board3_1",
    "position": [-6.0, 4.0, 3.0],
    "rotation": [0.0, 0.0, 0.0],
    "scale": [1.0, 1.0, 1.0],
    "isMeshObj": true,
    "meshName": "S6_Board"
  },
  {
    "name": "S6_Board3_2",
    "position": [-5.0, 4.0, 3.0],
    "rotation": [0.0, 0.0, 0.0],
    "scale": [1.0, 1.0, 1.0],
    "isMeshObj": true,
    "meshName": "S6_Board"
  },
  {
    "name": "S6_Board3_3",
    "position": [-5.0, 4.0, 2.0],
    "rotation": [0.0, 0.0, 0.0],
    "scale": [1.0, 1.0, 1.0],
    "isMeshObj": true,
    "meshName": "S6_Board"
  },
  {
    "name": "S6_Board3_4",
    "position": [-5.0, 4.0, 1.0],
    "rotation": [0.0, 0.0, 0.0],
    "scale": [1.0, 1.0, 1.0],
    "isMeshObj": true,
    "meshName": "S6_Board"
  },
  {
    "name": "S6_Board3_5",
    "position": [-6.0, 4.0, 1.0],
    "rotation": [0.0, 0.0, 0.0],
    "scale": [1.0, 1.0, 1.0],
    "isMeshObj": true,
    "meshName": "S6_Board"
  },
  {
    "name": "S6_Board3_6",
    "position": [-6.0, 4.0, 2.0],
    "rotation": [0.0, 0.0, 0.0],
    "scale": [1.0, 1.0, 1.0],
    "isMeshObj": true,
    "meshName": "S6_Board"
  },
  {
    "name": "S6_Board3_7",
    "position": [-7.0, 4.0, 2.0],
    "rotation": [0.0, 0.0, 0.0],
    "scale": [1.0, 1.0, 1.0],
    "isMeshObj": true,
    "meshName": "S6_Board"
  },
  {
    "name": "S6_Board3_8",
    "position": [-8.0, 4.0, 3.0],
    "rotation": [0.0, 0.0, 0.0],
    "scale": [1.0, 1.0, 1.0],
    "isMeshObj": true,
    "meshName": "S6_Board"
  },
  {
    "name": "S6_Board3_9",
    "position": [-8.0, 4.0, 4.0],
    "rotation": [0.0, 0.0, 0.0],
    "scale": [1.0, 1.0, 1.0],
    "isMeshObj": true,
    "meshName": "S6_Board"
  },
  {
    "name": "S6_Board3_10",
    "position": [-7.0, 4.0, 4.0],
    "rotation": [0.0, 0.0, 0.0],
    "scale": [1.0, 1.0, 1.0],
    "isMeshObj": true,
    "meshName": "S6_Board"
  },
  {
    "name": "S6_Board3_11",
    "position": [-6.0, 4.0, 4.0],
    "rotation": [0.0, 0.0, 0.0],
    "scale": [1.0, 1.0, 1.0],
    "isMeshObj": true,
    "meshName": "S6_Board"
  },
  {
    "name": "S6_Board3_12",
    "position": [-5.0, 4.0, 4.0],
    "rotation": [0.0, 0.0, 0.0],
    "scale": [1.0, 1.0, 1.0],
    "isMeshObj": true,
    "meshName": "S6_Board"
  },
  {
    "name": "S6_Board3_13",
    "position": [-5.0, 4.0, 5.0],
    "rotation": [0.0, 0.0, 0.0],
    "scale": [1.0, 1.0, 1.0],
    "isMeshObj": true,
    "meshName": "S6_Board"
  },
  {
    "name": "S6_Board3_14",
    "position": [-6.0, 4.0, 5.0],
    "rotation": [0.0, 0.0, 0.0],
    "scale": [1.0, 1.0, 1.0],
    "isMeshObj": true,
    "meshName": "S6_Board"
  },
  {
    "name": "S6_Board3_15",
    "position": [-7.0, 4.0, 5.0],
    "rotation": [0.0, 0.0, 0.0],
    "scale": [1.0, 1.0, 1.0],
    "isMeshObj": true,
    "meshName": "S6_Board"
  },
  {
    "name": "S6_Board3_16",
    "position": [-8.0, 4.0, 5.0],
    "rotation": [0.0, 0.0, 0.0],
    "scale": [1.0, 1.0, 1.0],
    "isMeshObj": true,
    "meshName": "S6_Board"
  },
  {
    "name": "S6_Board3_17",
    "position": [-8.0, 4.0, 6.0],
    "rotation": [0.0, 0.0, 0.0],
    "scale": [1.0, 1.0, 1.0],
    "isMeshObj": true,
    "meshName": "S6_Board"
  },
  {
    "name": "S6_Board3_18",
    "position": [-7.0, 4.0, 6.0],
    "rotation": [0.0, 0.0, 0.0],
    "scale": [1.0, 1.0, 1.0],
    "isMeshObj": true,
    "meshName": "S6_Board"
  },
  {
    "name": "S6_Board3_19",
    "position": [-6.0, 4.0, 6.0],
    "rotation": [0.0, 0.0, 0.0],
    "scale": [1.0, 1.0, 1.0],
    "isMeshObj": true,
    "meshName": "S6_Board"
  },
  {
    "name": "S6_Board3_20",
    "position": [-5.0, 4.0, 6.0],
    "rotation": [0.0, 0.0, 0.0],
    "scale": [1.0, 1.0, 1.0],
    "isMeshObj": true,
    "meshName": "S6_Board"
  },
  {
    "name": "S6_Board3_21",
    "position": [-5.0, 4.0, 7.0],
    "rotation": [0.0, 0.0, 0.0],
    "scale": [1.0, 1.0, 1.0],
    "isMeshObj": true,
    "meshName": "S6_Board"
  },
  {
    "name": "S6_Board3_22",
    "position": [-6.0, 4.0, 7.0],
    "rotation": [0.0, 0.0, 0.0],
    "scale": [1.0, 1.0, 1.0],
    "isMeshObj": true,
    "meshName": "S6_Board"
  },
  {
    "name": "S6_Board3_23",
    "position": [-7.0, 4.0, 7.0],
    "rotation": [0.0, 0.0, 0.0],
    "scale": [1.0, 1.0, 1.0],
    "isMeshObj": true,
    "meshName": "S6_Board"
  },
  {
    "name": "S6_Board3_24",
    "position": [-6.0, 4.0, 8.0],
    "rotation": [0.0, 0.0, 0.0],
    "scale": [1.0, 1.0, 1.0],
    "isMeshObj": true,
    "meshName": "S6_Board"
  },
  {
    "name": "S6_Board3_25",
    "position": [-5.0, 4.0, 8.0],
    "rotation": [0.0, 0.0, 0.0],
    "scale": [1.0, 1.0, 1.0],
    "isMeshObj": true,
    "meshName": "S6_Board"
  },
  {
    "name": "S6_Board3_26",
    "position": [-4.0, 4.0, 8.0],
    "rotation": [0.0, 0.0, 0.0],
    "scale": [1.0, 1.0, 1.0],
    "isMeshObj": true,
    "meshName": "S6_Board"
  },
  {
    "name": "S6_Board3_27",
    "position": [-4.0, 4.0, 7.0],
    "rotation": [0.0, 0.0, 0.0],
    "scale": [1.0, 1.0, 1.0],
    "isMeshObj": true,
    "meshName": "S6_Board"
  },
  {
    "name": "S6_Board3_28",
    "position": [-4.0, 4.0, 6.0],
    "rotation": [0.0, 0.0, 0.0],
    "scale": [1.0, 1.0, 1.0],
    "isMeshObj": true,
    "meshName": "S6_Board"
  },
  {
    "name": "S6_Board3_29",
    "position": [-4.0, 4.0, 5.0],
    "rotation": [0.0, 0.0, 0.0],
    "scale": [1.0, 1.0, 1.0],
    "isMeshObj": true,
    "meshName": "S6_Board"
  },
  {
    "name": "S6_Board3_30",
    "position": [-3.0, 4.0, 5.0],
    "rotation": [0.0, 0.0, 0.0],
    "scale": [1.0, 1.0, 1.0],
    "isMeshObj": true,
    "meshName": "S6_Board"
  },
  {
    "name": "S6_Board3_31",
    "position": [-3.0, 4.0, 6.0],
    "rotation": [0.0, 0.0, 0.0],
    "scale": [1.0, 1.0, 1.0],
    "isMeshObj": true,
    "meshName": "S6_Board"
  },
  {
    "name": "S6_Board3_32",
    "position": [-3.0, 4.0, 7.0],
    "rotation": [0.0, 0.0, 0.0],
    "scale": [1.0, 1.0, 1.0],
    "isMeshObj": true,
    "meshName": "S6_Board"
  },
  {
    "name": "S6_Board3_33",
    "position": [-3.0, 4.0, 8.0],
    "rotation": [0.0, 0.0, 0.0],
    "scale": [1.0, 1.0, 1.0],
    "isMeshObj": true,
    "meshName": "S6_Board"
  },
  {
    "name": "S6_Board3_34",
    "position": [-2.0, 4.0, 8.0],
    "rotation": [0.0, 0.0, 0.0],
    "scale": [1.0, 1.0, 1.0],
    "isMeshObj": true,
    "meshName": "S6_Board"
  },
  {
    "name": "S6_Board3_35",
    "position": [-2.0, 4.0, 7.0],
    "rotation": [0.0, 0.0, 0.0],
    "scale": [1.0, 1.0, 1.0],
    "isMeshObj": true,
    "meshName": "S6_Board"
  },
  {
    "name": "S6_Board3_36",
    "position": [-2.0, 4.0, 6.0],
    "rotation": [0.0, 0.0, 0.0],
    "scale": [1.0, 1.0, 1.0],
    "isMeshObj": true,
    "meshName": "S6_Board"
  },
  {
    "name": "S6_Board3_38",
    "position": [-1.0, 4.0, 5.0],
    "rotation": [0.0, 0.0, 0.0],
    "scale": [1.0, 1.0, 1.0],
    "isMeshObj": true,
    "meshName": "S6_Board"
  },
  {
    "name": "S6_Board3_39",
    "position": [-1.0, 4.0, 6.0],
    "rotation": [0.0, 0.0, 0.0],
    "scale": [1.0, 1.0, 1.0],
    "isMeshObj": true,
    "meshName": "S6_Board"
  },
  {
    "name": "S6_Board3_40",
    "position": [-1.0, 4.0, 7.0],
    "rotation": [0.0, 0.0, 0.0],
    "scale": [1.0, 1.0, 1.0],
    "isMeshObj": true,
    "meshName": "S6_Board"
  },
  {
    "name": "S6_Board3_41",
    "position": [-1.0, 4.0, 8.0],
    "rotation": [0.0, 0.0, 0.0],
    "scale": [1.0, 1.0, 1.0],
    "isMeshObj": true,
    "meshName": "S6_Board"
  },
  {
    "name": "S6_Board3_42",
    "position": [0.0, 4.0, 8.0],
    "rotation": [0.0, 0.0, 0.0],
    "scale": [1.0, 1.0, 1.0],
    "isMeshObj": true,
    "meshName": "S6_Board"
  },
  {
    "name": "S6_Board3_43",
    "position": [0.0, 4.0, 7.0],
    "rotation": [0.0, 0.0, 0.0],
    "scale": [1.0, 1.0, 1.0],
    "isMeshObj": true,
    "meshName": "S6_Board"
  },
  {
    "name": "S6_Board3_44",
    "position": [0.0, 4.0, 6.0],
    "rotation": [0.0, 0.0, 0.0],
    "scale": [1.0, 1.0, 1.0],
    "isMeshObj": true,
    "meshName": "S6_Board"
  },
  {
    "name": "S6_Board3_45",
    "position": [0.0, 4.0, 5.0],
    "rotation": [0.0, 0.0, 0.0],
    "scale": [1.0, 1.0, 1.0],
    "isMeshObj": true,
    "meshName": "S6_Board"
  },
  {
    "name": "S6_Board3_46",
    "position": [1.0, 4.0, 5.0],
    "rotation": [0.0, 0.0, 0.0],
    "scale": [1.0, 1.0, 1.0],
    "isMeshObj": true,
    "meshName": "S6_Board"
  },
  {
    "name": "S6_Board3_47",
    "position": [1.0, 4.0, 6.0],
    "rotation": [0.0, 0.0, 0.0],
    "scale": [1.0, 1.0, 1.0],
    "isMeshObj": true,
    "meshName": "S6_Board"
  },
  {
    "name": "S6_Board3_48",
    "position": [1.0, 4.0, 7.0],
    "rotation": [0.0, 0.0, 0.0],
    "scale": [1.0, 1.0, 1.0],
    "isMeshObj": true,
    "meshName": "S6_Board"
  },
  {
    "name": "S6_Board3_49",
    "position": [1.0, 4.0, 8.0],
    "rotation": [0.0, 0.0, 0.0],
    "scale": [1.0, 1.0, 1.0],
    "isMeshObj": true,
    "meshName": "S6_Board"
  },
  {
    "name": "S6_Board3_50",
    "position": [2.0, 4.0, 7.0],
    "rotation": [0.0, 0.0, 0.0],
    "scale": [1.0, 1.0, 1.0],
    "isMeshObj": true,
    "meshName": "S6_Board"
  },
  {
    "name": "S6_Board3_51",
    "position": [2.0, 4.0, 6.0],
    "rotation": [0.0, 0.0, 0.0],
    "scale": [1.0, 1.0, 1.0],
    "isMeshObj": true,
    "meshName": "S6_Board"
  },
  {
    "name": "S6_Board3_52",
    "position": [2.0, 4.0, 5.0],
    "rotation": [0.0, 0.0, 0.0],
    "scale": [1.0, 1.0, 1.0],
    "isMeshObj": true,
    "meshName": "S6_Board"
  },
  {
    "name": "S6_Board3_53",
    "position": [3.0, 4.0, 5.0],
    "rotation": [0.0, 0.0, 0.0],
    "scale": [1.0, 1.0, 1.0],
    "isMeshObj": true,
    "meshName": "S6_Board"
  },
  {
    "name": "S6_Board3_54",
    "position": [3.0, 4.0, 6.0],
    "rotation": [0.0, 0.0, 0.0],
    "scale": [1.0, 1.0, 1.0],
    "isMeshObj": true,
    "meshName": "S6_Board"
  },
  {
    "name": "S6_Board3_55",
    "position": [3.0, 4.0, 4.0],
    "rotation": [0.0, 0.0, 0.0],
    "scale": [1.0, 1.0, 1.0],
    "isMeshObj": true,
    "meshName": "S6_Board"
  },
  {
    "name": "S6_Board3_56",
    "position": [2.0, 4.0, 4.0],
    "rotation": [0.0, 0.0, 0.0],
    "scale": [1.0, 1.0, 1.0],
    "isMeshObj": true,
    "meshName": "S6_Board"
  },
  {
    "name": "S6_Board3_57",
    "position": [1.0, 4.0, 4.0],
    "rotation": [0.0, 0.0, 0.0],
    "scale": [1.0, 1.0, 1.0],
    "isMeshObj": true,
    "meshName": "S6_Board"
  },
  {
    "name": "S6_Board3_58",
    "position": [0.0, 4.0, 4.0],
    "rotation": [0.0, 0.0, 0.0],
    "scale": [1.0, 1.0, 1.0],
    "isMeshObj": true,
    "meshName": "S6_Board"
  },
  {
    "name": "S6_Board3_59",
    "position": [0.0, 4.0, 3.0],
    "rotation": [0.0, 0.0, 0.0],
    "scale": [1.0, 1.0, 1.0],
    "isMeshObj": true,
    "meshName": "S6_Board"
  },
  {
    "name": "S6_Board3_60",
    "position": [1.0, 4.0, 3.0],
    "rotation": [0.0, 0.0, 0.0],
    "scale": [1.0, 1.0, 1.0],
    "isMeshObj": true,
    "meshName": "S6_Board"
  },
  {
    "name": "S6_Board3_61",
    "position": [2.0, 4.0, 3.0],
    "rotation": [0.0, 0.0, 0.0],
    "scale": [1.0, 1.0, 1.0],
    "isMeshObj": true,
    "meshName": "S6_Board"
  },
  {
    "name": "S6_Board3_62",
    "position": [3.0, 4.0, 3.0],
    "rotation": [0.0, 0.0, 0.0],
    "scale": [1.0, 1.0, 1.0],
    "isMeshObj": true,
    "meshName": "S6_Board"
  },
  {
    "name": "S6_Board3_63",
    "position": [2.0, 4.0, 2.0],
    "rotation": [0.0, 0.0, 0.0],
    "scale": [1.0, 1.0, 1.0],
    "isMeshObj": true,
    "meshName": "S6_Board"
  },
  {
    "name": "S6_Board3_64",
    "position": [1.0, 4.0, 2.0],
    "rotation": [0.0, 0.0, 0.0],
    "scale": [1.0, 1.0, 1.0],
    "isMeshObj": true,
    "meshName": "S6_Board"
  },
  {
    "name": "S6_Board3_65",
    "position": [0.0, 4.0, 2.0],
    "rotation": [0.0, 0.0, 0.0],
    "scale": [1.0, 1.0, 1.0],
    "isMeshObj": true,
    "meshName": "S6_Board"
  },
  {
    "name": "S6_Board3_66",
    "position": [0.0, 4.0, 1.0],
    "rotation": [0.0, 0.0, 0.0],
    "scale": [1.0, 1.0, 1.0],
    "isMeshObj": true,
    "meshName": "S6_Board"
  },
  {
    "name": "S6_Board3_67",
    "position": [1.0, 4.0, 1.0],
    "rotation": [0.0, 0.0, 0.0],
    "scale": [1.0, 1.0, 1.0],
    "isMeshObj": true,
    "meshName": "S6_Board"
  },
  {
    "name": "BoardLadder2_1",
    "position": [-7.0, 2.0, 1.0],
    "rotation": [0.0, 0.0, 0.0],
    "scale": [1.0, 1.0, 1.0],
    "isMeshObj": false,
    "meshName": ""
  },
  {
    "name": "BoardLadder2_2",
    "position": [-7.0, 4.0, 3.0],
    "rotation": [0.0, 0.0, 0.0],
    "scale": [1.0, 1.0, 1.0],
    "isMeshObj": false,
    "meshName": ""
  }
]
