[
  {
    "name": "Lv1Tree1Pot1_1",
    "position": [0.0, 0.0, 0.0],
    "rotation": [0.0, 0.0, 0.0],
    "scale": [1.0, 1.0, 1.0],
    "isMeshObj": false,
    "meshName": ""
  },
  {
    "name": "Lv2Tree1Pot1_1",
    "position": [0.0, 0.0, 0.0],
    "rotation": [0.0, 0.0, 0.0],
    "scale": [1.0, 1.0, 1.0],
    "isMeshObj": false,
    "meshName": ""
  },
  {
    "name": "Lv1Tree1Pot1_2",
    "position": [-2.0, 0.0, 0.0],
    "rotation": [0.0, 0.0, 0.0],
    "scale": [1.0, 1.0, 1.0],
    "isMeshObj": false,
    "meshName": ""
  },
  {
    "name": "Lv2Tree1Pot1_2",
    "position": [-2.0, 0.0, 0.0],
    "rotation": [0.0, 0.0, 0.0],
    "scale": [1.0, 1.0, 1.0],
    "isMeshObj": false,
    "meshName": ""
  },
  {
    "name": "Hammock1_1",
    "position": [-1.0, 0.0, 0.0],
    "rotation": [0.0, 0.0, 0.0],
    "scale": [1.0, 1.0, 1.0],
    "isMeshObj": true,
    "meshName": "Hammock"
  },
  {
    "name": "Torch1_1",
    "position": [-1.0, 0.0, 1.0],
    "rotation": [0.0, 0.0, 0.0],
    "scale": [1.0, 1.0, 1.0],
    "isMeshObj": false,
    "meshName": ""
  },
  {
    "name": "Swing1_1",
    "position": [-3.0, 0.0, -2.0],
    "rotation": [0.0, 90.0, 0.0],
    "scale": [1.0, 1.0, 1.0],
    "isMeshObj": false,
    "meshName": ""
  },
  {
    "name": "OarsBoard_Left1_1",
    "position": [3.0, 0.0, -1.0],
    "rotation": [0.0, 0.0, 0.0],
    "scale": [1.0, 1.0, 1.0],
    "isMeshObj": false,
    "meshName": ""
  },
  {
    "name": "OarsBoard_Right1_1",
    "position": [-5.0, 0.0, 0.0],
    "rotation": [0.0, 0.0, 0.0],
    "scale": [1.0, 1.0, 1.0],
    "isMeshObj": false,
    "meshName": ""
  },
  {
    "name": "OarsBoard_Right1_2",
    "position": [-5.0, 0.0, -1.0],
    "rotation": [0.0, 0.0, 0.0],
    "scale": [1.0, 1.0, 1.0],
    "isMeshObj": false,
    "meshName": ""
  },
  {
    "name": "OarsBoard_Left1_2",
    "position": [3.0, 0.0, 0.0],
    "rotation": [0.0, 0.0, 0.0],
    "scale": [1.0, 1.0, 1.0],
    "isMeshObj": false,
    "meshName": ""
  },
  {
    "name": "Lounge1_1",
    "position": [-5.0, 0.0, -3.0],
    "rotation": [0.0, 0.0, 0.0],
    "scale": [1.0, 1.0, 1.0],
    "isMeshObj": false,
    "meshName": ""
  },
  {
    "name": "Umbrella1_1",
    "position": [-4.0, 0.0, -3.0],
    "rotation": [0.0, 0.0, 0.0],
    "scale": [1.0, 1.0, 1.0],
    "isMeshObj": false,
    "meshName": ""
  },
  {
    "name": "Lounge1_2",
    "position": [3.0, 0.0, -3.0],
    "rotation": [0.0, 0.0, 0.0],
    "scale": [1.0, 1.0, 1.0],
    "isMeshObj": false,
    "meshName": ""
  },
  {
    "name": "Umbrella1_2",
    "position": [2.0, 0.0, -3.0],
    "rotation": [0.0, 0.0, 0.0],
    "scale": [1.0, 1.0, 1.0],
    "isMeshObj": false,
    "meshName": ""
  },
  {
    "name": "Lv1RainContainer1_1",
    "position": [2.0, 0.0, -5.0],
    "rotation": [0.0, 0.0, 0.0],
    "scale": [1.0, 1.0, 1.0],
    "isMeshObj": true,
    "meshName": "Lv1RainContainer"
  },
  {
    "name": "Lv2RainContainer1_1",
    "position": [2.0, 0.0, -5.0],
    "rotation": [0.0, 0.0, 0.0],
    "scale": [1.0, 1.0, 1.0],
    "isMeshObj": true,
    "meshName": "Lv2RainContainer"
  },
  {
    "name": "Lv1RainContainer1_2",
    "position": [-4.0, 0.0, -5.0],
    "rotation": [0.0, 0.0, 0.0],
    "scale": [1.0, 1.0, 1.0],
    "isMeshObj": true,
    "meshName": "Lv1RainContainer"
  },
  {
    "name": "Lv2RainContainer1_2",
    "position": [-4.0, 0.0, -5.0],
    "rotation": [0.0, 0.0, 0.0],
    "scale": [1.0, 1.0, 1.0],
    "isMeshObj": true,
    "meshName": "Lv2RainContainer"
  },
  {
    "name": "Anchor1_1",
    "position": [3.0, 0.0, -6.0],
    "rotation": [0.0, 0.0, 0.0],
    "scale": [1.0, 1.0, 1.0],
    "isMeshObj": false,
    "meshName": ""
  },
  {
    "name": "S7Chair1_1",
    "position": [-1.0, 0.0, -2.0],
    "rotation": [0.0, 180.0, 0.0],
    "scale": [1.0, 1.0, 1.0],
    "isMeshObj": true,
    "meshName": "S7Chair"
  },
  {
    "name": "S7Chair1_2",
    "position": [-1.0, 0.0, -4.0],
    "rotation": [0.0, 0.0, 0.0],
    "scale": [1.0, 1.0, 1.0],
    "isMeshObj": true,
    "meshName": "S7Chair"
  },
  {
    "name": "S7Chair1_3",
    "position": [0.0, 0.0, -3.0],
    "rotation": [0.0, 270.0, 0.0],
    "scale": [1.0, 1.0, 1.0],
    "isMeshObj": true,
    "meshName": "S7Chair"
  },
  {
    "name": "S7Table1_1",
    "position": [-1.0, 0.0, -3.0],
    "rotation": [0.0, 0.0, 0.0],
    "scale": [1.0, 1.0, 1.0],
    "isMeshObj": true,
    "meshName": "S7Table"
  },
  {
    "name": "S7Chair1_4",
    "position": [-2.0, 0.0, -3.0],
    "rotation": [0.0, 90.0, 0.0],
    "scale": [1.0, 1.0, 1.0],
    "isMeshObj": true,
    "meshName": "S7Chair"
  },
  {
    "name": "Lv1Rubber1_1",
    "position": [1.0, 0.0, -7.0],
    "rotation": [0.0, 180.0, 0.0],
    "scale": [1.0, 1.0, 1.0],
    "isMeshObj": true,
    "meshName": "Rubber"
  },
  {
    "name": "Lv2Rubber1_1",
    "position": [1.0, 0.0, -7.0],
    "rotation": [0.0, 0.0, 0.0],
    "scale": [1.0, 1.0, 1.0],
    "isMeshObj": false,
    "meshName": ""
  },
  {
    "name": "Lv1Rubber1_2",
    "position": [-3.0, 0.0, -7.0],
    "rotation": [0.0, 180.0, 0.0],
    "scale": [1.0, 1.0, 1.0],
    "isMeshObj": true,
    "meshName": "Rubber"
  },
  {
    "name": "Lv2Rubber1_2",
    "position": [-3.0, 0.0, -7.0],
    "rotation": [0.0, 0.0, 0.0],
    "scale": [1.0, 1.0, 1.0],
    "isMeshObj": false,
    "meshName": ""
  },
  {
    "name": "Ladder1_1",
    "position": [-1.0, -0.11, -6.0],
    "rotation": [0.0, 0.0, 0.0],
    "scale": [1.0, 1.0, 1.0],
    "isMeshObj": true,
    "meshName": "Ladder3"
  },
  {
    "name": "Anchor1_2",
    "position": [-5.0, 0.0, -6.0],
    "rotation": [0.0, 180.0, 0.0],
    "scale": [1.0, 1.0, 1.0],
    "isMeshObj": false,
    "meshName": ""
  },
  {
    "name": "S7MeatRack1_1",
    "position": [-3.0, 0.0, -5.0],
    "rotation": [0.0, 0.0, 0.0],
    "scale": [1.0, 1.0, 1.0],
    "isMeshObj": true,
    "meshName": "S7MeatRack"
  },
  {
    "name": "S7HoneyBox1_1",
    "position": [1.0, 0.0, -5.0],
    "rotation": [0.0, 0.0, 0.0],
    "scale": [1.0, 1.0, 1.0],
    "isMeshObj": true,
    "meshName": "S7HoneyBox"
  },
  {
    "name": "Net1_1",
    "position": [-3.0, 0.0, 4.0],
    "rotation": [0.0, 0.0, 0.0],
    "scale": [1.0, 1.0, 1.0],
    "isMeshObj": false,
    "meshName": ""
  },
  {
    "name": "Net1_2",
    "position": [1.0, 0.0, 4.0],
    "rotation": [0.0, 0.0, 0.0],
    "scale": [1.0, 1.0, 1.0],
    "isMeshObj": false,
    "meshName": ""
  },
  {
    "name": "Board1_1",
    "position": [1.0, 0.0, 0.0],
    "rotation": [0.0, 0.0, 0.0],
    "scale": [1.0, 1.0, 1.0],
    "isMeshObj": true,
    "meshName": "Board"
  },
  {
    "name": "Board1_2",
    "position": [-1.0, 0.0, 0.0],
    "rotation": [0.0, 0.0, 0.0],
    "scale": [1.0, 1.0, 1.0],
    "isMeshObj": true,
    "meshName": "Board"
  },
  {
    "name": "Board1_3",
    "position": [0.0, 0.0, 1.0],
    "rotation": [0.0, 0.0, 0.0],
    "scale": [1.0, 1.0, 1.0],
    "isMeshObj": true,
    "meshName": "Board"
  },
  {
    "name": "Board1_4",
    "position": [0.0, 0.0, -1.0],
    "rotation": [0.0, 0.0, 0.0],
    "scale": [1.0, 1.0, 1.0],
    "isMeshObj": true,
    "meshName": "Board"
  },
  {
    "name": "Board1_5",
    "position": [-1.0, 0.0, 1.0],
    "rotation": [0.0, 0.0, 0.0],
    "scale": [1.0, 1.0, 1.0],
    "isMeshObj": true,
    "meshName": "Board"
  },
  {
    "name": "Board1_6",
    "position": [-2.0, 0.0, 1.0],
    "rotation": [0.0, 0.0, 0.0],
    "scale": [1.0, 1.0, 1.0],
    "isMeshObj": true,
    "meshName": "Board"
  },
  {
    "name": "Board1_7",
    "position": [-2.0, 0.0, 0.0],
    "rotation": [0.0, 0.0, 0.0],
    "scale": [1.0, 1.0, 1.0],
    "isMeshObj": true,
    "meshName": "Board"
  },
  {
    "name": "Board1_8",
    "position": [-3.0, 0.0, 0.0],
    "rotation": [0.0, 0.0, 0.0],
    "scale": [1.0, 1.0, 1.0],
    "isMeshObj": true,
    "meshName": "Board"
  },
  {
    "name": "Board1_9",
    "position": [-4.0, 0.0, 0.0],
    "rotation": [0.0, 0.0, 0.0],
    "scale": [1.0, 1.0, 1.0],
    "isMeshObj": true,
    "meshName": "Board"
  },
  {
    "name": "Board1_10",
    "position": [-5.0, 0.0, 0.0],
    "rotation": [0.0, 0.0, 0.0],
    "scale": [1.0, 1.0, 1.0],
    "isMeshObj": true,
    "meshName": "Board"
  },
  {
    "name": "Board1_11",
    "position": [-5.0, 0.0, -1.0],
    "rotation": [0.0, 0.0, 0.0],
    "scale": [1.0, 1.0, 1.0],
    "isMeshObj": true,
    "meshName": "Board"
  },
  {
    "name": "Board1_12",
    "position": [-4.0, 0.0, -1.0],
    "rotation": [0.0, 0.0, 0.0],
    "scale": [1.0, 1.0, 1.0],
    "isMeshObj": true,
    "meshName": "Board"
  },
  {
    "name": "Board1_13",
    "position": [-3.0, 0.0, -1.0],
    "rotation": [0.0, 0.0, 0.0],
    "scale": [1.0, 1.0, 1.0],
    "isMeshObj": true,
    "meshName": "Board"
  },
  {
    "name": "Board1_14",
    "position": [-2.0, 0.0, -1.0],
    "rotation": [0.0, 0.0, 0.0],
    "scale": [1.0, 1.0, 1.0],
    "isMeshObj": true,
    "meshName": "Board"
  },
  {
    "name": "Board1_15",
    "position": [-1.0, 0.0, -1.0],
    "rotation": [0.0, 0.0, 0.0],
    "scale": [1.0, 1.0, 1.0],
    "isMeshObj": true,
    "meshName": "Board"
  },
  {
    "name": "Board1_16",
    "position": [1.0, 0.0, -1.0],
    "rotation": [0.0, 0.0, 0.0],
    "scale": [1.0, 1.0, 1.0],
    "isMeshObj": true,
    "meshName": "Board"
  },
  {
    "name": "Board1_17",
    "position": [2.0, 0.0, -1.0],
    "rotation": [0.0, 0.0, 0.0],
    "scale": [1.0, 1.0, 1.0],
    "isMeshObj": true,
    "meshName": "Board"
  },
  {
    "name": "Board1_18",
    "position": [3.0, 0.0, -1.0],
    "rotation": [0.0, 0.0, 0.0],
    "scale": [1.0, 1.0, 1.0],
    "isMeshObj": true,
    "meshName": "Board"
  },
  {
    "name": "Board1_19",
    "position": [3.0, 0.0, 0.0],
    "rotation": [0.0, 0.0, 0.0],
    "scale": [1.0, 1.0, 1.0],
    "isMeshObj": true,
    "meshName": "Board"
  },
  {
    "name": "Board1_20",
    "position": [2.0, 0.0, 0.0],
    "rotation": [0.0, 0.0, 0.0],
    "scale": [1.0, 1.0, 1.0],
    "isMeshObj": true,
    "meshName": "Board"
  },
  {
    "name": "Board1_21",
    "position": [2.0, 0.0, -2.0],
    "rotation": [0.0, 0.0, 0.0],
    "scale": [1.0, 1.0, 1.0],
    "isMeshObj": true,
    "meshName": "Board"
  },
  {
    "name": "Board1_22",
    "position": [1.0, 0.0, -2.0],
    "rotation": [0.0, 0.0, 0.0],
    "scale": [1.0, 1.0, 1.0],
    "isMeshObj": true,
    "meshName": "Board"
  },
  {
    "name": "Board1_23",
    "position": [0.0, 0.0, -2.0],
    "rotation": [0.0, 0.0, 0.0],
    "scale": [1.0, 1.0, 1.0],
    "isMeshObj": true,
    "meshName": "Board"
  },
  {
    "name": "Board1_24",
    "position": [-1.0, 0.0, -2.0],
    "rotation": [0.0, 0.0, 0.0],
    "scale": [1.0, 1.0, 1.0],
    "isMeshObj": true,
    "meshName": "Board"
  },
  {
    "name": "Board1_25",
    "position": [-2.0, 0.0, -2.0],
    "rotation": [0.0, 0.0, 0.0],
    "scale": [1.0, 1.0, 1.0],
    "isMeshObj": true,
    "meshName": "Board"
  },
  {
    "name": "Board1_26",
    "position": [-3.0, 0.0, -2.0],
    "rotation": [0.0, 0.0, 0.0],
    "scale": [1.0, 1.0, 1.0],
    "isMeshObj": true,
    "meshName": "Board"
  },
  {
    "name": "Board1_27",
    "position": [-4.0, 0.0, -2.0],
    "rotation": [0.0, 0.0, 0.0],
    "scale": [1.0, 1.0, 1.0],
    "isMeshObj": true,
    "meshName": "Board"
  },
  {
    "name": "Board1_28",
    "position": [-4.0, 0.0, -3.0],
    "rotation": [0.0, 0.0, 0.0],
    "scale": [1.0, 1.0, 1.0],
    "isMeshObj": true,
    "meshName": "Board"
  },
  {
    "name": "Board1_29",
    "position": [-5.0, 0.0, -3.0],
    "rotation": [0.0, 0.0, 0.0],
    "scale": [1.0, 1.0, 1.0],
    "isMeshObj": true,
    "meshName": "Board"
  },
  {
    "name": "Board1_30",
    "position": [-5.0, 0.0, -4.0],
    "rotation": [0.0, 0.0, 0.0],
    "scale": [1.0, 1.0, 1.0],
    "isMeshObj": true,
    "meshName": "Board"
  },
  {
    "name": "Board1_31",
    "position": [-4.0, 0.0, -4.0],
    "rotation": [0.0, 0.0, 0.0],
    "scale": [1.0, 1.0, 1.0],
    "isMeshObj": true,
    "meshName": "Board"
  },
  {
    "name": "Board1_32",
    "position": [-3.0, 0.0, -4.0],
    "rotation": [0.0, 0.0, 0.0],
    "scale": [1.0, 1.0, 1.0],
    "isMeshObj": true,
    "meshName": "Board"
  },
  {
    "name": "Board1_33",
    "position": [-2.0, 0.0, -4.0],
    "rotation": [0.0, 0.0, 0.0],
    "scale": [1.0, 1.0, 1.0],
    "isMeshObj": true,
    "meshName": "Board"
  },
  {
    "name": "Board1_34",
    "position": [-1.0, 0.0, -4.0],
    "rotation": [0.0, 0.0, 0.0],
    "scale": [1.0, 1.0, 1.0],
    "isMeshObj": true,
    "meshName": "Board"
  },
  {
    "name": "Board1_35",
    "position": [0.0, 0.0, -4.0],
    "rotation": [0.0, 0.0, 0.0],
    "scale": [1.0, 1.0, 1.0],
    "isMeshObj": true,
    "meshName": "Board"
  },
  {
    "name": "Board1_36",
    "position": [1.0, 0.0, -4.0],
    "rotation": [0.0, 0.0, 0.0],
    "scale": [1.0, 1.0, 1.0],
    "isMeshObj": true,
    "meshName": "Board"
  },
  {
    "name": "Board1_37",
    "position": [2.0, 0.0, -4.0],
    "rotation": [0.0, 0.0, 0.0],
    "scale": [1.0, 1.0, 1.0],
    "isMeshObj": true,
    "meshName": "Board"
  },
  {
    "name": "Board1_38",
    "position": [3.0, 0.0, -4.0],
    "rotation": [0.0, 0.0, 0.0],
    "scale": [1.0, 1.0, 1.0],
    "isMeshObj": true,
    "meshName": "Board"
  },
  {
    "name": "Board1_39",
    "position": [3.0, 0.0, -3.0],
    "rotation": [0.0, 0.0, 0.0],
    "scale": [1.0, 1.0, 1.0],
    "isMeshObj": true,
    "meshName": "Board"
  },
  {
    "name": "Board1_40",
    "position": [2.0, 0.0, -3.0],
    "rotation": [0.0, 0.0, 0.0],
    "scale": [1.0, 1.0, 1.0],
    "isMeshObj": true,
    "meshName": "Board"
  },
  {
    "name": "Board1_41",
    "position": [2.0, 0.0, -5.0],
    "rotation": [0.0, 0.0, 0.0],
    "scale": [1.0, 1.0, 1.0],
    "isMeshObj": true,
    "meshName": "Board"
  },
  {
    "name": "Board1_42",
    "position": [2.0, 0.0, -6.0],
    "rotation": [0.0, 0.0, 0.0],
    "scale": [1.0, 1.0, 1.0],
    "isMeshObj": true,
    "meshName": "Board"
  },
  {
    "name": "Board1_43",
    "position": [3.0, 0.0, -6.0],
    "rotation": [0.0, 0.0, 0.0],
    "scale": [1.0, 1.0, 1.0],
    "isMeshObj": true,
    "meshName": "Board"
  },
  {
    "name": "Board1_44",
    "position": [1.0, 0.0, -6.0],
    "rotation": [0.0, 0.0, 0.0],
    "scale": [1.0, 1.0, 1.0],
    "isMeshObj": true,
    "meshName": "Board"
  },
  {
    "name": "Board1_45",
    "position": [1.0, 0.0, -7.0],
    "rotation": [0.0, 0.0, 0.0],
    "scale": [1.0, 1.0, 1.0],
    "isMeshObj": true,
    "meshName": "Board"
  },
  {
    "name": "Board1_46",
    "position": [0.0, 0.0, -6.0],
    "rotation": [0.0, 0.0, 0.0],
    "scale": [1.0, 1.0, 1.0],
    "isMeshObj": true,
    "meshName": "Board"
  },
  {
    "name": "Board1_47",
    "position": [-1.0, 0.0, -6.0],
    "rotation": [0.0, 0.0, 0.0],
    "scale": [1.0, 1.0, 1.0],
    "isMeshObj": true,
    "meshName": "Board"
  },
  {
    "name": "Board1_48",
    "position": [-2.0, 0.0, -6.0],
    "rotation": [0.0, 0.0, 0.0],
    "scale": [1.0, 1.0, 1.0],
    "isMeshObj": true,
    "meshName": "Board"
  },
  {
    "name": "Board1_49",
    "position": [-3.0, 0.0, -6.0],
    "rotation": [0.0, 0.0, 0.0],
    "scale": [1.0, 1.0, 1.0],
    "isMeshObj": true,
    "meshName": "Board"
  },
  {
    "name": "Board1_50",
    "position": [-3.0, 0.0, -7.0],
    "rotation": [0.0, 0.0, 0.0],
    "scale": [1.0, 1.0, 1.0],
    "isMeshObj": true,
    "meshName": "Board"
  },
  {
    "name": "Board1_51",
    "position": [-4.0, 0.0, -6.0],
    "rotation": [0.0, 0.0, 0.0],
    "scale": [1.0, 1.0, 1.0],
    "isMeshObj": true,
    "meshName": "Board"
  },
  {
    "name": "Board1_52",
    "position": [-5.0, 0.0, -6.0],
    "rotation": [0.0, 0.0, 0.0],
    "scale": [1.0, 1.0, 1.0],
    "isMeshObj": true,
    "meshName": "Board"
  },
  {
    "name": "Board1_53",
    "position": [-4.0, 0.0, -5.0],
    "rotation": [0.0, 0.0, 0.0],
    "scale": [1.0, 1.0, 1.0],
    "isMeshObj": true,
    "meshName": "Board"
  },
  {
    "name": "Board1_54",
    "position": [-3.0, 0.0, -5.0],
    "rotation": [0.0, 0.0, 0.0],
    "scale": [1.0, 1.0, 1.0],
    "isMeshObj": true,
    "meshName": "Board"
  },
  {
    "name": "Board1_55",
    "position": [-2.0, 0.0, -5.0],
    "rotation": [0.0, 0.0, 0.0],
    "scale": [1.0, 1.0, 1.0],
    "isMeshObj": true,
    "meshName": "Board"
  },
  {
    "name": "Board1_56",
    "position": [-1.0, 0.0, -5.0],
    "rotation": [0.0, 0.0, 0.0],
    "scale": [1.0, 1.0, 1.0],
    "isMeshObj": true,
    "meshName": "Board"
  },
  {
    "name": "Board1_57",
    "position": [0.0, 0.0, -5.0],
    "rotation": [0.0, 0.0, 0.0],
    "scale": [1.0, 1.0, 1.0],
    "isMeshObj": true,
    "meshName": "Board"
  },
  {
    "name": "Board1_58",
    "position": [1.0, 0.0, -5.0],
    "rotation": [0.0, 0.0, 0.0],
    "scale": [1.0, 1.0, 1.0],
    "isMeshObj": true,
    "meshName": "Board"
  },
  {
    "name": "Board1_59",
    "position": [1.0, 0.0, -3.0],
    "rotation": [0.0, 0.0, 0.0],
    "scale": [1.0, 1.0, 1.0],
    "isMeshObj": true,
    "meshName": "Board"
  },
  {
    "name": "Board1_60",
    "position": [0.0, 0.0, -3.0],
    "rotation": [0.0, 0.0, 0.0],
    "scale": [1.0, 1.0, 1.0],
    "isMeshObj": true,
    "meshName": "Board"
  },
  {
    "name": "Board1_61",
    "position": [-1.0, 0.0, -3.0],
    "rotation": [0.0, 0.0, 0.0],
    "scale": [1.0, 1.0, 1.0],
    "isMeshObj": true,
    "meshName": "Board"
  },
  {
    "name": "Board1_62",
    "position": [-2.0, 0.0, -3.0],
    "rotation": [0.0, 0.0, 0.0],
    "scale": [1.0, 1.0, 1.0],
    "isMeshObj": true,
    "meshName": "Board"
  },
  {
    "name": "Board1_63",
    "position": [-3.0, 0.0, -3.0],
    "rotation": [0.0, 0.0, 0.0],
    "scale": [1.0, 1.0, 1.0],
    "isMeshObj": true,
    "meshName": "Board"
  },
  {
    "name": "Board1_64",
    "position": [-3.0, 0.0, 1.0],
    "rotation": [0.0, 0.0, 0.0],
    "scale": [1.0, 1.0, 1.0],
    "isMeshObj": true,
    "meshName": "Board"
  },
  {
    "name": "Board1_65",
    "position": [-3.0, 0.0, 2.0],
    "rotation": [0.0, 0.0, 0.0],
    "scale": [1.0, 1.0, 1.0],
    "isMeshObj": true,
    "meshName": "Board"
  },
  {
    "name": "Board1_66",
    "position": [-3.0, 0.0, 3.0],
    "rotation": [0.0, 0.0, 0.0],
    "scale": [1.0, 1.0, 1.0],
    "isMeshObj": true,
    "meshName": "Board"
  },
  {
    "name": "Board1_67",
    "position": [-3.0, 0.0, 4.0],
    "rotation": [0.0, 0.0, 0.0],
    "scale": [1.0, 1.0, 1.0],
    "isMeshObj": true,
    "meshName": "Board"
  },
  {
    "name": "Board1_68",
    "position": [1.0, 0.0, 1.0],
    "rotation": [0.0, 0.0, 0.0],
    "scale": [1.0, 1.0, 1.0],
    "isMeshObj": true,
    "meshName": "Board"
  },
  {
    "name": "Board1_69",
    "position": [1.0, 0.0, 2.0],
    "rotation": [0.0, 0.0, 0.0],
    "scale": [1.0, 1.0, 1.0],
    "isMeshObj": true,
    "meshName": "Board"
  },
  {
    "name": "Board1_70",
    "position": [1.0, 0.0, 3.0],
    "rotation": [0.0, 0.0, 0.0],
    "scale": [1.0, 1.0, 1.0],
    "isMeshObj": true,
    "meshName": "Board"
  },
  {
    "name": "Board1_71",
    "position": [1.0, 0.0, 4.0],
    "rotation": [0.0, 0.0, 0.0],
    "scale": [1.0, 1.0, 1.0],
    "isMeshObj": true,
    "meshName": "Board"
  },
  {
    "name": "Lv1Sail3_2",
    "position": [-4.0, 4.0, -4.0],
    "rotation": [0.0, 180.0, 0.0],
    "scale": [1.0, 1.0, 1.0],
    "isMeshObj": false,
    "meshName": ""
  },
  {
    "name": "TomatoPot2_1",
    "position": [0.0, 2.0, -5.0],
    "rotation": [0.0, 0.0, 0.0],
    "scale": [1.0, 1.0, 1.0],
    "isMeshObj": false,
    "meshName": ""
  },
  {
    "name": "Lv2Pressor2_2",
    "position": [-2.0, 2.0, -2.0],
    "rotation": [0.0, 0.0, 0.0],
    "scale": [1.0, 1.0, 1.0],
    "isMeshObj": false,
    "meshName": ""
  },
  {
    "name": "Lv1Pressor2_2",
    "position": [-2.0, 2.0, -2.0],
    "rotation": [0.0, 0.0, 0.0],
    "scale": [1.0, 1.0, 1.0],
    "isMeshObj": false,
    "meshName": ""
  },
  {
    "name": "Lv2Pressor2_1",
    "position": [0.0, 2.0, -2.0],
    "rotation": [0.0, 0.0, 0.0],
    "scale": [1.0, 1.0, 1.0],
    "isMeshObj": false,
    "meshName": ""
  },
  {
    "name": "Lv1Pressor2_1",
    "position": [0.0, 2.0, -2.0],
    "rotation": [0.0, 0.0, 0.0],
    "scale": [1.0, 1.0, 1.0],
    "isMeshObj": false,
    "meshName": ""
  },
  {
    "name": "Torch2_1",
    "position": [2.0, 2.0, -1.0],
    "rotation": [0.0, 0.0, 0.0],
    "scale": [1.0, 1.0, 1.0],
    "isMeshObj": false,
    "meshName": ""
  },
  {
    "name": "Torch2_2",
    "position": [-4.0, 2.0, -1.0],
    "rotation": [0.0, 0.0, 0.0],
    "scale": [1.0, 1.0, 1.0],
    "isMeshObj": false,
    "meshName": ""
  },
  {
    "name": "Torch2_3",
    "position": [-4.0, 2.0, -7.0],
    "rotation": [0.0, 0.0, 0.0],
    "scale": [1.0, 1.0, 1.0],
    "isMeshObj": false,
    "meshName": ""
  },
  {
    "name": "TomatoPot2_2",
    "position": [-2.0, 2.0, -5.0],
    "rotation": [0.0, 0.0, 0.0],
    "scale": [1.0, 1.0, 1.0],
    "isMeshObj": false,
    "meshName": ""
  },
  {
    "name": "Barbecue2_1",
    "position": [-4.0, 2.0, -4.0],
    "rotation": [0.0, 0.0, 0.0],
    "scale": [1.0, 1.0, 1.0],
    "isMeshObj": false,
    "meshName": ""
  },
  {
    "name": "BerryPot2_1",
    "position": [0.0, 2.0, -5.0],
    "rotation": [0.0, 0.0, 0.0],
    "scale": [1.0, 1.0, 1.0],
    "isMeshObj": false,
    "meshName": ""
  },
  {
    "name": "BerryPot2_2",
    "position": [-2.0, 2.0, -5.0],
    "rotation": [0.0, 0.0, 0.0],
    "scale": [1.0, 1.0, 1.0],
    "isMeshObj": false,
    "meshName": ""
  },
  {
    "name": "WatermelonPot2_1",
    "position": [0.0, 2.0, -5.0],
    "rotation": [0.0, 0.0, 0.0],
    "scale": [1.0, 1.0, 1.0],
    "isMeshObj": false,
    "meshName": ""
  },
  {
    "name": "Lv1Sail3_1",
    "position": [2.0, 4.0, -4.0],
    "rotation": [0.0, 180.0, 0.0],
    "scale": [1.0, 1.0, 1.0],
    "isMeshObj": false,
    "meshName": ""
  },
  {
    "name": "WatermelonPot2_2",
    "position": [-2.0, 2.0, -5.0],
    "rotation": [0.0, 0.0, 0.0],
    "scale": [1.0, 1.0, 1.0],
    "isMeshObj": false,
    "meshName": ""
  },
  {
    "name": "Lv1Mine2_1",
    "position": [-1.0, 2.0, -2.0],
    "rotation": [0.0, 0.0, 0.0],
    "scale": [1.0, 1.0, 1.0],
    "isMeshObj": true,
    "meshName": "Lv1Mine"
  },
  {
    "name": "CaptainRoom2_1",
    "position": [0.0, 2.0, -7.0],
    "rotation": [0.0, 0.0, 0.0],
    "scale": [1.0, 1.0, 1.0],
    "isMeshObj": true,
    "meshName": "CaptainRoom"
  },
  {
    "name": "Board2_1",
    "position": [-1.0, 2.0, -5.0],
    "rotation": [0.0, 0.0, 0.0],
    "scale": [1.0, 1.0, 1.0],
    "isMeshObj": true,
    "meshName": "Board"
  },
  {
    "name": "Board2_2",
    "position": [0.0, 2.0, -5.0],
    "rotation": [0.0, 0.0, 0.0],
    "scale": [1.0, 1.0, 1.0],
    "isMeshObj": true,
    "meshName": "Board"
  },
  {
    "name": "Board2_3",
    "position": [-2.0, 2.0, -5.0],
    "rotation": [0.0, 0.0, 0.0],
    "scale": [1.0, 1.0, 1.0],
    "isMeshObj": true,
    "meshName": "Board"
  },
  {
    "name": "Board2_4",
    "position": [0.0, 2.0, -6.0],
    "rotation": [0.0, 0.0, 0.0],
    "scale": [1.0, 1.0, 1.0],
    "isMeshObj": true,
    "meshName": "Board"
  },
  {
    "name": "Board2_5",
    "position": [0.0, 2.0, -7.0],
    "rotation": [0.0, 0.0, 0.0],
    "scale": [1.0, 1.0, 1.0],
    "isMeshObj": true,
    "meshName": "Board"
  },
  {
    "name": "Board2_6",
    "position": [-1.0, 2.0, -7.0],
    "rotation": [0.0, 0.0, 0.0],
    "scale": [1.0, 1.0, 1.0],
    "isMeshObj": true,
    "meshName": "Board"
  },
  {
    "name": "Board2_7",
    "position": [-2.0, 2.0, -7.0],
    "rotation": [0.0, 0.0, 0.0],
    "scale": [1.0, 1.0, 1.0],
    "isMeshObj": true,
    "meshName": "Board"
  },
  {
    "name": "Board2_8",
    "position": [-2.0, 2.0, -6.0],
    "rotation": [0.0, 0.0, 0.0],
    "scale": [1.0, 1.0, 1.0],
    "isMeshObj": true,
    "meshName": "Board"
  },
  {
    "name": "Board2_9",
    "position": [1.0, 2.0, -5.0],
    "rotation": [0.0, 0.0, 0.0],
    "scale": [1.0, 1.0, 1.0],
    "isMeshObj": true,
    "meshName": "Board"
  },
  {
    "name": "Board2_10",
    "position": [-3.0, 2.0, -5.0],
    "rotation": [0.0, 0.0, 0.0],
    "scale": [1.0, 1.0, 1.0],
    "isMeshObj": true,
    "meshName": "Board"
  },
  {
    "name": "Board2_11",
    "position": [-3.0, 2.0, -4.0],
    "rotation": [0.0, 0.0, 0.0],
    "scale": [1.0, 1.0, 1.0],
    "isMeshObj": true,
    "meshName": "Board"
  },
  {
    "name": "Board2_12",
    "position": [-3.0, 2.0, -3.0],
    "rotation": [0.0, 0.0, 0.0],
    "scale": [1.0, 1.0, 1.0],
    "isMeshObj": true,
    "meshName": "Board"
  },
  {
    "name": "Board2_13",
    "position": [-2.0, 2.0, -3.0],
    "rotation": [0.0, 0.0, 0.0],
    "scale": [1.0, 1.0, 1.0],
    "isMeshObj": true,
    "meshName": "Board"
  },
  {
    "name": "Board2_14",
    "position": [-2.0, 2.0, -4.0],
    "rotation": [0.0, 0.0, 0.0],
    "scale": [1.0, 1.0, 1.0],
    "isMeshObj": true,
    "meshName": "Board"
  },
  {
    "name": "Board2_15",
    "position": [-1.0, 2.0, -4.0],
    "rotation": [0.0, 0.0, 0.0],
    "scale": [1.0, 1.0, 1.0],
    "isMeshObj": true,
    "meshName": "Board"
  },
  {
    "name": "Board2_16",
    "position": [-1.0, 2.0, -3.0],
    "rotation": [0.0, 0.0, 0.0],
    "scale": [1.0, 1.0, 1.0],
    "isMeshObj": true,
    "meshName": "Board"
  },
  {
    "name": "Board2_17",
    "position": [0.0, 2.0, -3.0],
    "rotation": [0.0, 0.0, 0.0],
    "scale": [1.0, 1.0, 1.0],
    "isMeshObj": true,
    "meshName": "Board"
  },
  {
    "name": "Board2_18",
    "position": [0.0, 2.0, -4.0],
    "rotation": [0.0, 0.0, 0.0],
    "scale": [1.0, 1.0, 1.0],
    "isMeshObj": true,
    "meshName": "Board"
  },
  {
    "name": "Board2_19",
    "position": [1.0, 2.0, -4.0],
    "rotation": [0.0, 0.0, 0.0],
    "scale": [1.0, 1.0, 1.0],
    "isMeshObj": true,
    "meshName": "Board"
  },
  {
    "name": "Board2_20",
    "position": [1.0, 2.0, -3.0],
    "rotation": [0.0, 0.0, 0.0],
    "scale": [1.0, 1.0, 1.0],
    "isMeshObj": true,
    "meshName": "Board"
  },
  {
    "name": "Board2_21",
    "position": [-4.0, 2.0, -4.0],
    "rotation": [0.0, 0.0, 0.0],
    "scale": [1.0, 1.0, 1.0],
    "isMeshObj": true,
    "meshName": "Board"
  },
  {
    "name": "Board2_22",
    "position": [0.0, 2.0, -2.0],
    "rotation": [0.0, 0.0, 0.0],
    "scale": [1.0, 1.0, 1.0],
    "isMeshObj": true,
    "meshName": "Board"
  },
  {
    "name": "Board2_23",
    "position": [0.0, 2.0, -1.0],
    "rotation": [0.0, 0.0, 0.0],
    "scale": [1.0, 1.0, 1.0],
    "isMeshObj": true,
    "meshName": "Board"
  },
  {
    "name": "Board2_24",
    "position": [1.0, 2.0, -1.0],
    "rotation": [0.0, 0.0, 0.0],
    "scale": [1.0, 1.0, 1.0],
    "isMeshObj": true,
    "meshName": "Board"
  },
  {
    "name": "Board2_25",
    "position": [2.0, 2.0, -1.0],
    "rotation": [0.0, 0.0, 0.0],
    "scale": [1.0, 1.0, 1.0],
    "isMeshObj": true,
    "meshName": "Board"
  },
  {
    "name": "Board2_26",
    "position": [-1.0, 2.0, -2.0],
    "rotation": [0.0, 0.0, 0.0],
    "scale": [1.0, 1.0, 1.0],
    "isMeshObj": true,
    "meshName": "Board"
  },
  {
    "name": "Board2_27",
    "position": [-1.0, 2.0, -1.0],
    "rotation": [0.0, 0.0, 0.0],
    "scale": [1.0, 1.0, 1.0],
    "isMeshObj": true,
    "meshName": "Board"
  },
  {
    "name": "Board2_28",
    "position": [-2.0, 2.0, -2.0],
    "rotation": [0.0, 0.0, 0.0],
    "scale": [1.0, 1.0, 1.0],
    "isMeshObj": true,
    "meshName": "Board"
  },
  {
    "name": "Board2_29",
    "position": [-2.0, 2.0, -1.0],
    "rotation": [0.0, 0.0, 0.0],
    "scale": [1.0, 1.0, 1.0],
    "isMeshObj": true,
    "meshName": "Board"
  },
  {
    "name": "Board2_30",
    "position": [-3.0, 2.0, -1.0],
    "rotation": [0.0, 0.0, 0.0],
    "scale": [1.0, 1.0, 1.0],
    "isMeshObj": true,
    "meshName": "Board"
  },
  {
    "name": "Board2_31",
    "position": [-4.0, 2.0, -1.0],
    "rotation": [0.0, 0.0, 0.0],
    "scale": [1.0, 1.0, 1.0],
    "isMeshObj": true,
    "meshName": "Board"
  },
  {
    "name": "Board2_32",
    "position": [2.0, 2.0, -2.0],
    "rotation": [0.0, 0.0, 0.0],
    "scale": [1.0, 1.0, 1.0],
    "isMeshObj": true,
    "meshName": "Board"
  },
  {
    "name": "Board2_33",
    "position": [2.0, 2.0, -3.0],
    "rotation": [0.0, 0.0, 0.0],
    "scale": [1.0, 1.0, 1.0],
    "isMeshObj": true,
    "meshName": "Board"
  },
  {
    "name": "Board2_34",
    "position": [2.0, 2.0, -4.0],
    "rotation": [0.0, 0.0, 0.0],
    "scale": [1.0, 1.0, 1.0],
    "isMeshObj": true,
    "meshName": "Board"
  },
  {
    "name": "Board2_35",
    "position": [2.0, 2.0, -5.0],
    "rotation": [0.0, 0.0, 0.0],
    "scale": [1.0, 1.0, 1.0],
    "isMeshObj": true,
    "meshName": "Board"
  },
  {
    "name": "Board2_36",
    "position": [2.0, 2.0, -6.0],
    "rotation": [0.0, 0.0, 0.0],
    "scale": [1.0, 1.0, 1.0],
    "isMeshObj": true,
    "meshName": "Board"
  },
  {
    "name": "Board2_37",
    "position": [1.0, 2.0, -7.0],
    "rotation": [0.0, 0.0, 0.0],
    "scale": [1.0, 1.0, 1.0],
    "isMeshObj": true,
    "meshName": "Board"
  },
  {
    "name": "Board2_38",
    "position": [2.0, 2.0, -7.0],
    "rotation": [0.0, 0.0, 0.0],
    "scale": [1.0, 1.0, 1.0],
    "isMeshObj": true,
    "meshName": "Board"
  },
  {
    "name": "Board2_39",
    "position": [-4.0, 2.0, -3.0],
    "rotation": [0.0, 0.0, 0.0],
    "scale": [1.0, 1.0, 1.0],
    "isMeshObj": true,
    "meshName": "Board"
  },
  {
    "name": "Board2_40",
    "position": [-3.0, 2.0, -2.0],
    "rotation": [0.0, 0.0, 0.0],
    "scale": [1.0, 1.0, 1.0],
    "isMeshObj": true,
    "meshName": "Board"
  },
  {
    "name": "Board2_41",
    "position": [-4.0, 2.0, -5.0],
    "rotation": [0.0, 0.0, 0.0],
    "scale": [1.0, 1.0, 1.0],
    "isMeshObj": true,
    "meshName": "Board"
  },
  {
    "name": "Board2_42",
    "position": [-4.0, 2.0, -6.0],
    "rotation": [0.0, 0.0, 0.0],
    "scale": [1.0, 1.0, 1.0],
    "isMeshObj": true,
    "meshName": "Board"
  },
  {
    "name": "Board2_43",
    "position": [-4.0, 2.0, -7.0],
    "rotation": [0.0, 0.0, 0.0],
    "scale": [1.0, 1.0, 1.0],
    "isMeshObj": true,
    "meshName": "Board"
  },
  {
    "name": "Board2_44",
    "position": [-3.0, 2.0, -7.0],
    "rotation": [0.0, 0.0, 0.0],
    "scale": [1.0, 1.0, 1.0],
    "isMeshObj": true,
    "meshName": "Board"
  },
  {
    "name": "Board2_45",
    "position": [-4.0, 2.0, -2.0],
    "rotation": [0.0, 0.0, 0.0],
    "scale": [1.0, 1.0, 1.0],
    "isMeshObj": true,
    "meshName": "Board"
  },
  {
    "name": "Board2_46",
    "position": [1.0, 2.0, -2.0],
    "rotation": [0.0, 0.0, 0.0],
    "scale": [1.0, 1.0, 1.0],
    "isMeshObj": true,
    "meshName": "Board"
  },
  {
    "name": "Lv1Cotton1Pot3_1",
    "position": [-3.0, 4.0, -7.0],
    "rotation": [0.0, 0.0, 0.0],
    "scale": [1.0, 1.0, 1.0],
    "isMeshObj": false,
    "meshName": ""
  },
  {
    "name": "Lv1Cotton1Pot3_2",
    "position": [-4.0, 4.0, -7.0],
    "rotation": [0.0, 0.0, 0.0],
    "scale": [1.0, 1.0, 1.0],
    "isMeshObj": false,
    "meshName": ""
  },
  {
    "name": "Lv1Cotton1Pot3_3",
    "position": [-4.0, 4.0, -6.0],
    "rotation": [0.0, 0.0, 0.0],
    "scale": [1.0, 1.0, 1.0],
    "isMeshObj": false,
    "meshName": ""
  },
  {
    "name": "Lv1Cotton1Pot3_4",
    "position": [-4.0, 4.0, -5.0],
    "rotation": [0.0, 0.0, 0.0],
    "scale": [1.0, 1.0, 1.0],
    "isMeshObj": false,
    "meshName": ""
  },
  {
    "name": "Lv1Barbecue2_1",
    "position": [1.0, 2.0, -4.0],
    "rotation": [0.0, 0.0, 0.0],
    "scale": [1.0, 1.0, 1.0],
    "isMeshObj": true,
    "meshName": "Lv1Barbecue"
  },
  {
    "name": "Ladder2_1",
    "position": [-1.0, 1.86, -4.0],
    "rotation": [0.0, 0.0, 0.0],
    "scale": [1.0, 1.0, 1.0],
    "isMeshObj": true,
    "meshName": "Ladder3"
  },
  {
    "name": "WatchTower3_1",
    "position": [1.0, 4.0, -2.0],
    "rotation": [0.0, 0.0, 0.0],
    "scale": [1.0, 1.0, 1.0],
    "isMeshObj": true,
    "meshName": "WatchTower"
  },
  {
    "name": "Campus3_1",
    "position": [-3.0, 4.0, -2.0],
    "rotation": [0.0, 0.0, 0.0],
    "scale": [1.0, 1.0, 1.0],
    "isMeshObj": true,
    "meshName": "Campus"
  },
  {
    "name": "Campus3_2",
    "position": [-4.0, 4.0, -2.0],
    "rotation": [0.0, 0.0, 0.0],
    "scale": [1.0, 1.0, 1.0],
    "isMeshObj": true,
    "meshName": "Campus"
  },
  {
    "name": "WatchTower3_2",
    "position": [2.0, 4.0, -2.0],
    "rotation": [0.0, 0.0, 0.0],
    "scale": [1.0, 1.0, 1.0],
    "isMeshObj": true,
    "meshName": "WatchTower"
  },
  {
    "name": "Lv2Sail3_1",
    "position": [2.0, 4.0, -4.0],
    "rotation": [0.0, 180.0, 0.0],
    "scale": [1.0, 1.0, 1.0],
    "isMeshObj": false,
    "meshName": ""
  },
  {
    "name": "Rudder3_1",
    "position": [-1.0, 4.0, -2.0],
    "rotation": [0.0, 0.0, 0.0],
    "scale": [1.0, 1.0, 1.0],
    "isMeshObj": true,
    "meshName": "Rudder"
  },
  {
    "name": "Lv2Sail3_2",
    "position": [-4.0, 4.0, -4.0],
    "rotation": [0.0, 180.0, 0.0],
    "scale": [1.0, 1.0, 1.0],
    "isMeshObj": false,
    "meshName": ""
  },
  {
    "name": "Fiberflax3_1",
    "position": [2.0, 4.0, -7.0],
    "rotation": [0.0, 0.0, 0.0],
    "scale": [1.0, 1.0, 1.0],
    "isMeshObj": true,
    "meshName": "Fiberflax"
  },
  {
    "name": "Fiberflax3_2",
    "position": [1.0, 4.0, -7.0],
    "rotation": [0.0, 0.0, 0.0],
    "scale": [1.0, 1.0, 1.0],
    "isMeshObj": true,
    "meshName": "Fiberflax"
  },
  {
    "name": "Fiberflax3_3",
    "position": [2.0, 4.0, -6.0],
    "rotation": [0.0, 0.0, 0.0],
    "scale": [1.0, 1.0, 1.0],
    "isMeshObj": true,
    "meshName": "Fiberflax"
  },
  {
    "name": "Fiberflax3_4",
    "position": [2.0, 4.0, -5.0],
    "rotation": [0.0, 0.0, 0.0],
    "scale": [1.0, 1.0, 1.0],
    "isMeshObj": true,
    "meshName": "Fiberflax"
  },
  {
    "name": "Board3_1",
    "position": [-1.0, 4.0, -3.0],
    "rotation": [0.0, 0.0, 0.0],
    "scale": [1.0, 1.0, 1.0],
    "isMeshObj": true,
    "meshName": "Board"
  },
  {
    "name": "Board3_2",
    "position": [-1.0, 4.0, -2.0],
    "rotation": [0.0, 0.0, 0.0],
    "scale": [1.0, 1.0, 1.0],
    "isMeshObj": true,
    "meshName": "Board"
  },
  {
    "name": "Board3_3",
    "position": [0.0, 4.0, -4.0],
    "rotation": [0.0, 0.0, 0.0],
    "scale": [1.0, 1.0, 1.0],
    "isMeshObj": true,
    "meshName": "Board"
  },
  {
    "name": "Board3_4",
    "position": [1.0, 4.0, -4.0],
    "rotation": [0.0, 0.0, 0.0],
    "scale": [1.0, 1.0, 1.0],
    "isMeshObj": true,
    "meshName": "Board"
  },
  {
    "name": "Board3_5",
    "position": [1.0, 4.0, -3.0],
    "rotation": [0.0, 0.0, 0.0],
    "scale": [1.0, 1.0, 1.0],
    "isMeshObj": true,
    "meshName": "Board"
  },
  {
    "name": "Board3_6",
    "position": [1.0, 4.0, -2.0],
    "rotation": [0.0, 0.0, 0.0],
    "scale": [1.0, 1.0, 1.0],
    "isMeshObj": true,
    "meshName": "Board"
  },
  {
    "name": "Board3_7",
    "position": [1.0, 4.0, -5.0],
    "rotation": [0.0, 0.0, 0.0],
    "scale": [1.0, 1.0, 1.0],
    "isMeshObj": true,
    "meshName": "Board"
  },
  {
    "name": "Board3_8",
    "position": [1.0, 4.0, -6.0],
    "rotation": [0.0, 0.0, 0.0],
    "scale": [1.0, 1.0, 1.0],
    "isMeshObj": true,
    "meshName": "Board"
  },
  {
    "name": "Board3_9",
    "position": [1.0, 4.0, -7.0],
    "rotation": [0.0, 0.0, 0.0],
    "scale": [1.0, 1.0, 1.0],
    "isMeshObj": true,
    "meshName": "Board"
  },
  {
    "name": "Board3_10",
    "position": [2.0, 4.0, -7.0],
    "rotation": [0.0, 0.0, 0.0],
    "scale": [1.0, 1.0, 1.0],
    "isMeshObj": true,
    "meshName": "Board"
  },
  {
    "name": "Board3_11",
    "position": [2.0, 4.0, -6.0],
    "rotation": [0.0, 0.0, 0.0],
    "scale": [1.0, 1.0, 1.0],
    "isMeshObj": true,
    "meshName": "Board"
  },
  {
    "name": "Board3_12",
    "position": [2.0, 4.0, -5.0],
    "rotation": [0.0, 0.0, 0.0],
    "scale": [1.0, 1.0, 1.0],
    "isMeshObj": true,
    "meshName": "Board"
  },
  {
    "name": "Board3_13",
    "position": [2.0, 4.0, -4.0],
    "rotation": [0.0, 0.0, 0.0],
    "scale": [1.0, 1.0, 1.0],
    "isMeshObj": true,
    "meshName": "Board"
  },
  {
    "name": "Board3_14",
    "position": [2.0, 4.0, -3.0],
    "rotation": [0.0, 0.0, 0.0],
    "scale": [1.0, 1.0, 1.0],
    "isMeshObj": true,
    "meshName": "Board"
  },
  {
    "name": "Board3_15",
    "position": [2.0, 4.0, -2.0],
    "rotation": [0.0, 0.0, 0.0],
    "scale": [1.0, 1.0, 1.0],
    "isMeshObj": true,
    "meshName": "Board"
  },
  {
    "name": "Board3_16",
    "position": [-2.0, 4.0, -4.0],
    "rotation": [0.0, 0.0, 0.0],
    "scale": [1.0, 1.0, 1.0],
    "isMeshObj": true,
    "meshName": "Board"
  },
  {
    "name": "Board3_17",
    "position": [-3.0, 4.0, -4.0],
    "rotation": [0.0, 0.0, 0.0],
    "scale": [1.0, 1.0, 1.0],
    "isMeshObj": true,
    "meshName": "Board"
  },
  {
    "name": "Board3_18",
    "position": [-3.0, 4.0, -3.0],
    "rotation": [0.0, 0.0, 0.0],
    "scale": [1.0, 1.0, 1.0],
    "isMeshObj": true,
    "meshName": "Board"
  },
  {
    "name": "Board3_19",
    "position": [-3.0, 4.0, -2.0],
    "rotation": [0.0, 0.0, 0.0],
    "scale": [1.0, 1.0, 1.0],
    "isMeshObj": true,
    "meshName": "Board"
  },
  {
    "name": "Board3_20",
    "position": [-3.0, 4.0, -5.0],
    "rotation": [0.0, 0.0, 0.0],
    "scale": [1.0, 1.0, 1.0],
    "isMeshObj": true,
    "meshName": "Board"
  },
  {
    "name": "Board3_21",
    "position": [-3.0, 4.0, -6.0],
    "rotation": [0.0, 0.0, 0.0],
    "scale": [1.0, 1.0, 1.0],
    "isMeshObj": true,
    "meshName": "Board"
  },
  {
    "name": "Board3_22",
    "position": [-3.0, 4.0, -7.0],
    "rotation": [0.0, 0.0, 0.0],
    "scale": [1.0, 1.0, 1.0],
    "isMeshObj": true,
    "meshName": "Board"
  },
  {
    "name": "Board3_23",
    "position": [-4.0, 4.0, -7.0],
    "rotation": [0.0, 0.0, 0.0],
    "scale": [1.0, 1.0, 1.0],
    "isMeshObj": true,
    "meshName": "Board"
  },
  {
    "name": "Board3_24",
    "position": [-4.0, 4.0, -6.0],
    "rotation": [0.0, 0.0, 0.0],
    "scale": [1.0, 1.0, 1.0],
    "isMeshObj": true,
    "meshName": "Board"
  },
  {
    "name": "Board3_25",
    "position": [-4.0, 4.0, -5.0],
    "rotation": [0.0, 0.0, 0.0],
    "scale": [1.0, 1.0, 1.0],
    "isMeshObj": true,
    "meshName": "Board"
  },
  {
    "name": "Board3_26",
    "position": [-4.0, 4.0, -4.0],
    "rotation": [0.0, 0.0, 0.0],
    "scale": [1.0, 1.0, 1.0],
    "isMeshObj": true,
    "meshName": "Board"
  },
  {
    "name": "Board3_27",
    "position": [-4.0, 4.0, -3.0],
    "rotation": [0.0, 0.0, 0.0],
    "scale": [1.0, 1.0, 1.0],
    "isMeshObj": true,
    "meshName": "Board"
  },
  {
    "name": "Board3_28",
    "position": [-4.0, 4.0, -2.0],
    "rotation": [0.0, 0.0, 0.0],
    "scale": [1.0, 1.0, 1.0],
    "isMeshObj": true,
    "meshName": "Board"
  },
  {
    "name": "BoardLadder2_1",
    "position": [-1.0, 2.0, -6.0],
    "rotation": [0.0, 0.0, 0.0],
    "scale": [1.0, 1.0, 1.0],
    "isMeshObj": false,
    "meshName": ""
  },
  {
    "name": "BoardLadder3_1",
    "position": [-1.0, 4.0, -4.0],
    "rotation": [0.0, 0.0, 0.0],
    "scale": [1.0, 1.0, 1.0],
    "isMeshObj": false,
    "meshName": ""
  }
]
