[
  {
    "Id": 1,
    "Type": 0,
    "ComponentId": 114,
    "ResName": "Lv1Tree2Pot1_1",
    "Info": "棕榈树",
    "PreRelyId": 0,
    "RelyId": 2,
    "HideBoardId": 0,
    "WithId": 0,
    "Floor": 1,
    "Stage": 1,
    "Progress": 0,
    "Sailing": 1,
    "Sink": 0,
    "NavMapIndex": "2,4",
    "MapType": 0,
    "MapFloor": 1,
    "ComType": 2
  },
  {
    "Id": 2,
    "Type": 0,
    "ComponentId": 101,
    "ResName": "Board1_1",
    "Info": "船板2/29",
    "PreRelyId": 0,
    "RelyId": 3,
    "HideBoardId": 0,
    "WithId": 0,
    "Floor": 1,
    "Stage": 1,
    "Progress": 0,
    "Sailing": 1,
    "Sink": 0,
    "NavMapIndex": "2,3",
    "MapType": 1,
    "MapFloor": 1,
    "ComType": 1
  },
  {
    "Id": 3,
    "Type": 0,
    "ComponentId": 101,
    "ResName": "Board1_2",
    "Info": "船板3/29",
    "PreRelyId": 0,
    "RelyId": 4,
    "HideBoardId": 0,
    "WithId": 0,
    "Floor": 1,
    "Stage": 1,
    "Progress": 0,
    "Sailing": 1,
    "Sink": 0,
    "NavMapIndex": "1,3",
    "MapType": 1,
    "MapFloor": 1,
    "ComType": 1
  },
  {
    "Id": 4,
    "Type": 0,
    "ComponentId": 101,
    "ResName": "Board1_3",
    "Info": "船板4/29",
    "PreRelyId": 0,
    "RelyId": 5,
    "HideBoardId": 0,
    "WithId": 0,
    "Floor": 1,
    "Stage": 1,
    "Progress": 0,
    "Sailing": 1,
    "Sink": 0,
    "NavMapIndex": "1,2",
    "MapType": 1,
    "MapFloor": 1,
    "ComType": 1
  },
  {
    "Id": 5,
    "Type": 1,
    "ComponentId": 101,
    "ResName": "Board1_4",
    "Info": "船板5/29",
    "PreRelyId": 0,
    "RelyId": 6,
    "HideBoardId": 0,
    "WithId": 0,
    "Floor": 1,
    "Stage": 1,
    "Progress": 0,
    "Sailing": 1,
    "Sink": 0,
    "NavMapIndex": "0,3",
    "MapType": 1,
    "MapFloor": 1,
    "ComType": 1
  },
  {
    "Id": 6,
    "Type": 1,
    "ComponentId": 101,
    "ResName": "Board1_5",
    "Info": "船板6/29",
    "PreRelyId": 0,
    "RelyId": 7,
    "HideBoardId": 0,
    "WithId": 0,
    "Floor": 1,
    "Stage": 1,
    "Progress": 0,
    "Sailing": 1,
    "Sink": 0,
    "NavMapIndex": "0,2",
    "MapType": 1,
    "MapFloor": 1,
    "ComType": 1
  },
  {
    "Id": 7,
    "Type": 1,
    "ComponentId": 101,
    "ResName": "Board1_6",
    "Info": "船板7/29",
    "PreRelyId": 0,
    "RelyId": 8,
    "HideBoardId": 0,
    "WithId": 0,
    "Floor": 1,
    "Stage": 1,
    "Progress": 0,
    "Sailing": 1,
    "Sink": 0,
    "NavMapIndex": "2,2",
    "MapType": 1,
    "MapFloor": 1,
    "ComType": 1
  },
  {
    "Id": 8,
    "Type": 1,
    "ComponentId": 101,
    "ResName": "Board1_7",
    "Info": "船板8/29",
    "PreRelyId": 0,
    "RelyId": 9,
    "HideBoardId": 0,
    "WithId": 0,
    "Floor": 1,
    "Stage": 1,
    "Progress": 0,
    "Sailing": 1,
    "Sink": 0,
    "NavMapIndex": "2,1",
    "MapType": 1,
    "MapFloor": 1,
    "ComType": 1
  },
  {
    "Id": 9,
    "Type": 1,
    "ComponentId": 101,
    "ResName": "Board1_8",
    "Info": "船板9/29",
    "PreRelyId": 0,
    "RelyId": "10,31",
    "HideBoardId": 0,
    "WithId": 0,
    "Floor": 1,
    "Stage": 1,
    "Progress": 0,
    "Sailing": 1,
    "Sink": 0,
    "NavMapIndex": "3,1",
    "MapType": 1,
    "MapFloor": 1,
    "ComType": 1
  },
  {
    "Id": 10,
    "Type": 1,
    "ComponentId": 101,
    "ResName": "Board1_9",
    "Info": "船板10/29",
    "PreRelyId": 0,
    "RelyId": 11,
    "HideBoardId": 0,
    "WithId": 0,
    "Floor": 1,
    "Stage": 1,
    "Progress": 0,
    "Sailing": 1,
    "Sink": 0,
    "NavMapIndex": "3,0",
    "MapType": 1,
    "MapFloor": 1,
    "ComType": 1
  },
  {
    "Id": 11,
    "Type": 1,
    "ComponentId": 101,
    "ResName": "Board1_10",
    "Info": "船板11/29",
    "PreRelyId": 0,
    "RelyId": "12,32",
    "HideBoardId": 0,
    "WithId": 0,
    "Floor": 1,
    "Stage": 1,
    "Progress": 0,
    "Sailing": 1,
    "Sink": 0,
    "NavMapIndex": "3,2",
    "MapType": 1,
    "MapFloor": 1,
    "ComType": 1
  },
  {
    "Id": 12,
    "Type": 1,
    "ComponentId": 101,
    "ResName": "Board1_11",
    "Info": "船板12/29",
    "PreRelyId": 0,
    "RelyId": 33,
    "HideBoardId": 0,
    "WithId": 0,
    "Floor": 1,
    "Stage": 1,
    "Progress": 0,
    "Sailing": 1,
    "Sink": 0,
    "NavMapIndex": "3,3",
    "MapType": 1,
    "MapFloor": 1,
    "ComType": 1
  },
  {
    "Id": 13,
    "Type": 1,
    "ComponentId": 101,
    "ResName": "Board1_12",
    "Info": "船板13/29",
    "PreRelyId": 32,
    "RelyId": 14,
    "HideBoardId": 0,
    "WithId": 0,
    "Floor": 1,
    "Stage": 1,
    "Progress": 0,
    "Sailing": 1,
    "Sink": 0,
    "NavMapIndex": "3,4",
    "MapType": 1,
    "MapFloor": 1,
    "ComType": 1
  },
  {
    "Id": 14,
    "Type": 1,
    "ComponentId": 101,
    "ResName": "Board1_13",
    "Info": "船板14/29",
    "PreRelyId": 0,
    "RelyId": "15,34",
    "HideBoardId": 0,
    "WithId": 0,
    "Floor": 1,
    "Stage": 1,
    "Progress": 0,
    "Sailing": 1,
    "Sink": 0,
    "NavMapIndex": "4,4",
    "MapType": 1,
    "MapFloor": 1,
    "ComType": 1
  },
  {
    "Id": 15,
    "Type": 1,
    "ComponentId": 101,
    "ResName": "Board1_14",
    "Info": "船板15/29",
    "PreRelyId": 0,
    "RelyId": "16,35",
    "HideBoardId": 0,
    "WithId": 0,
    "Floor": 1,
    "Stage": 1,
    "Progress": 0,
    "Sailing": 1,
    "Sink": 0,
    "NavMapIndex": "5,4",
    "MapType": 1,
    "MapFloor": 1,
    "ComType": 1
  },
  {
    "Id": 16,
    "Type": 1,
    "ComponentId": 101,
    "ResName": "Board1_15",
    "Info": "船板16/29",
    "PreRelyId": 0,
    "RelyId": 17,
    "HideBoardId": 0,
    "WithId": 0,
    "Floor": 1,
    "Stage": 1,
    "Progress": 0,
    "Sailing": 1,
    "Sink": 0,
    "NavMapIndex": "6,4",
    "MapType": 1,
    "MapFloor": 1,
    "ComType": 1
  },
  {
    "Id": 17,
    "Type": 1,
    "ComponentId": 101,
    "ResName": "Board1_16",
    "Info": "船板17/29",
    "PreRelyId": 0,
    "RelyId": "18,36",
    "HideBoardId": 0,
    "WithId": 0,
    "Floor": 1,
    "Stage": 1,
    "Progress": 0,
    "Sailing": 1,
    "Sink": 0,
    "NavMapIndex": "7,4",
    "MapType": 1,
    "MapFloor": 1,
    "ComType": 1
  },
  {
    "Id": 18,
    "Type": 1,
    "ComponentId": 101,
    "ResName": "Board1_17",
    "Info": "船板18/29",
    "PreRelyId": 36,
    "RelyId": 19,
    "HideBoardId": 0,
    "WithId": 0,
    "Floor": 1,
    "Stage": 1,
    "Progress": 0,
    "Sailing": 1,
    "Sink": 0,
    "NavMapIndex": "6,3",
    "MapType": 1,
    "MapFloor": 1,
    "ComType": 1
  },
  {
    "Id": 19,
    "Type": 1,
    "ComponentId": 101,
    "ResName": "Board1_18",
    "Info": "船板19/29",
    "PreRelyId": 0,
    "RelyId": "20,37",
    "HideBoardId": 0,
    "WithId": 0,
    "Floor": 1,
    "Stage": 1,
    "Progress": 0,
    "Sailing": 1,
    "Sink": 0,
    "NavMapIndex": "6,2",
    "MapType": 1,
    "MapFloor": 1,
    "ComType": 1
  },
  {
    "Id": 20,
    "Type": 1,
    "ComponentId": 101,
    "ResName": "Board1_19",
    "Info": "船板20/29",
    "PreRelyId": 0,
    "RelyId": 21,
    "HideBoardId": 0,
    "WithId": 0,
    "Floor": 1,
    "Stage": 1,
    "Progress": 0,
    "Sailing": 1,
    "Sink": 0,
    "NavMapIndex": "6,1",
    "MapType": 1,
    "MapFloor": 1,
    "ComType": 1
  },
  {
    "Id": 21,
    "Type": 1,
    "ComponentId": 101,
    "ResName": "Board1_20",
    "Info": "船板21/29",
    "PreRelyId": 37,
    "RelyId": 22,
    "HideBoardId": 0,
    "WithId": 0,
    "Floor": 1,
    "Stage": 1,
    "Progress": 0,
    "Sailing": 1,
    "Sink": 0,
    "NavMapIndex": "7,1",
    "MapType": 1,
    "MapFloor": 1,
    "ComType": 1
  },
  {
    "Id": 22,
    "Type": 1,
    "ComponentId": 101,
    "ResName": "Board1_21",
    "Info": "船板22/29",
    "PreRelyId": 0,
    "RelyId": "23,38",
    "HideBoardId": 0,
    "WithId": 0,
    "Floor": 1,
    "Stage": 1,
    "Progress": 0,
    "Sailing": 1,
    "Sink": 0,
    "NavMapIndex": "5,1",
    "MapType": 1,
    "MapFloor": 1,
    "ComType": 1
  },
  {
    "Id": 23,
    "Type": 1,
    "ComponentId": 101,
    "ResName": "Board1_22",
    "Info": "船板23/29",
    "PreRelyId": 0,
    "RelyId": 24,
    "HideBoardId": 0,
    "WithId": 0,
    "Floor": 1,
    "Stage": 1,
    "Progress": 0,
    "Sailing": 1,
    "Sink": 0,
    "NavMapIndex": "4,1",
    "MapType": 1,
    "MapFloor": 1,
    "ComType": 1
  },
  {
    "Id": 24,
    "Type": 1,
    "ComponentId": 101,
    "ResName": "Board1_23",
    "Info": "船板24/29",
    "PreRelyId": 38,
    "RelyId": 25,
    "HideBoardId": 0,
    "WithId": 0,
    "Floor": 1,
    "Stage": 1,
    "Progress": 0,
    "Sailing": 1,
    "Sink": 0,
    "NavMapIndex": "4,2",
    "MapType": 1,
    "MapFloor": 1,
    "ComType": 1
  },
  {
    "Id": 25,
    "Type": 1,
    "ComponentId": 101,
    "ResName": "Board1_24",
    "Info": "船板25/29",
    "PreRelyId": 0,
    "RelyId": "26,39",
    "HideBoardId": 0,
    "WithId": 0,
    "Floor": 1,
    "Stage": 1,
    "Progress": 0,
    "Sailing": 1,
    "Sink": 0,
    "NavMapIndex": "4,3",
    "MapType": 1,
    "MapFloor": 1,
    "ComType": 1
  },
  {
    "Id": 26,
    "Type": 1,
    "ComponentId": 101,
    "ResName": "Board1_25",
    "Info": "船板26/29",
    "PreRelyId": 0,
    "RelyId": 27,
    "HideBoardId": 0,
    "WithId": 0,
    "Floor": 1,
    "Stage": 1,
    "Progress": 0,
    "Sailing": 1,
    "Sink": 0,
    "NavMapIndex": "5,3",
    "MapType": 1,
    "MapFloor": 1,
    "ComType": 1
  },
  {
    "Id": 27,
    "Type": 1,
    "ComponentId": 101,
    "ResName": "Board1_26",
    "Info": "船板27/29",
    "PreRelyId": 0,
    "RelyId": 28,
    "HideBoardId": 0,
    "WithId": 0,
    "Floor": 1,
    "Stage": 1,
    "Progress": 0,
    "Sailing": 1,
    "Sink": 0,
    "NavMapIndex": "5,2",
    "MapType": 1,
    "MapFloor": 1,
    "ComType": 1
  },
  {
    "Id": 28,
    "Type": 1,
    "ComponentId": 101,
    "ResName": "Board1_27",
    "Info": "船板28/29",
    "PreRelyId": 0,
    "RelyId": 29,
    "HideBoardId": 0,
    "WithId": 0,
    "Floor": 1,
    "Stage": 1,
    "Progress": 0,
    "Sailing": 1,
    "Sink": 0,
    "NavMapIndex": "0,4",
    "MapType": 1,
    "MapFloor": 1,
    "ComType": 1
  },
  {
    "Id": 29,
    "Type": 1,
    "ComponentId": 101,
    "ResName": "Board1_28",
    "Info": "船板29/29",
    "PreRelyId": 0,
    "RelyId": "30,40,41",
    "HideBoardId": 0,
    "WithId": 0,
    "Floor": 1,
    "Stage": 1,
    "Progress": 0,
    "Sailing": 1,
    "Sink": 0,
    "NavMapIndex": "0,1",
    "MapType": 1,
    "MapFloor": 1,
    "ComType": 1
  },
  {
    "Id": 30,
    "Type": 1,
    "ComponentId": 102,
    "ResName": "Ladder1F1_1",
    "Info": "1楼梯子",
    "PreRelyId": 0,
    "RelyId": 43,
    "HideBoardId": 0,
    "WithId": 42,
    "Floor": 1,
    "Stage": 1,
    "Progress": 5,
    "Sailing": 1,
    "Sink": 0,
    "NavMapIndex": "4,2",
    "MapType": 1,
    "MapFloor": 1,
    "ComType": 5
  },
  {
    "Id": 31,
    "Type": 1,
    "ComponentId": 103,
    "ResName": "Torch1_1",
    "Info": "火炬",
    "PreRelyId": 0,
    "RelyId": 0,
    "HideBoardId": 0,
    "WithId": 0,
    "Floor": 1,
    "Stage": 1,
    "Progress": 9,
    "Sailing": 1,
    "Sink": 0,
    "NavMapIndex": "2,1",
    "MapType": 0,
    "MapFloor": 1,
    "ComType": 0
  },
  {
    "Id": 32,
    "Type": 1,
    "ComponentId": 104,
    "ResName": "Net1_1",
    "Info": "收集网",
    "PreRelyId": 0,
    "RelyId": 0,
    "HideBoardId": 5,
    "WithId": 0,
    "Floor": 1,
    "Stage": 1,
    "Progress": 8,
    "Sailing": 1,
    "Sink": 0,
    "NavMapIndex": "0,3",
    "MapType": 0,
    "MapFloor": 1,
    "ComType": 2
  },
  {
    "Id": 33,
    "Type": 1,
    "ComponentId": 105,
    "ResName": "Anchor1_1",
    "Info": "船锚",
    "PreRelyId": 0,
    "RelyId": 13,
    "HideBoardId": 10,
    "WithId": 0,
    "Floor": 1,
    "Stage": 1,
    "Progress": 8,
    "Sailing": 1,
    "Sink": 0,
    "NavMapIndex": "3,0",
    "MapType": 0,
    "MapFloor": 1,
    "ComType": 0
  },
  {
    "Id": 34,
    "Type": 1,
    "ComponentId": 106,
    "ResName": "Lounge1_1",
    "Info": "躺椅",
    "PreRelyId": 0,
    "RelyId": 0,
    "HideBoardId": 0,
    "WithId": 0,
    "Floor": 1,
    "Stage": 1,
    "Progress": 5,
    "Sailing": 1,
    "Sink": 0,
    "NavMapIndex": "2,2",
    "MapType": 0,
    "MapFloor": 1,
    "ComType": 0
  },
  {
    "Id": 35,
    "Type": 1,
    "ComponentId": 107,
    "ResName": "Swing1_1",
    "Info": "秋千",
    "PreRelyId": 0,
    "RelyId": 0,
    "HideBoardId": 0,
    "WithId": 0,
    "Floor": 1,
    "Stage": 1,
    "Progress": 5,
    "Sailing": 1,
    "Sink": 0,
    "NavMapIndex": "3,4",
    "MapType": 0,
    "MapFloor": 1,
    "ComType": 10
  },
  {
    "Id": 36,
    "Type": 1,
    "ComponentId": 108,
    "ResName": "Net1_2",
    "Info": "收集网",
    "PreRelyId": 0,
    "RelyId": 0,
    "HideBoardId": 6,
    "WithId": 0,
    "Floor": 1,
    "Stage": 1,
    "Progress": 8,
    "Sailing": 1,
    "Sink": 0,
    "NavMapIndex": "0,2",
    "MapType": 0,
    "MapFloor": 1,
    "ComType": 2
  },
  {
    "Id": 37,
    "Type": 1,
    "ComponentId": 109,
    "ResName": "Rubber1_1",
    "Info": "尾舵",
    "PreRelyId": 0,
    "RelyId": 0,
    "HideBoardId": 17,
    "WithId": 0,
    "Floor": 1,
    "Stage": 1,
    "Progress": 8,
    "Sailing": 1,
    "Sink": 0,
    "NavMapIndex": "7,4",
    "MapType": 0,
    "MapFloor": 1,
    "ComType": 0
  },
  {
    "Id": 38,
    "Type": 1,
    "ComponentId": 110,
    "ResName": "Lv1RainContainer1_1",
    "Info": "雨水收集器",
    "PreRelyId": 0,
    "RelyId": 0,
    "HideBoardId": 0,
    "WithId": 0,
    "Floor": 1,
    "Stage": 1,
    "Progress": 8,
    "Sailing": 1,
    "Sink": 0,
    "NavMapIndex": "6,1",
    "MapType": 1,
    "MapFloor": 1,
    "ComType": 2
  },
  {
    "Id": 39,
    "Type": 1,
    "ComponentId": 111,
    "ResName": "Rubber1_2",
    "Info": "尾舵",
    "PreRelyId": 0,
    "RelyId": 0,
    "HideBoardId": 21,
    "WithId": 0,
    "Floor": 1,
    "Stage": 1,
    "Progress": 5,
    "Sailing": 1,
    "Sink": 0,
    "NavMapIndex": "7,1",
    "MapType": 0,
    "MapFloor": 1,
    "ComType": 0
  },
  {
    "Id": 40,
    "Type": 1,
    "ComponentId": 112,
    "ResName": "OarsBoard_Left",
    "Info": "划桨",
    "PreRelyId": 0,
    "RelyId": 0,
    "HideBoardId": 28,
    "WithId": 0,
    "Floor": 1,
    "Stage": 1,
    "Progress": 8,
    "Sailing": 1,
    "Sink": 0,
    "NavMapIndex": "0,4",
    "MapType": 1,
    "MapFloor": 1,
    "ComType": 7
  },
  {
    "Id": 41,
    "Type": 1,
    "ComponentId": 113,
    "ResName": "OarsBoard_Right",
    "Info": "划桨",
    "PreRelyId": 0,
    "RelyId": 0,
    "HideBoardId": 29,
    "WithId": 0,
    "Floor": 1,
    "Stage": 1,
    "Progress": 5,
    "Sailing": 1,
    "Sink": 0,
    "NavMapIndex": "0,1",
    "MapType": 1,
    "MapFloor": 1,
    "ComType": 8
  },
  {
    "Id": 42,
    "Type": 1,
    "ComponentId": 115,
    "ResName": "Lv1Fence1F1_1",
    "Info": "1楼围栏",
    "PreRelyId": 0,
    "RelyId": 0,
    "HideBoardId": 0,
    "WithId": 0,
    "Floor": 1,
    "Stage": 1,
    "Progress": 5,
    "Sailing": 1,
    "Sink": 0,
    "NavMapIndex": "6,2",
    "MapType": 0,
    "MapFloor": 1,
    "ComType": 0
  },
  {
    "Id": 43,
    "Type": 1,
    "ComponentId": 101,
    "ResName": "Board2_1",
    "Info": "船板30/31",
    "PreRelyId": 30,
    "RelyId": 44,
    "HideBoardId": 0,
    "WithId": 0,
    "Floor": 2,
    "Stage": 1,
    "Progress": 8,
    "Sailing": 1,
    "Sink": 0,
    "NavMapIndex": "1,0",
    "MapType": 1,
    "MapFloor": 2,
    "ComType": 1
  },
  {
    "Id": 44,
    "Type": 1,
    "ComponentId": 101,
    "ResName": "Board2_2",
    "Info": "船板31/31-航行",
    "PreRelyId": 0,
    "RelyId": "45,51,52,53",
    "HideBoardId": 0,
    "WithId": 0,
    "Floor": 2,
    "Stage": 1,
    "Progress": 5,
    "Sailing": 1,
    "Sink": 0,
    "NavMapIndex": "2,0",
    "MapType": 1,
    "MapFloor": 2,
    "ComType": 1
  },
  {
    "Id": 45,
    "Type": 1,
    "ComponentId": 101,
    "ResName": "Board2_3",
    "Info": "船板32/37",
    "PreRelyId": 0,
    "RelyId": "46,54",
    "HideBoardId": 0,
    "WithId": 0,
    "Floor": 2,
    "Stage": 2,
    "Progress": 0,
    "Sailing": 2,
    "Sink": 0,
    "NavMapIndex": "2,1",
    "MapType": 1,
    "MapFloor": 2,
    "ComType": 1
  },
  {
    "Id": 46,
    "Type": 1,
    "ComponentId": 101,
    "ResName": "Board2_4",
    "Info": "船板33/37",
    "PreRelyId": 0,
    "RelyId": 47,
    "HideBoardId": 0,
    "WithId": 0,
    "Floor": 2,
    "Stage": 2,
    "Progress": 0,
    "Sailing": 2,
    "Sink": 0,
    "NavMapIndex": "1,1",
    "MapType": 1,
    "MapFloor": 2,
    "ComType": 1
  },
  {
    "Id": 47,
    "Type": 1,
    "ComponentId": 101,
    "ResName": "Board2_5",
    "Info": "船板34/37",
    "PreRelyId": 0,
    "RelyId": 48,
    "HideBoardId": 0,
    "WithId": 0,
    "Floor": 2,
    "Stage": 2,
    "Progress": 0,
    "Sailing": 2,
    "Sink": 0,
    "NavMapIndex": "0,1",
    "MapType": 1,
    "MapFloor": 2,
    "ComType": 1
  },
  {
    "Id": 48,
    "Type": 1,
    "ComponentId": 101,
    "ResName": "Board2_6",
    "Info": "船板35/37",
    "PreRelyId": 0,
    "RelyId": "49,57,58",
    "HideBoardId": 0,
    "WithId": 0,
    "Floor": 2,
    "Stage": 2,
    "Progress": 0,
    "Sailing": 2,
    "Sink": 0,
    "NavMapIndex": "0,2",
    "MapType": 1,
    "MapFloor": 2,
    "ComType": 1
  },
  {
    "Id": 49,
    "Type": 1,
    "ComponentId": 101,
    "ResName": "Board2_7",
    "Info": "船板36/37",
    "PreRelyId": 0,
    "RelyId": "50,59",
    "HideBoardId": 0,
    "WithId": 0,
    "Floor": 2,
    "Stage": 2,
    "Progress": 0,
    "Sailing": 2,
    "Sink": 0,
    "NavMapIndex": "1,2",
    "MapType": 1,
    "MapFloor": 2,
    "ComType": 1
  },
  {
    "Id": 50,
    "Type": 1,
    "ComponentId": 101,
    "ResName": "Board2_8",
    "Info": "船板37/37",
    "PreRelyId": 0,
    "RelyId": "56,60",
    "HideBoardId": 0,
    "WithId": 0,
    "Floor": 2,
    "Stage": 2,
    "Progress": 0,
    "Sailing": 2,
    "Sink": 0,
    "NavMapIndex": "2,2",
    "MapType": 1,
    "MapFloor": 2,
    "ComType": 1
  },
  {
    "Id": 51,
    "Type": 1,
    "ComponentId": 116,
    "ResName": "Lv2Fence1F1_1",
    "Info": "1楼围栏2级",
    "PreRelyId": 0,
    "RelyId": 0,
    "HideBoardId": 0,
    "WithId": 0,
    "Floor": 2,
    "Stage": 2,
    "Progress": 5,
    "Sailing": 2,
    "Sink": 0,
    "NavMapIndex": "2,1|4,1|4,4|5,4|6,4",
    "MapType": 1,
    "MapFloor": 1,
    "ComType": 0
  },
  {
    "Id": 52,
    "Type": 1,
    "ComponentId": 117,
    "ResName": "Lv2Tree2Pot1_1",
    "Info": "棕榈树2级",
    "PreRelyId": 0,
    "RelyId": 0,
    "HideBoardId": 1,
    "WithId": 0,
    "Floor": 2,
    "Stage": 2,
    "Progress": 5,
    "Sailing": 2,
    "Sink": 0,
    "NavMapIndex": "2,4",
    "MapType": 0,
    "MapFloor": 1,
    "ComType": 2
  },
  {
    "Id": 53,
    "Type": 1,
    "ComponentId": 118,
    "ResName": "Lv2RainContainer1_1",
    "Info": "高级雨水收集器2级",
    "PreRelyId": 0,
    "RelyId": 0,
    "HideBoardId": 38,
    "WithId": 0,
    "Floor": 2,
    "Stage": 2,
    "Progress": 5,
    "Sailing": 2,
    "Sink": 0,
    "NavMapIndex": "6,1",
    "MapType": 0,
    "MapFloor": 1,
    "ComType": 2
  },
  {
    "Id": 54,
    "Type": 1,
    "ComponentId": 119,
    "ResName": "Barbecue1_1",
    "Info": "烤肉架",
    "PreRelyId": 0,
    "RelyId": 0,
    "HideBoardId": 0,
    "WithId": 0,
    "Floor": 2,
    "Stage": 2,
    "Progress": 8,
    "Sailing": 2,
    "Sink": 0,
    "NavMapIndex": "5,1",
    "MapType": 0,
    "MapFloor": 1,
    "ComType": 2
  },
  {
    "Id": 55,
    "Type": 1,
    "ComponentId": 120,
    "ResName": "Box1_1",
    "Info": "储藏箱",
    "PreRelyId": 0,
    "RelyId": 0,
    "HideBoardId": 0,
    "WithId": 0,
    "Floor": 2,
    "Stage": 2,
    "Progress": 5,
    "Sailing": 2,
    "Sink": 0,
    "NavMapIndex": "5,3|5,4|6,2|6,3|6,4",
    "MapType": 0,
    "MapFloor": 1,
    "ComType": 2
  },
  {
    "Id": 56,
    "Type": 1,
    "ComponentId": 121,
    "ResName": "Ladder2F1_1",
    "Info": "2楼梯子",
    "PreRelyId": 0,
    "RelyId": 63,
    "HideBoardId": 0,
    "WithId": 62,
    "Floor": 2,
    "Stage": 2,
    "Progress": 5,
    "Sailing": 2,
    "Sink": 0,
    "NavMapIndex": "0,2",
    "MapType": 1,
    "MapFloor": 2,
    "ComType": 5
  },
  {
    "Id": 57,
    "Type": 1,
    "ComponentId": 122,
    "ResName": "Torch2_1",
    "Info": "火炬",
    "PreRelyId": 0,
    "RelyId": 0,
    "HideBoardId": 0,
    "WithId": 0,
    "Floor": 2,
    "Stage": 2,
    "Progress": 5,
    "Sailing": 2,
    "Sink": 0,
    "NavMapIndex": "0,1",
    "MapType": 0,
    "MapFloor": 2,
    "ComType": 0
  },
  {
    "Id": 58,
    "Type": 1,
    "ComponentId": 123,
    "ResName": "Lv2Tree1Pot2_1",
    "Info": "希望树",
    "PreRelyId": 0,
    "RelyId": 0,
    "HideBoardId": 0,
    "WithId": 0,
    "Floor": 2,
    "Stage": 2,
    "Progress": 5,
    "Sailing": 2,
    "Sink": 0,
    "NavMapIndex": "2,2",
    "MapType": 0,
    "MapFloor": 2,
    "ComType": 2
  },
  {
    "Id": 59,
    "Type": 1,
    "ComponentId": 124,
    "ResName": "Lv1Cotton1Pot2_1",
    "Info": "棉花",
    "PreRelyId": 0,
    "RelyId": 0,
    "HideBoardId": 0,
    "WithId": 0,
    "Floor": 2,
    "Stage": 2,
    "Progress": 5,
    "Sailing": 2,
    "Sink": 0,
    "NavMapIndex": "0,2",
    "MapType": 1,
    "MapFloor": 2,
    "ComType": 2
  },
  {
    "Id": 60,
    "Type": 1,
    "ComponentId": 125,
    "ResName": "Lv2Tree1Pot2_2",
    "Info": "希望树",
    "PreRelyId": 0,
    "RelyId": 0,
    "HideBoardId": 0,
    "WithId": 0,
    "Floor": 2,
    "Stage": 2,
    "Progress": 5,
    "Sailing": 2,
    "Sink": 0,
    "NavMapIndex": "2,0",
    "MapType": 0,
    "MapFloor": 2,
    "ComType": 2
  },
  {
    "Id": 61,
    "Type": 1,
    "ComponentId": 126,
    "ResName": "Hammock",
    "Info": "吊床",
    "PreRelyId": 0,
    "RelyId": 0,
    "HideBoardId": 0,
    "WithId": 0,
    "Floor": 2,
    "Stage": 2,
    "Progress": 8,
    "Sailing": 2,
    "Sink": 0,
    "NavMapIndex": "2,1",
    "MapType": 1,
    "MapFloor": 2,
    "ComType": 4
  },
  {
    "Id": 62,
    "Type": 1,
    "ComponentId": 127,
    "ResName": "Lv1Fence2F2_1",
    "Info": "2楼围栏",
    "PreRelyId": 0,
    "RelyId": 0,
    "HideBoardId": 0,
    "WithId": 0,
    "Floor": 2,
    "Stage": 2,
    "Progress": 5,
    "Sailing": 2,
    "Sink": 0,
    "NavMapIndex": "1,1|2,1|2,2",
    "MapType": 1,
    "MapFloor": 2,
    "ComType": 0
  },
  {
    "Id": 63,
    "Type": 1,
    "ComponentId": 101,
    "ResName": "Board3_1",
    "Info": "船板38/41",
    "PreRelyId": 0,
    "RelyId": "61,64,67,68",
    "HideBoardId": 0,
    "WithId": 0,
    "Floor": 3,
    "Stage": 2,
    "Progress": 0,
    "Sailing": 2,
    "Sink": 0,
    "NavMapIndex": "1,1",
    "MapType": 1,
    "MapFloor": 3,
    "ComType": 1
  },
  {
    "Id": 64,
    "Type": 1,
    "ComponentId": 101,
    "ResName": "Board3_2",
    "Info": "船板39/41",
    "PreRelyId": 0,
    "RelyId": 65,
    "HideBoardId": 0,
    "WithId": 0,
    "Floor": 3,
    "Stage": 2,
    "Progress": 0,
    "Sailing": 2,
    "Sink": 0,
    "NavMapIndex": "2,1",
    "MapType": 1,
    "MapFloor": 3,
    "ComType": 1
  },
  {
    "Id": 65,
    "Type": 1,
    "ComponentId": 101,
    "ResName": "Board3_3",
    "Info": "船板40/41",
    "PreRelyId": 0,
    "RelyId": "66,69",
    "HideBoardId": 0,
    "WithId": 0,
    "Floor": 3,
    "Stage": 2,
    "Progress": 0,
    "Sailing": 2,
    "Sink": 0,
    "NavMapIndex": "2,0",
    "MapType": 1,
    "MapFloor": 3,
    "ComType": 1
  },
  {
    "Id": 66,
    "Type": 1,
    "ComponentId": 101,
    "ResName": "Board3_4",
    "Info": "船板41/41",
    "PreRelyId": 69,
    "RelyId": "55,70,71,72",
    "HideBoardId": 0,
    "WithId": 0,
    "Floor": 3,
    "Stage": 2,
    "Progress": 0,
    "Sailing": 2,
    "Sink": 0,
    "NavMapIndex": "1,0",
    "MapType": 1,
    "MapFloor": 3,
    "ComType": 1
  },
  {
    "Id": 67,
    "Type": 1,
    "ComponentId": 128,
    "ResName": "Lv2Fence2F2_1",
    "Info": "2楼围栏2级",
    "PreRelyId": 0,
    "RelyId": 0,
    "HideBoardId": 0,
    "WithId": 0,
    "Floor": 3,
    "Stage": 2,
    "Progress": 5,
    "Sailing": 2,
    "Sink": 0,
    "NavMapIndex": "0,1|0,2|1,0|1,2|2,0|2,1|2,2",
    "MapType": 1,
    "MapFloor": 2,
    "ComType": 0
  },
  {
    "Id": 68,
    "Type": 1,
    "ComponentId": 129,
    "ResName": "WatchTower3_1",
    "Info": "瞭望台",
    "PreRelyId": 0,
    "RelyId": 0,
    "HideBoardId": 0,
    "WithId": 0,
    "Floor": 3,
    "Stage": 2,
    "Progress": 8,
    "Sailing": 2,
    "Sink": 0,
    "NavMapIndex": "1,1",
    "MapType": 1,
    "MapFloor": 3,
    "ComType": 0
  },
  {
    "Id": 69,
    "Type": 1,
    "ComponentId": 130,
    "ResName": "Lv1Sail3_1",
    "Info": "小帆",
    "PreRelyId": 0,
    "RelyId": 0,
    "HideBoardId": 0,
    "WithId": 0,
    "Floor": 3,
    "Stage": 2,
    "Progress": 5,
    "Sailing": 2,
    "Sink": 0,
    "NavMapIndex": "2,0",
    "MapType": 1,
    "MapFloor": 3,
    "ComType": 0
  },
  {
    "Id": 70,
    "Type": 1,
    "ComponentId": 131,
    "ResName": "Rudder3_1",
    "Info": "船舵",
    "PreRelyId": 0,
    "RelyId": 0,
    "HideBoardId": 0,
    "WithId": 0,
    "Floor": 3,
    "Stage": 2,
    "Progress": 6,
    "Sailing": 2,
    "Sink": 0,
    "NavMapIndex": "1,0",
    "MapType": 1,
    "MapFloor": 3,
    "ComType": 0
  },
  {
    "Id": 71,
    "Type": 1,
    "ComponentId": 132,
    "ResName": "Lv2Fence3F3_1",
    "Info": "3楼围栏",
    "PreRelyId": 0,
    "RelyId": 0,
    "HideBoardId": 0,
    "WithId": 0,
    "Floor": 3,
    "Stage": 2,
    "Progress": 5,
    "Sailing": 2,
    "Sink": 0,
    "NavMapIndex": "1,0|1,1|2,0|2,1",
    "MapType": 1,
    "MapFloor": 3,
    "ComType": 0
  },
  {
    "Id": 72,
    "Type": 1,
    "ComponentId": 133,
    "ResName": "Lv2Sail3_1",
    "Info": "大帆",
    "PreRelyId": 0,
    "RelyId": 0,
    "HideBoardId": 69,
    "WithId": 0,
    "Floor": 3,
    "Stage": 2,
    "Progress": 5,
    "Sailing": 2,
    "Sink": 0,
    "NavMapIndex": "2,0",
    "MapType": 0,
    "MapFloor": 3,
    "ComType": 0
  },
  {
    "Id": 73,
    "Type": 2,
    "ComponentId": 477,
    "ResName": "BoardLadder2_1",
    "Info": "透明船板1/2",
    "PreRelyId": 0,
    "RelyId": 0,
    "HideBoardId": 0,
    "WithId": 0,
    "Floor": 1,
    "Stage": 1,
    "Progress": 0,
    "Sailing": 1,
    "Sink": 0,
    "NavMapIndex": "0,0",
    "MapType": 0,
    "MapFloor": 2,
    "ComType": 6
  },
  {
    "Id": 74,
    "Type": 2,
    "ComponentId": 477,
    "ResName": "BoardLadder3_1",
    "Info": "透明船板2/2",
    "PreRelyId": 0,
    "RelyId": 0,
    "HideBoardId": 0,
    "WithId": 0,
    "Floor": 1,
    "Stage": 1,
    "Progress": 0,
    "Sailing": 1,
    "Sink": 0,
    "NavMapIndex": "0,1",
    "MapType": 0,
    "MapFloor": 3,
    "ComType": 6
  }
]
