[
  {
    "Id": 1,
    "Type": 0,
    "ComponentId": 701,
    "ResName": "Board1_1",
    "Info": "船板1/1",
    "PreRelyId": 0,
    "RelyId": 2,
    "HideBoardId": 0,
    "WithId": 0,
    "Floor": 1,
    "Stage": 1,
    "Progress": 0,
    "Sailing": 1,
    "Sink": 0,
    "NavMapIndex": "4,6",
    "MapType": 1,
    "MapFloor": 1,
    "ComType": 1
  },
  {
    "Id": 2,
    "Type": 0,
    "ComponentId": 701,
    "ResName": "Board1_2",
    "Info": "船板1/2",
    "PreRelyId": 0,
    "RelyId": 3,
    "HideBoardId": 0,
    "WithId": 0,
    "Floor": 1,
    "Stage": 1,
    "Progress": 0,
    "Sailing": 1,
    "Sink": 0,
    "NavMapIndex": "4,4",
    "MapType": 1,
    "MapFloor": 1,
    "ComType": 1
  },
  {
    "Id": 3,
    "Type": 0,
    "ComponentId": 701,
    "ResName": "Board1_3",
    "Info": "船板1/3",
    "PreRelyId": 0,
    "RelyId": 4,
    "HideBoardId": 0,
    "WithId": 0,
    "Floor": 1,
    "Stage": 1,
    "Progress": 0,
    "Sailing": 1,
    "Sink": 0,
    "NavMapIndex": "3,5",
    "MapType": 1,
    "MapFloor": 1,
    "ComType": 1
  },
  {
    "Id": 4,
    "Type": 0,
    "ComponentId": 701,
    "ResName": "Board1_4",
    "Info": "船板1/4",
    "PreRelyId": 0,
    "RelyId": 5,
    "HideBoardId": 0,
    "WithId": 0,
    "Floor": 1,
    "Stage": 1,
    "Progress": 0,
    "Sailing": 1,
    "Sink": 0,
    "NavMapIndex": "5,5",
    "MapType": 1,
    "MapFloor": 1,
    "ComType": 1
  },
  {
    "Id": 5,
    "Type": 0,
    "ComponentId": 701,
    "ResName": "Board1_5",
    "Info": "船板1/5",
    "PreRelyId": 0,
    "RelyId": 6,
    "HideBoardId": 0,
    "WithId": 0,
    "Floor": 1,
    "Stage": 1,
    "Progress": 0,
    "Sailing": 1,
    "Sink": 0,
    "NavMapIndex": "3,4",
    "MapType": 1,
    "MapFloor": 1,
    "ComType": 1
  },
  {
    "Id": 6,
    "Type": 0,
    "ComponentId": 701,
    "ResName": "Board1_6",
    "Info": "船板1/6",
    "PreRelyId": 0,
    "RelyId": 7,
    "HideBoardId": 0,
    "WithId": 0,
    "Floor": 1,
    "Stage": 1,
    "Progress": 0,
    "Sailing": 1,
    "Sink": 0,
    "NavMapIndex": "3,3",
    "MapType": 1,
    "MapFloor": 1,
    "ComType": 1
  },
  {
    "Id": 7,
    "Type": 1,
    "ComponentId": 701,
    "ResName": "Board1_7",
    "Info": "船板1/7",
    "PreRelyId": 0,
    "RelyId": 8,
    "HideBoardId": 0,
    "WithId": 0,
    "Floor": 1,
    "Stage": 1,
    "Progress": 0,
    "Sailing": 1,
    "Sink": 0,
    "NavMapIndex": "4,3",
    "MapType": 1,
    "MapFloor": 1,
    "ComType": 1
  },
  {
    "Id": 8,
    "Type": 1,
    "ComponentId": 701,
    "ResName": "Board1_8",
    "Info": "船板1/8",
    "PreRelyId": 0,
    "RelyId": "9,77",
    "HideBoardId": 0,
    "WithId": 0,
    "Floor": 1,
    "Stage": 1,
    "Progress": 0,
    "Sailing": 1,
    "Sink": 0,
    "NavMapIndex": "4,2",
    "MapType": 1,
    "MapFloor": 1,
    "ComType": 1
  },
  {
    "Id": 9,
    "Type": 1,
    "ComponentId": 701,
    "ResName": "Board1_9",
    "Info": "船板1/9",
    "PreRelyId": 0,
    "RelyId": 10,
    "HideBoardId": 0,
    "WithId": 0,
    "Floor": 1,
    "Stage": 1,
    "Progress": 0,
    "Sailing": 1,
    "Sink": 0,
    "NavMapIndex": "4,1",
    "MapType": 1,
    "MapFloor": 1,
    "ComType": 1
  },
  {
    "Id": 10,
    "Type": 1,
    "ComponentId": 701,
    "ResName": "Board1_10",
    "Info": "船板1/10",
    "PreRelyId": 77,
    "RelyId": 11,
    "HideBoardId": 0,
    "WithId": 0,
    "Floor": 1,
    "Stage": 1,
    "Progress": 0,
    "Sailing": 1,
    "Sink": 0,
    "NavMapIndex": "4,0",
    "MapType": 1,
    "MapFloor": 1,
    "ComType": 1
  },
  {
    "Id": 11,
    "Type": 1,
    "ComponentId": 701,
    "ResName": "Board1_11",
    "Info": "船板1/11",
    "PreRelyId": 0,
    "RelyId": "12,74",
    "HideBoardId": 0,
    "WithId": 0,
    "Floor": 1,
    "Stage": 1,
    "Progress": 0,
    "Sailing": 1,
    "Sink": 0,
    "NavMapIndex": "5,0",
    "MapType": 1,
    "MapFloor": 1,
    "ComType": 1
  },
  {
    "Id": 12,
    "Type": 1,
    "ComponentId": 701,
    "ResName": "Board1_12",
    "Info": "船板1/12",
    "PreRelyId": 0,
    "RelyId": 13,
    "HideBoardId": 0,
    "WithId": 0,
    "Floor": 1,
    "Stage": 1,
    "Progress": 0,
    "Sailing": 1,
    "Sink": 0,
    "NavMapIndex": "5,1",
    "MapType": 1,
    "MapFloor": 1,
    "ComType": 1
  },
  {
    "Id": 13,
    "Type": 1,
    "ComponentId": 701,
    "ResName": "Board1_13",
    "Info": "船板1/13",
    "PreRelyId": 0,
    "RelyId": 14,
    "HideBoardId": 0,
    "WithId": 0,
    "Floor": 1,
    "Stage": 1,
    "Progress": 0,
    "Sailing": 1,
    "Sink": 0,
    "NavMapIndex": "5,2",
    "MapType": 1,
    "MapFloor": 1,
    "ComType": 1
  },
  {
    "Id": 14,
    "Type": 1,
    "ComponentId": 701,
    "ResName": "Board1_14",
    "Info": "船板1/14",
    "PreRelyId": 74,
    "RelyId": 15,
    "HideBoardId": 0,
    "WithId": 0,
    "Floor": 1,
    "Stage": 1,
    "Progress": 0,
    "Sailing": 1,
    "Sink": 0,
    "NavMapIndex": "5,3",
    "MapType": 1,
    "MapFloor": 1,
    "ComType": 1
  },
  {
    "Id": 15,
    "Type": 1,
    "ComponentId": 701,
    "ResName": "Board1_15",
    "Info": "船板1/15",
    "PreRelyId": 0,
    "RelyId": "16,76",
    "HideBoardId": 0,
    "WithId": 0,
    "Floor": 1,
    "Stage": 1,
    "Progress": 0,
    "Sailing": 1,
    "Sink": 0,
    "NavMapIndex": "5,4",
    "MapType": 1,
    "MapFloor": 1,
    "ComType": 1
  },
  {
    "Id": 16,
    "Type": 1,
    "ComponentId": 701,
    "ResName": "Board1_16",
    "Info": "船板1/16",
    "PreRelyId": 0,
    "RelyId": 17,
    "HideBoardId": 0,
    "WithId": 0,
    "Floor": 1,
    "Stage": 1,
    "Progress": 0,
    "Sailing": 1,
    "Sink": 0,
    "NavMapIndex": "5,6",
    "MapType": 1,
    "MapFloor": 1,
    "ComType": 1
  },
  {
    "Id": 17,
    "Type": 1,
    "ComponentId": 701,
    "ResName": "Board1_17",
    "Info": "船板1/17",
    "PreRelyId": 0,
    "RelyId": 18,
    "HideBoardId": 0,
    "WithId": 0,
    "Floor": 1,
    "Stage": 1,
    "Progress": 0,
    "Sailing": 1,
    "Sink": 0,
    "NavMapIndex": "5,7",
    "MapType": 1,
    "MapFloor": 1,
    "ComType": 1
  },
  {
    "Id": 18,
    "Type": 1,
    "ComponentId": 701,
    "ResName": "Board1_18",
    "Info": "船板1/18",
    "PreRelyId": 76,
    "RelyId": 19,
    "HideBoardId": 0,
    "WithId": 0,
    "Floor": 1,
    "Stage": 1,
    "Progress": 0,
    "Sailing": 1,
    "Sink": 0,
    "NavMapIndex": "5,8",
    "MapType": 1,
    "MapFloor": 1,
    "ComType": 1
  },
  {
    "Id": 19,
    "Type": 1,
    "ComponentId": 701,
    "ResName": "Board1_19",
    "Info": "船板1/19",
    "PreRelyId": 0,
    "RelyId": "20,73",
    "HideBoardId": 0,
    "WithId": 0,
    "Floor": 1,
    "Stage": 1,
    "Progress": 0,
    "Sailing": 1,
    "Sink": 0,
    "NavMapIndex": "4,8",
    "MapType": 1,
    "MapFloor": 1,
    "ComType": 1
  },
  {
    "Id": 20,
    "Type": 1,
    "ComponentId": 701,
    "ResName": "Board1_20",
    "Info": "船板1/20",
    "PreRelyId": 0,
    "RelyId": 21,
    "HideBoardId": 0,
    "WithId": 0,
    "Floor": 1,
    "Stage": 1,
    "Progress": 0,
    "Sailing": 1,
    "Sink": 0,
    "NavMapIndex": "4,7",
    "MapType": 1,
    "MapFloor": 1,
    "ComType": 1
  },
  {
    "Id": 21,
    "Type": 1,
    "ComponentId": 701,
    "ResName": "Board1_21",
    "Info": "船板1/21",
    "PreRelyId": 0,
    "RelyId": 22,
    "HideBoardId": 0,
    "WithId": 0,
    "Floor": 1,
    "Stage": 1,
    "Progress": 0,
    "Sailing": 1,
    "Sink": 0,
    "NavMapIndex": "6,7",
    "MapType": 1,
    "MapFloor": 1,
    "ComType": 1
  },
  {
    "Id": 22,
    "Type": 1,
    "ComponentId": 701,
    "ResName": "Board1_22",
    "Info": "船板1/22",
    "PreRelyId": 73,
    "RelyId": 23,
    "HideBoardId": 0,
    "WithId": 0,
    "Floor": 1,
    "Stage": 1,
    "Progress": 0,
    "Sailing": 1,
    "Sink": 0,
    "NavMapIndex": "6,6",
    "MapType": 1,
    "MapFloor": 1,
    "ComType": 1
  },
  {
    "Id": 23,
    "Type": 1,
    "ComponentId": 701,
    "ResName": "Board1_23",
    "Info": "船板1/23",
    "PreRelyId": 0,
    "RelyId": "24,75",
    "HideBoardId": 0,
    "WithId": 0,
    "Floor": 1,
    "Stage": 1,
    "Progress": 0,
    "Sailing": 1,
    "Sink": 0,
    "NavMapIndex": "6,5",
    "MapType": 1,
    "MapFloor": 1,
    "ComType": 1
  },
  {
    "Id": 24,
    "Type": 1,
    "ComponentId": 701,
    "ResName": "Board1_24",
    "Info": "船板1/24",
    "PreRelyId": 0,
    "RelyId": 25,
    "HideBoardId": 0,
    "WithId": 0,
    "Floor": 1,
    "Stage": 1,
    "Progress": 0,
    "Sailing": 1,
    "Sink": 0,
    "NavMapIndex": "6,4",
    "MapType": 1,
    "MapFloor": 1,
    "ComType": 1
  },
  {
    "Id": 25,
    "Type": 1,
    "ComponentId": 701,
    "ResName": "Board1_25",
    "Info": "船板1/25",
    "PreRelyId": 0,
    "RelyId": 26,
    "HideBoardId": 0,
    "WithId": 0,
    "Floor": 1,
    "Stage": 1,
    "Progress": 0,
    "Sailing": 1,
    "Sink": 0,
    "NavMapIndex": "6,3",
    "MapType": 1,
    "MapFloor": 1,
    "ComType": 1
  },
  {
    "Id": 26,
    "Type": 1,
    "ComponentId": 701,
    "ResName": "Board1_26",
    "Info": "船板1/26",
    "PreRelyId": 0,
    "RelyId": "27,92",
    "HideBoardId": 0,
    "WithId": 0,
    "Floor": 1,
    "Stage": 1,
    "Progress": 0,
    "Sailing": 1,
    "Sink": 0,
    "NavMapIndex": "6,2",
    "MapType": 1,
    "MapFloor": 1,
    "ComType": 1
  },
  {
    "Id": 27,
    "Type": 1,
    "ComponentId": 701,
    "ResName": "Board1_27",
    "Info": "船板1/27",
    "PreRelyId": 0,
    "RelyId": 28,
    "HideBoardId": 0,
    "WithId": 0,
    "Floor": 1,
    "Stage": 1,
    "Progress": 0,
    "Sailing": 1,
    "Sink": 0,
    "NavMapIndex": "6,1",
    "MapType": 1,
    "MapFloor": 1,
    "ComType": 1
  },
  {
    "Id": 28,
    "Type": 1,
    "ComponentId": 701,
    "ResName": "Board1_28",
    "Info": "船板1/28",
    "PreRelyId": 92,
    "RelyId": 29,
    "HideBoardId": 0,
    "WithId": 0,
    "Floor": 1,
    "Stage": 1,
    "Progress": 0,
    "Sailing": 1,
    "Sink": 0,
    "NavMapIndex": "7,1",
    "MapType": 1,
    "MapFloor": 1,
    "ComType": 1
  },
  {
    "Id": 29,
    "Type": 1,
    "ComponentId": 701,
    "ResName": "Board1_29",
    "Info": "船板1/29",
    "PreRelyId": 0,
    "RelyId": "30,78",
    "HideBoardId": 0,
    "WithId": 0,
    "Floor": 1,
    "Stage": 1,
    "Progress": 0,
    "Sailing": 1,
    "Sink": 0,
    "NavMapIndex": "7,0",
    "MapType": 1,
    "MapFloor": 1,
    "ComType": 1
  },
  {
    "Id": 30,
    "Type": 1,
    "ComponentId": 701,
    "ResName": "Board1_30",
    "Info": "船板1/30",
    "PreRelyId": 0,
    "RelyId": 31,
    "HideBoardId": 0,
    "WithId": 0,
    "Floor": 1,
    "Stage": 1,
    "Progress": 0,
    "Sailing": 1,
    "Sink": 0,
    "NavMapIndex": "8,0",
    "MapType": 1,
    "MapFloor": 1,
    "ComType": 1
  },
  {
    "Id": 31,
    "Type": 1,
    "ComponentId": 701,
    "ResName": "Board1_31",
    "Info": "船板1/31",
    "PreRelyId": 0,
    "RelyId": "32,84",
    "HideBoardId": 0,
    "WithId": 0,
    "Floor": 1,
    "Stage": 1,
    "Progress": 0,
    "Sailing": 1,
    "Sink": 0,
    "NavMapIndex": "8,1",
    "MapType": 1,
    "MapFloor": 1,
    "ComType": 1
  },
  {
    "Id": 32,
    "Type": 1,
    "ComponentId": 701,
    "ResName": "Board1_32",
    "Info": "船板1/32",
    "PreRelyId": 0,
    "RelyId": 33,
    "HideBoardId": 0,
    "WithId": 0,
    "Floor": 1,
    "Stage": 1,
    "Progress": 0,
    "Sailing": 1,
    "Sink": 0,
    "NavMapIndex": "8,2",
    "MapType": 1,
    "MapFloor": 1,
    "ComType": 1
  },
  {
    "Id": 33,
    "Type": 1,
    "ComponentId": 701,
    "ResName": "Board1_33",
    "Info": "船板1/33",
    "PreRelyId": 84,
    "RelyId": 34,
    "HideBoardId": 0,
    "WithId": 0,
    "Floor": 1,
    "Stage": 1,
    "Progress": 0,
    "Sailing": 1,
    "Sink": 0,
    "NavMapIndex": "8,3",
    "MapType": 1,
    "MapFloor": 1,
    "ComType": 1
  },
  {
    "Id": 34,
    "Type": 1,
    "ComponentId": 701,
    "ResName": "Board1_34",
    "Info": "船板1/34",
    "PreRelyId": 0,
    "RelyId": "35,83",
    "HideBoardId": 0,
    "WithId": 0,
    "Floor": 1,
    "Stage": 1,
    "Progress": 0,
    "Sailing": 1,
    "Sink": 0,
    "NavMapIndex": "8,4",
    "MapType": 1,
    "MapFloor": 1,
    "ComType": 1
  },
  {
    "Id": 35,
    "Type": 1,
    "ComponentId": 701,
    "ResName": "Board1_35",
    "Info": "船板1/35",
    "PreRelyId": 0,
    "RelyId": 36,
    "HideBoardId": 0,
    "WithId": 0,
    "Floor": 1,
    "Stage": 1,
    "Progress": 0,
    "Sailing": 1,
    "Sink": 0,
    "NavMapIndex": "8,5",
    "MapType": 1,
    "MapFloor": 1,
    "ComType": 1
  },
  {
    "Id": 36,
    "Type": 1,
    "ComponentId": 701,
    "ResName": "Board1_36",
    "Info": "船板1/36",
    "PreRelyId": 0,
    "RelyId": "37,93",
    "HideBoardId": 0,
    "WithId": 0,
    "Floor": 1,
    "Stage": 1,
    "Progress": 0,
    "Sailing": 1,
    "Sink": 0,
    "NavMapIndex": "8,6",
    "MapType": 1,
    "MapFloor": 1,
    "ComType": 1
  },
  {
    "Id": 37,
    "Type": 1,
    "ComponentId": 701,
    "ResName": "Board1_37",
    "Info": "船板1/37",
    "PreRelyId": 0,
    "RelyId": 38,
    "HideBoardId": 0,
    "WithId": 0,
    "Floor": 1,
    "Stage": 1,
    "Progress": 0,
    "Sailing": 1,
    "Sink": 0,
    "NavMapIndex": "8,7",
    "MapType": 1,
    "MapFloor": 1,
    "ComType": 1
  },
  {
    "Id": 38,
    "Type": 1,
    "ComponentId": 701,
    "ResName": "Board1_38",
    "Info": "船板1/38",
    "PreRelyId": 0,
    "RelyId": 39,
    "HideBoardId": 0,
    "WithId": 0,
    "Floor": 1,
    "Stage": 1,
    "Progress": 0,
    "Sailing": 1,
    "Sink": 0,
    "NavMapIndex": "8,8",
    "MapType": 1,
    "MapFloor": 1,
    "ComType": 1
  },
  {
    "Id": 39,
    "Type": 1,
    "ComponentId": 701,
    "ResName": "Board1_39",
    "Info": "船板1/39",
    "PreRelyId": 93,
    "RelyId": 40,
    "HideBoardId": 0,
    "WithId": 0,
    "Floor": 1,
    "Stage": 1,
    "Progress": 0,
    "Sailing": 1,
    "Sink": 0,
    "NavMapIndex": "7,8",
    "MapType": 1,
    "MapFloor": 1,
    "ComType": 1
  },
  {
    "Id": 40,
    "Type": 1,
    "ComponentId": 701,
    "ResName": "Board1_40",
    "Info": "船板1/40",
    "PreRelyId": 0,
    "RelyId": "41,86",
    "HideBoardId": 0,
    "WithId": 0,
    "Floor": 1,
    "Stage": 1,
    "Progress": 0,
    "Sailing": 1,
    "Sink": 0,
    "NavMapIndex": "7,7",
    "MapType": 1,
    "MapFloor": 1,
    "ComType": 1
  },
  {
    "Id": 41,
    "Type": 1,
    "ComponentId": 701,
    "ResName": "Board1_41",
    "Info": "船板1/41",
    "PreRelyId": 0,
    "RelyId": "42,85",
    "HideBoardId": 0,
    "WithId": 0,
    "Floor": 1,
    "Stage": 1,
    "Progress": 0,
    "Sailing": 1,
    "Sink": 0,
    "NavMapIndex": "9,7",
    "MapType": 1,
    "MapFloor": 1,
    "ComType": 1
  },
  {
    "Id": 42,
    "Type": 1,
    "ComponentId": 701,
    "ResName": "Board1_42",
    "Info": "船板1/42",
    "PreRelyId": 0,
    "RelyId": 43,
    "HideBoardId": 0,
    "WithId": 0,
    "Floor": 1,
    "Stage": 1,
    "Progress": 0,
    "Sailing": 1,
    "Sink": 0,
    "NavMapIndex": "10,7",
    "MapType": 1,
    "MapFloor": 1,
    "ComType": 1
  },
  {
    "Id": 43,
    "Type": 1,
    "ComponentId": 701,
    "ResName": "Board1_43",
    "Info": "船板1/43",
    "PreRelyId": 85,
    "RelyId": 44,
    "HideBoardId": 0,
    "WithId": 0,
    "Floor": 1,
    "Stage": 1,
    "Progress": 0,
    "Sailing": 1,
    "Sink": 0,
    "NavMapIndex": "10,8",
    "MapType": 1,
    "MapFloor": 1,
    "ComType": 1
  },
  {
    "Id": 44,
    "Type": 1,
    "ComponentId": 701,
    "ResName": "Board1_44",
    "Info": "船板1/44",
    "PreRelyId": 0,
    "RelyId": "45,87",
    "HideBoardId": 0,
    "WithId": 0,
    "Floor": 1,
    "Stage": 1,
    "Progress": 0,
    "Sailing": 1,
    "Sink": 0,
    "NavMapIndex": "10,6",
    "MapType": 1,
    "MapFloor": 1,
    "ComType": 1
  },
  {
    "Id": 45,
    "Type": 1,
    "ComponentId": 701,
    "ResName": "Board1_45",
    "Info": "船板1/45",
    "PreRelyId": 0,
    "RelyId": "46,91",
    "HideBoardId": 0,
    "WithId": 0,
    "Floor": 1,
    "Stage": 1,
    "Progress": 0,
    "Sailing": 1,
    "Sink": 0,
    "NavMapIndex": "11,6",
    "MapType": 1,
    "MapFloor": 1,
    "ComType": 1
  },
  {
    "Id": 46,
    "Type": 1,
    "ComponentId": 701,
    "ResName": "Board1_46",
    "Info": "船板1/46",
    "PreRelyId": 91,
    "RelyId": 47,
    "HideBoardId": 0,
    "WithId": 0,
    "Floor": 1,
    "Stage": 1,
    "Progress": 0,
    "Sailing": 1,
    "Sink": 0,
    "NavMapIndex": "10,5",
    "MapType": 1,
    "MapFloor": 1,
    "ComType": 1
  },
  {
    "Id": 47,
    "Type": 1,
    "ComponentId": 701,
    "ResName": "Board1_47",
    "Info": "船板1/47",
    "PreRelyId": 0,
    "RelyId": "48,97",
    "HideBoardId": 0,
    "WithId": 0,
    "Floor": 1,
    "Stage": 1,
    "Progress": 0,
    "Sailing": 1,
    "Sink": 0,
    "NavMapIndex": "10,4",
    "MapType": 1,
    "MapFloor": 1,
    "ComType": 1
  },
  {
    "Id": 48,
    "Type": 1,
    "ComponentId": 701,
    "ResName": "Board1_48",
    "Info": "船板1/48",
    "PreRelyId": 0,
    "RelyId": 49,
    "HideBoardId": 0,
    "WithId": 0,
    "Floor": 1,
    "Stage": 1,
    "Progress": 0,
    "Sailing": 1,
    "Sink": 0,
    "NavMapIndex": "10,3",
    "MapType": 1,
    "MapFloor": 1,
    "ComType": 1
  },
  {
    "Id": 49,
    "Type": 1,
    "ComponentId": 701,
    "ResName": "Board1_49",
    "Info": "船板1/49",
    "PreRelyId": 97,
    "RelyId": 50,
    "HideBoardId": 0,
    "WithId": 0,
    "Floor": 1,
    "Stage": 1,
    "Progress": 0,
    "Sailing": 1,
    "Sink": 0,
    "NavMapIndex": "10,2",
    "MapType": 1,
    "MapFloor": 1,
    "ComType": 1
  },
  {
    "Id": 50,
    "Type": 1,
    "ComponentId": 701,
    "ResName": "Board1_50",
    "Info": "船板1/50",
    "PreRelyId": 0,
    "RelyId": "51,99",
    "HideBoardId": 0,
    "WithId": 0,
    "Floor": 1,
    "Stage": 1,
    "Progress": 0,
    "Sailing": 1,
    "Sink": 0,
    "NavMapIndex": "11,2",
    "MapType": 1,
    "MapFloor": 1,
    "ComType": 1
  },
  {
    "Id": 51,
    "Type": 1,
    "ComponentId": 701,
    "ResName": "Board1_51",
    "Info": "船板1/51",
    "PreRelyId": 0,
    "RelyId": 52,
    "HideBoardId": 0,
    "WithId": 0,
    "Floor": 1,
    "Stage": 1,
    "Progress": 0,
    "Sailing": 1,
    "Sink": 0,
    "NavMapIndex": "10,1",
    "MapType": 1,
    "MapFloor": 1,
    "ComType": 1
  },
  {
    "Id": 52,
    "Type": 1,
    "ComponentId": 701,
    "ResName": "Board1_52",
    "Info": "船板1/52",
    "PreRelyId": 99,
    "RelyId": 53,
    "HideBoardId": 0,
    "WithId": 0,
    "Floor": 1,
    "Stage": 1,
    "Progress": 0,
    "Sailing": 1,
    "Sink": 0,
    "NavMapIndex": "10,0",
    "MapType": 1,
    "MapFloor": 1,
    "ComType": 1
  },
  {
    "Id": 53,
    "Type": 1,
    "ComponentId": 701,
    "ResName": "Board1_53",
    "Info": "船板1/53",
    "PreRelyId": 0,
    "RelyId": "54,102",
    "HideBoardId": 0,
    "WithId": 0,
    "Floor": 1,
    "Stage": 1,
    "Progress": 0,
    "Sailing": 1,
    "Sink": 0,
    "NavMapIndex": "9,1",
    "MapType": 1,
    "MapFloor": 1,
    "ComType": 1
  },
  {
    "Id": 54,
    "Type": 1,
    "ComponentId": 701,
    "ResName": "Board1_54",
    "Info": "船板1/54",
    "PreRelyId": 0,
    "RelyId": 55,
    "HideBoardId": 0,
    "WithId": 0,
    "Floor": 1,
    "Stage": 1,
    "Progress": 0,
    "Sailing": 1,
    "Sink": 0,
    "NavMapIndex": "9,2",
    "MapType": 1,
    "MapFloor": 1,
    "ComType": 1
  },
  {
    "Id": 55,
    "Type": 1,
    "ComponentId": 701,
    "ResName": "Board1_55",
    "Info": "船板1/55",
    "PreRelyId": 0,
    "RelyId": "56,89",
    "HideBoardId": 0,
    "WithId": 0,
    "Floor": 1,
    "Stage": 1,
    "Progress": 0,
    "Sailing": 1,
    "Sink": 0,
    "NavMapIndex": "9,3",
    "MapType": 1,
    "MapFloor": 1,
    "ComType": 1
  },
  {
    "Id": 56,
    "Type": 1,
    "ComponentId": 701,
    "ResName": "Board1_56",
    "Info": "船板1/56",
    "PreRelyId": 89,
    "RelyId": 57,
    "HideBoardId": 0,
    "WithId": 0,
    "Floor": 1,
    "Stage": 1,
    "Progress": 0,
    "Sailing": 1,
    "Sink": 0,
    "NavMapIndex": "9,4",
    "MapType": 1,
    "MapFloor": 1,
    "ComType": 1
  },
  {
    "Id": 57,
    "Type": 1,
    "ComponentId": 701,
    "ResName": "Board1_57",
    "Info": "船板1/57",
    "PreRelyId": 0,
    "RelyId": "58,103",
    "HideBoardId": 0,
    "WithId": 0,
    "Floor": 1,
    "Stage": 1,
    "Progress": 0,
    "Sailing": 1,
    "Sink": 0,
    "NavMapIndex": "9,5",
    "MapType": 1,
    "MapFloor": 1,
    "ComType": 1
  },
  {
    "Id": 58,
    "Type": 1,
    "ComponentId": 701,
    "ResName": "Board1_58",
    "Info": "船板1/58",
    "PreRelyId": 0,
    "RelyId": 59,
    "HideBoardId": 0,
    "WithId": 0,
    "Floor": 1,
    "Stage": 1,
    "Progress": 0,
    "Sailing": 1,
    "Sink": 0,
    "NavMapIndex": "9,6",
    "MapType": 1,
    "MapFloor": 1,
    "ComType": 1
  },
  {
    "Id": 59,
    "Type": 1,
    "ComponentId": 701,
    "ResName": "Board1_59",
    "Info": "船板1/59",
    "PreRelyId": 0,
    "RelyId": "60,104",
    "HideBoardId": 0,
    "WithId": 0,
    "Floor": 1,
    "Stage": 1,
    "Progress": 0,
    "Sailing": 1,
    "Sink": 0,
    "NavMapIndex": "7,6",
    "MapType": 1,
    "MapFloor": 1,
    "ComType": 1
  },
  {
    "Id": 60,
    "Type": 1,
    "ComponentId": 701,
    "ResName": "Board1_60",
    "Info": "船板1/60",
    "PreRelyId": 0,
    "RelyId": 61,
    "HideBoardId": 0,
    "WithId": 0,
    "Floor": 1,
    "Stage": 1,
    "Progress": 0,
    "Sailing": 1,
    "Sink": 0,
    "NavMapIndex": "7,5",
    "MapType": 1,
    "MapFloor": 1,
    "ComType": 1
  },
  {
    "Id": 61,
    "Type": 1,
    "ComponentId": 701,
    "ResName": "Board1_61",
    "Info": "船板1/61",
    "PreRelyId": 104,
    "RelyId": 62,
    "HideBoardId": 0,
    "WithId": 0,
    "Floor": 1,
    "Stage": 1,
    "Progress": 0,
    "Sailing": 1,
    "Sink": 0,
    "NavMapIndex": "7,4",
    "MapType": 1,
    "MapFloor": 1,
    "ComType": 1
  },
  {
    "Id": 62,
    "Type": 1,
    "ComponentId": 701,
    "ResName": "Board1_62",
    "Info": "船板1/62",
    "PreRelyId": 0,
    "RelyId": "63,94",
    "HideBoardId": 0,
    "WithId": 0,
    "Floor": 1,
    "Stage": 1,
    "Progress": 0,
    "Sailing": 1,
    "Sink": 0,
    "NavMapIndex": "7,3",
    "MapType": 1,
    "MapFloor": 1,
    "ComType": 1
  },
  {
    "Id": 63,
    "Type": 1,
    "ComponentId": 701,
    "ResName": "Board1_63",
    "Info": "船板1/63",
    "PreRelyId": 0,
    "RelyId": "64,95",
    "HideBoardId": 0,
    "WithId": 0,
    "Floor": 1,
    "Stage": 1,
    "Progress": 0,
    "Sailing": 1,
    "Sink": 0,
    "NavMapIndex": "7,2",
    "MapType": 1,
    "MapFloor": 1,
    "ComType": 1
  },
  {
    "Id": 64,
    "Type": 1,
    "ComponentId": 701,
    "ResName": "Board1_64",
    "Info": "船板1/64",
    "PreRelyId": 0,
    "RelyId": "65,96",
    "HideBoardId": 0,
    "WithId": 0,
    "Floor": 1,
    "Stage": 1,
    "Progress": 0,
    "Sailing": 1,
    "Sink": 0,
    "NavMapIndex": "3,2",
    "MapType": 1,
    "MapFloor": 1,
    "ComType": 1
  },
  {
    "Id": 65,
    "Type": 1,
    "ComponentId": 701,
    "ResName": "Board1_65",
    "Info": "船板1/65",
    "PreRelyId": 96,
    "RelyId": 66,
    "HideBoardId": 0,
    "WithId": 0,
    "Floor": 1,
    "Stage": 1,
    "Progress": 0,
    "Sailing": 1,
    "Sink": 0,
    "NavMapIndex": "2,2",
    "MapType": 1,
    "MapFloor": 1,
    "ComType": 1
  },
  {
    "Id": 66,
    "Type": 1,
    "ComponentId": 701,
    "ResName": "Board1_66",
    "Info": "船板1/66",
    "PreRelyId": 0,
    "RelyId": "67,88,90",
    "HideBoardId": 0,
    "WithId": 0,
    "Floor": 1,
    "Stage": 1,
    "Progress": 0,
    "Sailing": 1,
    "Sink": 0,
    "NavMapIndex": "1,2",
    "MapType": 1,
    "MapFloor": 1,
    "ComType": 1
  },
  {
    "Id": 67,
    "Type": 1,
    "ComponentId": 701,
    "ResName": "Board1_67",
    "Info": "船板1/67",
    "PreRelyId": 90,
    "RelyId": 68,
    "HideBoardId": 0,
    "WithId": 0,
    "Floor": 1,
    "Stage": 1,
    "Progress": 0,
    "Sailing": 1,
    "Sink": 0,
    "NavMapIndex": "0,2",
    "MapType": 1,
    "MapFloor": 1,
    "ComType": 1
  },
  {
    "Id": 68,
    "Type": 1,
    "ComponentId": 701,
    "ResName": "Board1_68",
    "Info": "船板1/68",
    "PreRelyId": 0,
    "RelyId": "69,98,100",
    "HideBoardId": 0,
    "WithId": 0,
    "Floor": 1,
    "Stage": 1,
    "Progress": 0,
    "Sailing": 1,
    "Sink": 0,
    "NavMapIndex": "3,6",
    "MapType": 1,
    "MapFloor": 1,
    "ComType": 1
  },
  {
    "Id": 69,
    "Type": 1,
    "ComponentId": 701,
    "ResName": "Board1_69",
    "Info": "船板1/69",
    "PreRelyId": 100,
    "RelyId": 70,
    "HideBoardId": 0,
    "WithId": 0,
    "Floor": 1,
    "Stage": 1,
    "Progress": 0,
    "Sailing": 1,
    "Sink": 0,
    "NavMapIndex": "2,6",
    "MapType": 1,
    "MapFloor": 1,
    "ComType": 1
  },
  {
    "Id": 70,
    "Type": 1,
    "ComponentId": 701,
    "ResName": "Board1_70",
    "Info": "船板1/70",
    "PreRelyId": 0,
    "RelyId": "71,101",
    "HideBoardId": 0,
    "WithId": 0,
    "Floor": 1,
    "Stage": 1,
    "Progress": 0,
    "Sailing": 1,
    "Sink": 0,
    "NavMapIndex": "1,6",
    "MapType": 1,
    "MapFloor": 1,
    "ComType": 1
  },
  {
    "Id": 71,
    "Type": 1,
    "ComponentId": 701,
    "ResName": "Board1_71",
    "Info": "船板1/71",
    "PreRelyId": 101,
    "RelyId": 107,
    "HideBoardId": 0,
    "WithId": 0,
    "Floor": 1,
    "Stage": 1,
    "Progress": 0,
    "Sailing": 1,
    "Sink": 0,
    "NavMapIndex": "0,6",
    "MapType": 1,
    "MapFloor": 1,
    "ComType": 1
  },
  {
    "Id": 72,
    "Type": 0,
    "ComponentId": 702,
    "ResName": "Lv1Tree1Pot1_1",
    "Info": "小树",
    "PreRelyId": 0,
    "RelyId": 0,
    "HideBoardId": 0,
    "WithId": 0,
    "Floor": 1,
    "Stage": 1,
    "Progress": 3,
    "Sailing": 1,
    "Sink": 0,
    "NavMapIndex": "4,5",
    "MapType": 1,
    "MapFloor": 1,
    "ComType": 2
  },
  {
    "Id": 73,
    "Type": 1,
    "ComponentId": 703,
    "ResName": "Lv2Tree1Pot1_1",
    "Info": "大树",
    "PreRelyId": 0,
    "RelyId": 0,
    "HideBoardId": 72,
    "WithId": 0,
    "Floor": 1,
    "Stage": 1,
    "Progress": 3,
    "Sailing": 1,
    "Sink": 0,
    "NavMapIndex": "4,5",
    "MapType": 1,
    "MapFloor": 1,
    "ComType": 2
  },
  {
    "Id": 74,
    "Type": 1,
    "ComponentId": 704,
    "ResName": "Lv1Tree1Pot1_2",
    "Info": "小树",
    "PreRelyId": 0,
    "RelyId": 0,
    "HideBoardId": 7,
    "WithId": 0,
    "Floor": 1,
    "Stage": 1,
    "Progress": 3,
    "Sailing": 1,
    "Sink": 0,
    "NavMapIndex": "4,3",
    "MapType": 1,
    "MapFloor": 1,
    "ComType": 2
  },
  {
    "Id": 75,
    "Type": 1,
    "ComponentId": 705,
    "ResName": "Lv2Tree1Pot1_2",
    "Info": "大树",
    "PreRelyId": 0,
    "RelyId": 0,
    "HideBoardId": 74,
    "WithId": 0,
    "Floor": 1,
    "Stage": 1,
    "Progress": 3,
    "Sailing": 1,
    "Sink": 0,
    "NavMapIndex": "4,3",
    "MapType": 1,
    "MapFloor": 1,
    "ComType": 2
  },
  {
    "Id": 76,
    "Type": 1,
    "ComponentId": 706,
    "ResName": "Hammock1_1",
    "Info": "吊床",
    "PreRelyId": 0,
    "RelyId": 0,
    "HideBoardId": 0,
    "WithId": 0,
    "Floor": 1,
    "Stage": 1,
    "Progress": 3,
    "Sailing": 1,
    "Sink": 0,
    "NavMapIndex": "4,4",
    "MapType": 1,
    "MapFloor": 1,
    "ComType": 0
  },
  {
    "Id": 77,
    "Type": 1,
    "ComponentId": 707,
    "ResName": "Torch1_1",
    "Info": "火炬",
    "PreRelyId": 0,
    "RelyId": 0,
    "HideBoardId": 0,
    "WithId": 0,
    "Floor": 1,
    "Stage": 1,
    "Progress": 3,
    "Sailing": 1,
    "Sink": 0,
    "NavMapIndex": "3,4",
    "MapType": 1,
    "MapFloor": 1,
    "ComType": 0
  },
  {
    "Id": 78,
    "Type": 1,
    "ComponentId": 708,
    "ResName": "Swing1_1",
    "Info": "秋千",
    "PreRelyId": 0,
    "RelyId": 0,
    "HideBoardId": 0,
    "WithId": 0,
    "Floor": 1,
    "Stage": 1,
    "Progress": 3,
    "Sailing": 1,
    "Sink": 0,
    "NavMapIndex": "6,2",
    "MapType": 1,
    "MapFloor": 1,
    "ComType": 10
  },
  {
    "Id": 79,
    "Type": 1,
    "ComponentId": 709,
    "ResName": "OarsBoard_Left1_1",
    "Info": "左划桨",
    "PreRelyId": 0,
    "RelyId": 0,
    "HideBoardId": 18,
    "WithId": 0,
    "Floor": 1,
    "Stage": 1,
    "Progress": 3,
    "Sailing": 1,
    "Sink": 0,
    "NavMapIndex": "5,8",
    "MapType": 1,
    "MapFloor": 1,
    "ComType": 7
  },
  {
    "Id": 80,
    "Type": 1,
    "ComponentId": 710,
    "ResName": "OarsBoard_Left1_2",
    "Info": "左划桨",
    "PreRelyId": 0,
    "RelyId": 0,
    "HideBoardId": 19,
    "WithId": 0,
    "Floor": 1,
    "Stage": 1,
    "Progress": 3,
    "Sailing": 1,
    "Sink": 0,
    "NavMapIndex": "4,8",
    "MapType": 1,
    "MapFloor": 1,
    "ComType": 7
  },
  {
    "Id": 81,
    "Type": 1,
    "ComponentId": 711,
    "ResName": "OarsBoard_Right1_1",
    "Info": "右划桨",
    "PreRelyId": 0,
    "RelyId": 0,
    "HideBoardId": 10,
    "WithId": 0,
    "Floor": 1,
    "Stage": 1,
    "Progress": 3,
    "Sailing": 1,
    "Sink": 0,
    "NavMapIndex": "4,0",
    "MapType": 1,
    "MapFloor": 1,
    "ComType": 8
  },
  {
    "Id": 82,
    "Type": 1,
    "ComponentId": 712,
    "ResName": "OarsBoard_Right1_2",
    "Info": "右划桨",
    "PreRelyId": 0,
    "RelyId": 0,
    "HideBoardId": 11,
    "WithId": 0,
    "Floor": 1,
    "Stage": 1,
    "Progress": 3,
    "Sailing": 1,
    "Sink": 0,
    "NavMapIndex": "5,0",
    "MapType": 1,
    "MapFloor": 1,
    "ComType": 8
  },
  {
    "Id": 83,
    "Type": 1,
    "ComponentId": 713,
    "ResName": "Lounge1_1",
    "Info": "躺椅",
    "PreRelyId": 0,
    "RelyId": 0,
    "HideBoardId": 0,
    "WithId": 0,
    "Floor": 1,
    "Stage": 1,
    "Progress": 3,
    "Sailing": 1,
    "Sink": 0,
    "NavMapIndex": "7,0",
    "MapType": 1,
    "MapFloor": 1,
    "ComType": 0
  },
  {
    "Id": 84,
    "Type": 1,
    "ComponentId": 714,
    "ResName": "Umbrella1_1",
    "Info": "太阳伞",
    "PreRelyId": 0,
    "RelyId": 0,
    "HideBoardId": 0,
    "WithId": 0,
    "Floor": 1,
    "Stage": 1,
    "Progress": 3,
    "Sailing": 1,
    "Sink": 0,
    "NavMapIndex": "7,1",
    "MapType": 1,
    "MapFloor": 1,
    "ComType": 0
  },
  {
    "Id": 85,
    "Type": 1,
    "ComponentId": 715,
    "ResName": "Lounge1_2",
    "Info": "躺椅",
    "PreRelyId": 0,
    "RelyId": 0,
    "HideBoardId": 0,
    "WithId": 0,
    "Floor": 1,
    "Stage": 1,
    "Progress": 3,
    "Sailing": 1,
    "Sink": 0,
    "NavMapIndex": "7,8",
    "MapType": 1,
    "MapFloor": 1,
    "ComType": 0
  },
  {
    "Id": 86,
    "Type": 1,
    "ComponentId": 716,
    "ResName": "Umbrella1_2",
    "Info": "太阳伞",
    "PreRelyId": 0,
    "RelyId": 0,
    "HideBoardId": 0,
    "WithId": 0,
    "Floor": 1,
    "Stage": 1,
    "Progress": 3,
    "Sailing": 1,
    "Sink": 0,
    "NavMapIndex": "7,7",
    "MapType": 1,
    "MapFloor": 1,
    "ComType": 0
  },
  {
    "Id": 87,
    "Type": 1,
    "ComponentId": 717,
    "ResName": "Lv1RainContainer1_1",
    "Info": "小水槽",
    "PreRelyId": 0,
    "RelyId": 0,
    "HideBoardId": 0,
    "WithId": 0,
    "Floor": 1,
    "Stage": 1,
    "Progress": 3,
    "Sailing": 1,
    "Sink": 0,
    "NavMapIndex": "9,7",
    "MapType": 1,
    "MapFloor": 1,
    "ComType": 2
  },
  {
    "Id": 88,
    "Type": 1,
    "ComponentId": 718,
    "ResName": "Lv2RainContainer1_1",
    "Info": "大水槽",
    "PreRelyId": 0,
    "RelyId": 0,
    "HideBoardId": 87,
    "WithId": 0,
    "Floor": 1,
    "Stage": 1,
    "Progress": 3,
    "Sailing": 1,
    "Sink": 0,
    "NavMapIndex": "9,7",
    "MapType": 1,
    "MapFloor": 1,
    "ComType": 2
  },
  {
    "Id": 89,
    "Type": 1,
    "ComponentId": 719,
    "ResName": "Lv1RainContainer1_2",
    "Info": "小水槽",
    "PreRelyId": 0,
    "RelyId": 0,
    "HideBoardId": 0,
    "WithId": 0,
    "Floor": 1,
    "Stage": 1,
    "Progress": 3,
    "Sailing": 1,
    "Sink": 0,
    "NavMapIndex": "9,1",
    "MapType": 1,
    "MapFloor": 1,
    "ComType": 2
  },
  {
    "Id": 90,
    "Type": 1,
    "ComponentId": 720,
    "ResName": "Lv2RainContainer1_2",
    "Info": "大水槽",
    "PreRelyId": 0,
    "RelyId": 0,
    "HideBoardId": 89,
    "WithId": 0,
    "Floor": 1,
    "Stage": 1,
    "Progress": 3,
    "Sailing": 1,
    "Sink": 0,
    "NavMapIndex": "9,1",
    "MapType": 1,
    "MapFloor": 1,
    "ComType": 2
  },
  {
    "Id": 91,
    "Type": 1,
    "ComponentId": 721,
    "ResName": "Anchor1_1",
    "Info": "船锚",
    "PreRelyId": 0,
    "RelyId": 0,
    "HideBoardId": 43,
    "WithId": 0,
    "Floor": 1,
    "Stage": 1,
    "Progress": 3,
    "Sailing": 1,
    "Sink": 0,
    "NavMapIndex": "10,8",
    "MapType": 1,
    "MapFloor": 1,
    "ComType": 3
  },
  {
    "Id": 92,
    "Type": 1,
    "ComponentId": 722,
    "ResName": "S7Chair1_1",
    "Info": "椅子",
    "PreRelyId": 0,
    "RelyId": 0,
    "HideBoardId": 0,
    "WithId": 0,
    "Floor": 1,
    "Stage": 1,
    "Progress": 3,
    "Sailing": 1,
    "Sink": 0,
    "NavMapIndex": "6,4",
    "MapType": 1,
    "MapFloor": 1,
    "ComType": 0
  },
  {
    "Id": 93,
    "Type": 1,
    "ComponentId": 723,
    "ResName": "S7Chair1_2",
    "Info": "椅子",
    "PreRelyId": 0,
    "RelyId": 0,
    "HideBoardId": 0,
    "WithId": 0,
    "Floor": 1,
    "Stage": 1,
    "Progress": 3,
    "Sailing": 1,
    "Sink": 0,
    "NavMapIndex": "8,4",
    "MapType": 1,
    "MapFloor": 1,
    "ComType": 0
  },
  {
    "Id": 94,
    "Type": 1,
    "ComponentId": 724,
    "ResName": "S7Chair1_3",
    "Info": "椅子",
    "PreRelyId": 0,
    "RelyId": 0,
    "HideBoardId": 0,
    "WithId": 0,
    "Floor": 1,
    "Stage": 1,
    "Progress": 3,
    "Sailing": 1,
    "Sink": 0,
    "NavMapIndex": "7,5",
    "MapType": 1,
    "MapFloor": 1,
    "ComType": 0
  },
  {
    "Id": 95,
    "Type": 1,
    "ComponentId": 725,
    "ResName": "S7Chair1_4",
    "Info": "椅子",
    "PreRelyId": 0,
    "RelyId": 0,
    "HideBoardId": 0,
    "WithId": 0,
    "Floor": 1,
    "Stage": 1,
    "Progress": 3,
    "Sailing": 1,
    "Sink": 0,
    "NavMapIndex": "7,4",
    "MapType": 1,
    "MapFloor": 1,
    "ComType": 0
  },
  {
    "Id": 96,
    "Type": 1,
    "ComponentId": 726,
    "ResName": "S7Table1_1",
    "Info": "桌子",
    "PreRelyId": 0,
    "RelyId": 0,
    "HideBoardId": 0,
    "WithId": 0,
    "Floor": 1,
    "Stage": 1,
    "Progress": 3,
    "Sailing": 1,
    "Sink": 0,
    "NavMapIndex": "7,3",
    "MapType": 1,
    "MapFloor": 1,
    "ComType": 0
  },
  {
    "Id": 97,
    "Type": 1,
    "ComponentId": 727,
    "ResName": "Lv1Rubber1_1",
    "Info": "船尾",
    "PreRelyId": 0,
    "RelyId": 0,
    "HideBoardId": 45,
    "WithId": 0,
    "Floor": 1,
    "Stage": 1,
    "Progress": 3,
    "Sailing": 1,
    "Sink": 0,
    "NavMapIndex": "11,6",
    "MapType": 1,
    "MapFloor": 1,
    "ComType": 0
  },
  {
    "Id": 98,
    "Type": 1,
    "ComponentId": 728,
    "ResName": "Lv2Rubber1_1",
    "Info": "螺旋桨",
    "PreRelyId": 0,
    "RelyId": 0,
    "HideBoardId": 97,
    "WithId": 0,
    "Floor": 1,
    "Stage": 1,
    "Progress": 3,
    "Sailing": 1,
    "Sink": 0,
    "NavMapIndex": "11,6",
    "MapType": 1,
    "MapFloor": 1,
    "ComType": 3
  },
  {
    "Id": 99,
    "Type": 1,
    "ComponentId": 729,
    "ResName": "Lv1Rubber1_2",
    "Info": "船尾",
    "PreRelyId": 0,
    "RelyId": 0,
    "HideBoardId": 50,
    "WithId": 0,
    "Floor": 1,
    "Stage": 1,
    "Progress": 2,
    "Sailing": 1,
    "Sink": 0,
    "NavMapIndex": "11,2",
    "MapType": 1,
    "MapFloor": 1,
    "ComType": 0
  },
  {
    "Id": 100,
    "Type": 1,
    "ComponentId": 730,
    "ResName": "Lv2Rubber1_2",
    "Info": "螺旋桨",
    "PreRelyId": 0,
    "RelyId": 0,
    "HideBoardId": 99,
    "WithId": 0,
    "Floor": 1,
    "Stage": 1,
    "Progress": 2,
    "Sailing": 1,
    "Sink": 0,
    "NavMapIndex": "11,2",
    "MapType": 1,
    "MapFloor": 1,
    "ComType": 3
  },
  {
    "Id": 101,
    "Type": 1,
    "ComponentId": 731,
    "ResName": "Ladder1_1",
    "Info": "1楼梯子",
    "PreRelyId": 0,
    "RelyId": 0,
    "HideBoardId": 0,
    "WithId": 0,
    "Floor": 1,
    "Stage": 1,
    "Progress": 2,
    "Sailing": 1,
    "Sink": 0,
    "NavMapIndex": "10,4",
    "MapType": 1,
    "MapFloor": 1,
    "ComType": 5
  },
  {
    "Id": 102,
    "Type": 1,
    "ComponentId": 732,
    "ResName": "Anchor1_2",
    "Info": "船锚",
    "PreRelyId": 0,
    "RelyId": 0,
    "HideBoardId": 52,
    "WithId": 0,
    "Floor": 1,
    "Stage": 1,
    "Progress": 2,
    "Sailing": 1,
    "Sink": 0,
    "NavMapIndex": "10,0",
    "MapType": 1,
    "MapFloor": 1,
    "ComType": 3
  },
  {
    "Id": 103,
    "Type": 1,
    "ComponentId": 733,
    "ResName": "S7MeatRack1_1",
    "Info": "架子",
    "PreRelyId": 0,
    "RelyId": 0,
    "HideBoardId": 0,
    "WithId": 0,
    "Floor": 1,
    "Stage": 1,
    "Progress": 3,
    "Sailing": 1,
    "Sink": 0,
    "NavMapIndex": "9,2",
    "MapType": 1,
    "MapFloor": 1,
    "ComType": 0
  },
  {
    "Id": 104,
    "Type": 1,
    "ComponentId": 734,
    "ResName": "S7HoneyBox1_1",
    "Info": "小木屋",
    "PreRelyId": 0,
    "RelyId": 0,
    "HideBoardId": 0,
    "WithId": 0,
    "Floor": 1,
    "Stage": 1,
    "Progress": 2,
    "Sailing": 1,
    "Sink": 0,
    "NavMapIndex": "9,6",
    "MapType": 1,
    "MapFloor": 1,
    "ComType": 0
  },
  {
    "Id": 105,
    "Type": 1,
    "ComponentId": 735,
    "ResName": "Net1_1",
    "Info": "渔网",
    "PreRelyId": 0,
    "RelyId": 0,
    "HideBoardId": 67,
    "WithId": 0,
    "Floor": 1,
    "Stage": 1,
    "Progress": 2,
    "Sailing": 1,
    "Sink": 0,
    "NavMapIndex": "0,2",
    "MapType": 1,
    "MapFloor": 1,
    "ComType": 2
  },
  {
    "Id": 106,
    "Type": 1,
    "ComponentId": 736,
    "ResName": "Net1_2",
    "Info": "渔网",
    "PreRelyId": 0,
    "RelyId": 0,
    "HideBoardId": 71,
    "WithId": 0,
    "Floor": 1,
    "Stage": 1,
    "Progress": 2,
    "Sailing": 1,
    "Sink": 0,
    "NavMapIndex": "0,6",
    "MapType": 1,
    "MapFloor": 1,
    "ComType": 2
  },
  {
    "Id": 107,
    "Type": 1,
    "ComponentId": 701,
    "ResName": "Board2_1",
    "Info": "船板2/71",
    "PreRelyId": 0,
    "RelyId": 108,
    "HideBoardId": 0,
    "WithId": 0,
    "Floor": 2,
    "Stage": 1,
    "Progress": 0,
    "Sailing": 1,
    "Sink": 0,
    "NavMapIndex": "4,3",
    "MapType": 1,
    "MapFloor": 2,
    "ComType": 1
  },
  {
    "Id": 108,
    "Type": 1,
    "ComponentId": 701,
    "ResName": "Board2_2",
    "Info": "船板2/72",
    "PreRelyId": 0,
    "RelyId": "109,105",
    "HideBoardId": 0,
    "WithId": 0,
    "Floor": 2,
    "Stage": 1,
    "Progress": 0,
    "Sailing": 1,
    "Sink": 0,
    "NavMapIndex": "4,4",
    "MapType": 1,
    "MapFloor": 2,
    "ComType": 1
  },
  {
    "Id": 109,
    "Type": 1,
    "ComponentId": 701,
    "ResName": "Board2_3",
    "Info": "船板2/73",
    "PreRelyId": 0,
    "RelyId": "110,106",
    "HideBoardId": 0,
    "WithId": 0,
    "Floor": 2,
    "Stage": 1,
    "Progress": 0,
    "Sailing": 1,
    "Sink": 0,
    "NavMapIndex": "4,2",
    "MapType": 1,
    "MapFloor": 2,
    "ComType": 1
  },
  {
    "Id": 110,
    "Type": 1,
    "ComponentId": 701,
    "ResName": "Board2_4",
    "Info": "船板2/74",
    "PreRelyId": 0,
    "RelyId": 111,
    "HideBoardId": 0,
    "WithId": 0,
    "Floor": 2,
    "Stage": 1,
    "Progress": 0,
    "Sailing": 1,
    "Sink": 0,
    "NavMapIndex": "5,4",
    "MapType": 1,
    "MapFloor": 2,
    "ComType": 1
  },
  {
    "Id": 111,
    "Type": 1,
    "ComponentId": 701,
    "ResName": "Board2_5",
    "Info": "船板2/75",
    "PreRelyId": 106,
    "RelyId": 112,
    "HideBoardId": 0,
    "WithId": 0,
    "Floor": 2,
    "Stage": 1,
    "Progress": 0,
    "Sailing": 1,
    "Sink": 0,
    "NavMapIndex": "6,4",
    "MapType": 1,
    "MapFloor": 2,
    "ComType": 1
  },
  {
    "Id": 112,
    "Type": 1,
    "ComponentId": 701,
    "ResName": "Board2_6",
    "Info": "船板2/76",
    "PreRelyId": 0,
    "RelyId": "113,79,80",
    "HideBoardId": 0,
    "WithId": 0,
    "Floor": 2,
    "Stage": 1,
    "Progress": 0,
    "Sailing": 1,
    "Sink": 0,
    "NavMapIndex": "6,3",
    "MapType": 1,
    "MapFloor": 2,
    "ComType": 1
  },
  {
    "Id": 113,
    "Type": 1,
    "ComponentId": 701,
    "ResName": "Board2_7",
    "Info": "船板2/77",
    "PreRelyId": 0,
    "RelyId": 114,
    "HideBoardId": 0,
    "WithId": 0,
    "Floor": 2,
    "Stage": 1,
    "Progress": 0,
    "Sailing": 1,
    "Sink": 0,
    "NavMapIndex": "6,2",
    "MapType": 1,
    "MapFloor": 2,
    "ComType": 1
  },
  {
    "Id": 114,
    "Type": 1,
    "ComponentId": 701,
    "ResName": "Board2_8",
    "Info": "船板2/78",
    "PreRelyId": 0,
    "RelyId": 115,
    "HideBoardId": 0,
    "WithId": 0,
    "Floor": 2,
    "Stage": 1,
    "Progress": 0,
    "Sailing": 1,
    "Sink": 0,
    "NavMapIndex": "5,2",
    "MapType": 1,
    "MapFloor": 2,
    "ComType": 1
  },
  {
    "Id": 115,
    "Type": 1,
    "ComponentId": 701,
    "ResName": "Board2_9",
    "Info": "船板2/79",
    "PreRelyId": 80,
    "RelyId": 116,
    "HideBoardId": 0,
    "WithId": 0,
    "Floor": 2,
    "Stage": 1,
    "Progress": 0,
    "Sailing": 1,
    "Sink": 0,
    "NavMapIndex": "4,5",
    "MapType": 1,
    "MapFloor": 2,
    "ComType": 1
  },
  {
    "Id": 116,
    "Type": 1,
    "ComponentId": 701,
    "ResName": "Board2_10",
    "Info": "船板2/80",
    "PreRelyId": 0,
    "RelyId": "117,81,82",
    "HideBoardId": 0,
    "WithId": 0,
    "Floor": 2,
    "Stage": 1,
    "Progress": 0,
    "Sailing": 1,
    "Sink": 0,
    "NavMapIndex": "4,1",
    "MapType": 1,
    "MapFloor": 2,
    "ComType": 1
  },
  {
    "Id": 117,
    "Type": 1,
    "ComponentId": 701,
    "ResName": "Board2_11",
    "Info": "船板2/81",
    "PreRelyId": 0,
    "RelyId": 118,
    "HideBoardId": 0,
    "WithId": 0,
    "Floor": 2,
    "Stage": 1,
    "Progress": 0,
    "Sailing": 1,
    "Sink": 0,
    "NavMapIndex": "3,1",
    "MapType": 1,
    "MapFloor": 2,
    "ComType": 1
  },
  {
    "Id": 118,
    "Type": 1,
    "ComponentId": 701,
    "ResName": "Board2_12",
    "Info": "船板2/82",
    "PreRelyId": 0,
    "RelyId": 119,
    "HideBoardId": 0,
    "WithId": 0,
    "Floor": 2,
    "Stage": 1,
    "Progress": 0,
    "Sailing": 1,
    "Sink": 0,
    "NavMapIndex": "2,1",
    "MapType": 1,
    "MapFloor": 2,
    "ComType": 1
  },
  {
    "Id": 119,
    "Type": 1,
    "ComponentId": 701,
    "ResName": "Board2_13",
    "Info": "船板2/83",
    "PreRelyId": 82,
    "RelyId": 120,
    "HideBoardId": 0,
    "WithId": 0,
    "Floor": 2,
    "Stage": 1,
    "Progress": 0,
    "Sailing": 1,
    "Sink": 0,
    "NavMapIndex": "2,2",
    "MapType": 1,
    "MapFloor": 2,
    "ComType": 1
  },
  {
    "Id": 120,
    "Type": 1,
    "ComponentId": 701,
    "ResName": "Board2_14",
    "Info": "船板2/84",
    "PreRelyId": 0,
    "RelyId": "121,153,156",
    "HideBoardId": 0,
    "WithId": 0,
    "Floor": 2,
    "Stage": 1,
    "Progress": 0,
    "Sailing": 1,
    "Sink": 0,
    "NavMapIndex": "3,2",
    "MapType": 1,
    "MapFloor": 2,
    "ComType": 1
  },
  {
    "Id": 121,
    "Type": 1,
    "ComponentId": 701,
    "ResName": "Board2_15",
    "Info": "船板2/85",
    "PreRelyId": 156,
    "RelyId": 122,
    "HideBoardId": 0,
    "WithId": 0,
    "Floor": 2,
    "Stage": 1,
    "Progress": 0,
    "Sailing": 1,
    "Sink": 0,
    "NavMapIndex": "3,3",
    "MapType": 1,
    "MapFloor": 2,
    "ComType": 1
  },
  {
    "Id": 122,
    "Type": 1,
    "ComponentId": 701,
    "ResName": "Board2_16",
    "Info": "船板2/86",
    "PreRelyId": 0,
    "RelyId": 123,
    "HideBoardId": 0,
    "WithId": 0,
    "Floor": 2,
    "Stage": 1,
    "Progress": 0,
    "Sailing": 1,
    "Sink": 0,
    "NavMapIndex": "2,3",
    "MapType": 1,
    "MapFloor": 2,
    "ComType": 1
  },
  {
    "Id": 123,
    "Type": 1,
    "ComponentId": 701,
    "ResName": "Board2_17",
    "Info": "船板2/87",
    "PreRelyId": 0,
    "RelyId": 124,
    "HideBoardId": 0,
    "WithId": 0,
    "Floor": 2,
    "Stage": 1,
    "Progress": 0,
    "Sailing": 1,
    "Sink": 0,
    "NavMapIndex": "2,4",
    "MapType": 1,
    "MapFloor": 2,
    "ComType": 1
  },
  {
    "Id": 124,
    "Type": 1,
    "ComponentId": 701,
    "ResName": "Board2_18",
    "Info": "船板2/88",
    "PreRelyId": 0,
    "RelyId": 125,
    "HideBoardId": 0,
    "WithId": 0,
    "Floor": 2,
    "Stage": 1,
    "Progress": 0,
    "Sailing": 1,
    "Sink": 0,
    "NavMapIndex": "3,4",
    "MapType": 1,
    "MapFloor": 2,
    "ComType": 1
  },
  {
    "Id": 125,
    "Type": 1,
    "ComponentId": 701,
    "ResName": "Board2_19",
    "Info": "船板2/89",
    "PreRelyId": 0,
    "RelyId": 126,
    "HideBoardId": 0,
    "WithId": 0,
    "Floor": 2,
    "Stage": 1,
    "Progress": 0,
    "Sailing": 1,
    "Sink": 0,
    "NavMapIndex": "3,5",
    "MapType": 1,
    "MapFloor": 2,
    "ComType": 1
  },
  {
    "Id": 126,
    "Type": 1,
    "ComponentId": 701,
    "ResName": "Board2_20",
    "Info": "船板2/90",
    "PreRelyId": 0,
    "RelyId": 127,
    "HideBoardId": 0,
    "WithId": 0,
    "Floor": 2,
    "Stage": 1,
    "Progress": 0,
    "Sailing": 1,
    "Sink": 0,
    "NavMapIndex": "2,5",
    "MapType": 1,
    "MapFloor": 2,
    "ComType": 1
  },
  {
    "Id": 127,
    "Type": 1,
    "ComponentId": 701,
    "ResName": "Board2_21",
    "Info": "船板2/91",
    "PreRelyId": 0,
    "RelyId": 128,
    "HideBoardId": 0,
    "WithId": 0,
    "Floor": 2,
    "Stage": 2,
    "Progress": 0,
    "Sailing": 2,
    "Sink": 0,
    "NavMapIndex": "3,0",
    "MapType": 1,
    "MapFloor": 2,
    "ComType": 1
  },
  {
    "Id": 128,
    "Type": 1,
    "ComponentId": 701,
    "ResName": "Board2_22",
    "Info": "船板2/92",
    "PreRelyId": 0,
    "RelyId": 129,
    "HideBoardId": 0,
    "WithId": 0,
    "Floor": 2,
    "Stage": 2,
    "Progress": 0,
    "Sailing": 2,
    "Sink": 0,
    "NavMapIndex": "1,4",
    "MapType": 1,
    "MapFloor": 2,
    "ComType": 1
  },
  {
    "Id": 129,
    "Type": 1,
    "ComponentId": 701,
    "ResName": "Board2_23",
    "Info": "船板2/93",
    "PreRelyId": 0,
    "RelyId": "130,166",
    "HideBoardId": 0,
    "WithId": 0,
    "Floor": 2,
    "Stage": 2,
    "Progress": 0,
    "Sailing": 2,
    "Sink": 0,
    "NavMapIndex": "0,4",
    "MapType": 1,
    "MapFloor": 2,
    "ComType": 1
  },
  {
    "Id": 130,
    "Type": 1,
    "ComponentId": 701,
    "ResName": "Board2_24",
    "Info": "船板2/94",
    "PreRelyId": 0,
    "RelyId": 131,
    "HideBoardId": 0,
    "WithId": 0,
    "Floor": 2,
    "Stage": 2,
    "Progress": 0,
    "Sailing": 2,
    "Sink": 0,
    "NavMapIndex": "0,5",
    "MapType": 1,
    "MapFloor": 2,
    "ComType": 1
  },
  {
    "Id": 131,
    "Type": 1,
    "ComponentId": 701,
    "ResName": "Board2_25",
    "Info": "船板2/95",
    "PreRelyId": 166,
    "RelyId": 132,
    "HideBoardId": 0,
    "WithId": 0,
    "Floor": 2,
    "Stage": 2,
    "Progress": 0,
    "Sailing": 2,
    "Sink": 0,
    "NavMapIndex": "0,6",
    "MapType": 1,
    "MapFloor": 2,
    "ComType": 1
  },
  {
    "Id": 132,
    "Type": 1,
    "ComponentId": 701,
    "ResName": "Board2_26",
    "Info": "船板2/96",
    "PreRelyId": 0,
    "RelyId": "133,161",
    "HideBoardId": 0,
    "WithId": 0,
    "Floor": 2,
    "Stage": 2,
    "Progress": 0,
    "Sailing": 2,
    "Sink": 0,
    "NavMapIndex": "1,3",
    "MapType": 1,
    "MapFloor": 2,
    "ComType": 1
  },
  {
    "Id": 133,
    "Type": 1,
    "ComponentId": 701,
    "ResName": "Board2_27",
    "Info": "船板2/97",
    "PreRelyId": 0,
    "RelyId": 134,
    "HideBoardId": 0,
    "WithId": 0,
    "Floor": 2,
    "Stage": 2,
    "Progress": 0,
    "Sailing": 2,
    "Sink": 0,
    "NavMapIndex": "0,3",
    "MapType": 1,
    "MapFloor": 2,
    "ComType": 1
  },
  {
    "Id": 134,
    "Type": 1,
    "ComponentId": 701,
    "ResName": "Board2_28",
    "Info": "船板2/98",
    "PreRelyId": 0,
    "RelyId": "135,163",
    "HideBoardId": 0,
    "WithId": 0,
    "Floor": 2,
    "Stage": 2,
    "Progress": 0,
    "Sailing": 2,
    "Sink": 0,
    "NavMapIndex": "1,2",
    "MapType": 1,
    "MapFloor": 2,
    "ComType": 1
  },
  {
    "Id": 135,
    "Type": 1,
    "ComponentId": 701,
    "ResName": "Board2_29",
    "Info": "船板2/99",
    "PreRelyId": 0,
    "RelyId": 136,
    "HideBoardId": 0,
    "WithId": 0,
    "Floor": 2,
    "Stage": 2,
    "Progress": 0,
    "Sailing": 2,
    "Sink": 0,
    "NavMapIndex": "0,2",
    "MapType": 1,
    "MapFloor": 2,
    "ComType": 1
  },
  {
    "Id": 136,
    "Type": 1,
    "ComponentId": 701,
    "ResName": "Board2_30",
    "Info": "船板2/100",
    "PreRelyId": 0,
    "RelyId": "137,167",
    "HideBoardId": 0,
    "WithId": 0,
    "Floor": 2,
    "Stage": 2,
    "Progress": 0,
    "Sailing": 2,
    "Sink": 0,
    "NavMapIndex": "0,1",
    "MapType": 1,
    "MapFloor": 2,
    "ComType": 1
  },
  {
    "Id": 137,
    "Type": 1,
    "ComponentId": 701,
    "ResName": "Board2_31",
    "Info": "船板2/101",
    "PreRelyId": 167,
    "RelyId": 138,
    "HideBoardId": 0,
    "WithId": 0,
    "Floor": 2,
    "Stage": 2,
    "Progress": 0,
    "Sailing": 2,
    "Sink": 0,
    "NavMapIndex": "0,0",
    "MapType": 1,
    "MapFloor": 2,
    "ComType": 1
  },
  {
    "Id": 138,
    "Type": 1,
    "ComponentId": 701,
    "ResName": "Board2_32",
    "Info": "船板2/102",
    "PreRelyId": 0,
    "RelyId": "139,159",
    "HideBoardId": 0,
    "WithId": 0,
    "Floor": 2,
    "Stage": 2,
    "Progress": 0,
    "Sailing": 2,
    "Sink": 0,
    "NavMapIndex": "1,6",
    "MapType": 1,
    "MapFloor": 2,
    "ComType": 1
  },
  {
    "Id": 139,
    "Type": 1,
    "ComponentId": 701,
    "ResName": "Board2_33",
    "Info": "船板2/103",
    "PreRelyId": 0,
    "RelyId": 140,
    "HideBoardId": 0,
    "WithId": 0,
    "Floor": 2,
    "Stage": 2,
    "Progress": 0,
    "Sailing": 2,
    "Sink": 0,
    "NavMapIndex": "2,6",
    "MapType": 1,
    "MapFloor": 2,
    "ComType": 1
  },
  {
    "Id": 140,
    "Type": 1,
    "ComponentId": 701,
    "ResName": "Board2_34",
    "Info": "船板2/104",
    "PreRelyId": 159,
    "RelyId": 141,
    "HideBoardId": 0,
    "WithId": 0,
    "Floor": 2,
    "Stage": 2,
    "Progress": 0,
    "Sailing": 2,
    "Sink": 0,
    "NavMapIndex": "3,6",
    "MapType": 1,
    "MapFloor": 2,
    "ComType": 1
  },
  {
    "Id": 141,
    "Type": 1,
    "ComponentId": 701,
    "ResName": "Board2_35",
    "Info": "船板2/105",
    "PreRelyId": 0,
    "RelyId": "142,164",
    "HideBoardId": 0,
    "WithId": 0,
    "Floor": 2,
    "Stage": 2,
    "Progress": 0,
    "Sailing": 2,
    "Sink": 0,
    "NavMapIndex": "4,6",
    "MapType": 1,
    "MapFloor": 2,
    "ComType": 1
  },
  {
    "Id": 142,
    "Type": 1,
    "ComponentId": 701,
    "ResName": "Board2_36",
    "Info": "船板2/106",
    "PreRelyId": 0,
    "RelyId": 143,
    "HideBoardId": 0,
    "WithId": 0,
    "Floor": 2,
    "Stage": 2,
    "Progress": 0,
    "Sailing": 2,
    "Sink": 0,
    "NavMapIndex": "5,6",
    "MapType": 1,
    "MapFloor": 2,
    "ComType": 1
  },
  {
    "Id": 143,
    "Type": 1,
    "ComponentId": 701,
    "ResName": "Board2_37",
    "Info": "船板2/107",
    "PreRelyId": 164,
    "RelyId": 144,
    "HideBoardId": 0,
    "WithId": 0,
    "Floor": 2,
    "Stage": 2,
    "Progress": 0,
    "Sailing": 2,
    "Sink": 0,
    "NavMapIndex": "6,5",
    "MapType": 1,
    "MapFloor": 2,
    "ComType": 1
  },
  {
    "Id": 144,
    "Type": 1,
    "ComponentId": 701,
    "ResName": "Board2_38",
    "Info": "船板2/108",
    "PreRelyId": 0,
    "RelyId": "145,169",
    "HideBoardId": 0,
    "WithId": 0,
    "Floor": 2,
    "Stage": 2,
    "Progress": 0,
    "Sailing": 2,
    "Sink": 0,
    "NavMapIndex": "6,6",
    "MapType": 1,
    "MapFloor": 2,
    "ComType": 1
  },
  {
    "Id": 145,
    "Type": 1,
    "ComponentId": 701,
    "ResName": "Board2_39",
    "Info": "船板2/109",
    "PreRelyId": 0,
    "RelyId": 146,
    "HideBoardId": 0,
    "WithId": 0,
    "Floor": 2,
    "Stage": 2,
    "Progress": 0,
    "Sailing": 2,
    "Sink": 0,
    "NavMapIndex": "2,0",
    "MapType": 1,
    "MapFloor": 2,
    "ComType": 1
  },
  {
    "Id": 146,
    "Type": 1,
    "ComponentId": 701,
    "ResName": "Board2_40",
    "Info": "船板2/110",
    "PreRelyId": 0,
    "RelyId": "147,170",
    "HideBoardId": 0,
    "WithId": 0,
    "Floor": 2,
    "Stage": 2,
    "Progress": 0,
    "Sailing": 2,
    "Sink": 0,
    "NavMapIndex": "1,1",
    "MapType": 1,
    "MapFloor": 2,
    "ComType": 1
  },
  {
    "Id": 147,
    "Type": 1,
    "ComponentId": 701,
    "ResName": "Board2_41",
    "Info": "船板2/111",
    "PreRelyId": 170,
    "RelyId": 148,
    "HideBoardId": 0,
    "WithId": 0,
    "Floor": 2,
    "Stage": 2,
    "Progress": 0,
    "Sailing": 2,
    "Sink": 0,
    "NavMapIndex": "4,0",
    "MapType": 1,
    "MapFloor": 2,
    "ComType": 1
  },
  {
    "Id": 148,
    "Type": 1,
    "ComponentId": 701,
    "ResName": "Board2_42",
    "Info": "船板2/112",
    "PreRelyId": 0,
    "RelyId": "149,160",
    "HideBoardId": 0,
    "WithId": 0,
    "Floor": 2,
    "Stage": 2,
    "Progress": 0,
    "Sailing": 2,
    "Sink": 0,
    "NavMapIndex": "5,0",
    "MapType": 1,
    "MapFloor": 2,
    "ComType": 1
  },
  {
    "Id": 149,
    "Type": 1,
    "ComponentId": 701,
    "ResName": "Board2_43",
    "Info": "船板2/113",
    "PreRelyId": 0,
    "RelyId": "150,162,168",
    "HideBoardId": 0,
    "WithId": 0,
    "Floor": 2,
    "Stage": 2,
    "Progress": 0,
    "Sailing": 2,
    "Sink": 0,
    "NavMapIndex": "6,0",
    "MapType": 1,
    "MapFloor": 2,
    "ComType": 1
  },
  {
    "Id": 150,
    "Type": 1,
    "ComponentId": 701,
    "ResName": "Board2_44",
    "Info": "船板2/114",
    "PreRelyId": 162,
    "RelyId": 151,
    "HideBoardId": 0,
    "WithId": 0,
    "Floor": 2,
    "Stage": 2,
    "Progress": 0,
    "Sailing": 2,
    "Sink": 0,
    "NavMapIndex": "6,1",
    "MapType": 1,
    "MapFloor": 2,
    "ComType": 1
  },
  {
    "Id": 151,
    "Type": 1,
    "ComponentId": 701,
    "ResName": "Board2_45",
    "Info": "船板2/115",
    "PreRelyId": 0,
    "RelyId": "152,165,170",
    "HideBoardId": 0,
    "WithId": 0,
    "Floor": 2,
    "Stage": 2,
    "Progress": 0,
    "Sailing": 2,
    "Sink": 0,
    "NavMapIndex": "1,0",
    "MapType": 1,
    "MapFloor": 2,
    "ComType": 1
  },
  {
    "Id": 152,
    "Type": 1,
    "ComponentId": 701,
    "ResName": "Board2_46",
    "Info": "船板2/116",
    "PreRelyId": 170,
    "RelyId": 171,
    "HideBoardId": 0,
    "WithId": 0,
    "Floor": 2,
    "Stage": 2,
    "Progress": 0,
    "Sailing": 2,
    "Sink": 0,
    "NavMapIndex": "1,5",
    "MapType": 1,
    "MapFloor": 2,
    "ComType": 1
  },
  {
    "Id": 153,
    "Type": 1,
    "ComponentId": 737,
    "ResName": "BerryPot2_1",
    "Info": "西红柿种子",
    "PreRelyId": 0,
    "RelyId": 0,
    "HideBoardId": 108,
    "WithId": 0,
    "Floor": 2,
    "Stage": 2,
    "Progress": 1,
    "Sailing": 1,
    "Sink": 0,
    "NavMapIndex": "4,4",
    "MapType": 1,
    "MapFloor": 2,
    "ComType": 2
  },
  {
    "Id": 154,
    "Type": 1,
    "ComponentId": 738,
    "ResName": "WatermelonPot2_1",
    "Info": "西红柿果实",
    "PreRelyId": 0,
    "RelyId": 0,
    "HideBoardId": 153,
    "WithId": 0,
    "Floor": 2,
    "Stage": 2,
    "Progress": 4,
    "Sailing": 2,
    "Sink": 0,
    "NavMapIndex": "4,4",
    "MapType": 1,
    "MapFloor": 2,
    "ComType": 2
  },
  {
    "Id": 155,
    "Type": 1,
    "ComponentId": 739,
    "ResName": "TomatoPot2_1",
    "Info": "西红柿树",
    "PreRelyId": 0,
    "RelyId": 0,
    "HideBoardId": 0,
    "WithId": 0,
    "Floor": 2,
    "Stage": 2,
    "Progress": 3,
    "Sailing": 2,
    "Sink": 0,
    "NavMapIndex": "4,4",
    "MapType": 1,
    "MapFloor": 2,
    "ComType": 2
  },
  {
    "Id": 156,
    "Type": 1,
    "ComponentId": 740,
    "ResName": "BerryPot2_2",
    "Info": "西红柿种子",
    "PreRelyId": 0,
    "RelyId": 0,
    "HideBoardId": 109,
    "WithId": 0,
    "Floor": 2,
    "Stage": 2,
    "Progress": 1,
    "Sailing": 1,
    "Sink": 0,
    "NavMapIndex": "4,2",
    "MapType": 1,
    "MapFloor": 2,
    "ComType": 2
  },
  {
    "Id": 157,
    "Type": 1,
    "ComponentId": 741,
    "ResName": "WatermelonPot2_2",
    "Info": "西红柿果实",
    "PreRelyId": 0,
    "RelyId": 0,
    "HideBoardId": 156,
    "WithId": 0,
    "Floor": 2,
    "Stage": 2,
    "Progress": 3,
    "Sailing": 2,
    "Sink": 0,
    "NavMapIndex": "4,2",
    "MapType": 1,
    "MapFloor": 2,
    "ComType": 2
  },
  {
    "Id": 158,
    "Type": 1,
    "ComponentId": 742,
    "ResName": "TomatoPot2_2",
    "Info": "西红柿树",
    "PreRelyId": 0,
    "RelyId": 0,
    "HideBoardId": 0,
    "WithId": 0,
    "Floor": 2,
    "Stage": 2,
    "Progress": 3,
    "Sailing": 2,
    "Sink": 0,
    "NavMapIndex": "4,2",
    "MapType": 1,
    "MapFloor": 2,
    "ComType": 2
  },
  {
    "Id": 159,
    "Type": 1,
    "ComponentId": 743,
    "ResName": "Lv1Pressor2_2",
    "Info": "初级火炉",
    "PreRelyId": 0,
    "RelyId": 0,
    "HideBoardId": 0,
    "WithId": 0,
    "Floor": 2,
    "Stage": 2,
    "Progress": 3,
    "Sailing": 2,
    "Sink": 0,
    "NavMapIndex": "1,2",
    "MapType": 1,
    "MapFloor": 2,
    "ComType": 2
  },
  {
    "Id": 160,
    "Type": 1,
    "ComponentId": 744,
    "ResName": "Lv2Pressor2_2",
    "Info": "高级火炉",
    "PreRelyId": 0,
    "RelyId": 0,
    "HideBoardId": 159,
    "WithId": 0,
    "Floor": 2,
    "Stage": 2,
    "Progress": 3,
    "Sailing": 2,
    "Sink": 0,
    "NavMapIndex": "1,2",
    "MapType": 1,
    "MapFloor": 2,
    "ComType": 2
  },
  {
    "Id": 161,
    "Type": 1,
    "ComponentId": 745,
    "ResName": "Lv1Pressor2_1",
    "Info": "初级火炉",
    "PreRelyId": 0,
    "RelyId": 0,
    "HideBoardId": 0,
    "WithId": 0,
    "Floor": 2,
    "Stage": 2,
    "Progress": 3,
    "Sailing": 2,
    "Sink": 0,
    "NavMapIndex": "1,4",
    "MapType": 1,
    "MapFloor": 2,
    "ComType": 2
  },
  {
    "Id": 162,
    "Type": 1,
    "ComponentId": 746,
    "ResName": "Lv2Pressor2_1",
    "Info": "高级火炉",
    "PreRelyId": 0,
    "RelyId": 0,
    "HideBoardId": 161,
    "WithId": 0,
    "Floor": 2,
    "Stage": 2,
    "Progress": 3,
    "Sailing": 2,
    "Sink": 0,
    "NavMapIndex": "1,4",
    "MapType": 1,
    "MapFloor": 2,
    "ComType": 2
  },
  {
    "Id": 163,
    "Type": 1,
    "ComponentId": 747,
    "ResName": "Torch2_1",
    "Info": "火炬",
    "PreRelyId": 0,
    "RelyId": 0,
    "HideBoardId": 0,
    "WithId": 0,
    "Floor": 2,
    "Stage": 2,
    "Progress": 3,
    "Sailing": 2,
    "Sink": 0,
    "NavMapIndex": "0,6",
    "MapType": 1,
    "MapFloor": 2,
    "ComType": 0
  },
  {
    "Id": 164,
    "Type": 1,
    "ComponentId": 748,
    "ResName": "Torch2_2",
    "Info": "火炬",
    "PreRelyId": 0,
    "RelyId": 0,
    "HideBoardId": 0,
    "WithId": 0,
    "Floor": 2,
    "Stage": 2,
    "Progress": 3,
    "Sailing": 2,
    "Sink": 0,
    "NavMapIndex": "0,0",
    "MapType": 1,
    "MapFloor": 2,
    "ComType": 0
  },
  {
    "Id": 165,
    "Type": 1,
    "ComponentId": 749,
    "ResName": "Torch2_3",
    "Info": "火炬",
    "PreRelyId": 0,
    "RelyId": 0,
    "HideBoardId": 0,
    "WithId": 0,
    "Floor": 2,
    "Stage": 2,
    "Progress": 3,
    "Sailing": 2,
    "Sink": 0,
    "NavMapIndex": "6,0",
    "MapType": 1,
    "MapFloor": 2,
    "ComType": 0
  },
  {
    "Id": 166,
    "Type": 1,
    "ComponentId": 750,
    "ResName": "Barbecue2_1",
    "Info": "烤肉架",
    "PreRelyId": 0,
    "RelyId": 0,
    "HideBoardId": 127,
    "WithId": 0,
    "Floor": 2,
    "Stage": 2,
    "Progress": 3,
    "Sailing": 2,
    "Sink": 0,
    "NavMapIndex": "3,0",
    "MapType": 1,
    "MapFloor": 2,
    "ComType": 2
  },
  {
    "Id": 167,
    "Type": 1,
    "ComponentId": 751,
    "ResName": "Lv1Mine2_1",
    "Info": "假山",
    "PreRelyId": 0,
    "RelyId": 0,
    "HideBoardId": 0,
    "WithId": 0,
    "Floor": 2,
    "Stage": 2,
    "Progress": 3,
    "Sailing": 2,
    "Sink": 0,
    "NavMapIndex": "1,3",
    "MapType": 1,
    "MapFloor": 2,
    "ComType": 0
  },
  {
    "Id": 168,
    "Type": 1,
    "ComponentId": 752,
    "ResName": "CaptainRoom2_1",
    "Info": "大型休息室",
    "PreRelyId": 0,
    "RelyId": 0,
    "HideBoardId": 0,
    "WithId": 0,
    "Floor": 2,
    "Stage": 2,
    "Progress": 3,
    "Sailing": 2,
    "Sink": 0,
    "NavMapIndex": "6,4",
    "MapType": 1,
    "MapFloor": 2,
    "ComType": 0
  },
  {
    "Id": 169,
    "Type": 1,
    "ComponentId": 753,
    "ResName": "Lv1Barbecue2_1",
    "Info": "火炉",
    "PreRelyId": 0,
    "RelyId": 0,
    "HideBoardId": 0,
    "WithId": 0,
    "Floor": 2,
    "Stage": 2,
    "Progress": 3,
    "Sailing": 2,
    "Sink": 0,
    "NavMapIndex": "3,5",
    "MapType": 1,
    "MapFloor": 2,
    "ComType": 0
  },
  {
    "Id": 170,
    "Type": 1,
    "ComponentId": 754,
    "ResName": "Ladder2_1",
    "Info": "2楼梯子",
    "PreRelyId": 0,
    "RelyId": 0,
    "HideBoardId": 0,
    "WithId": 0,
    "Floor": 2,
    "Stage": 2,
    "Progress": 3,
    "Sailing": 2,
    "Sink": 0,
    "NavMapIndex": "3,3",
    "MapType": 1,
    "MapFloor": 2,
    "ComType": 5
  },
  {
    "Id": 171,
    "Type": 1,
    "ComponentId": 701,
    "ResName": "Board3_1",
    "Info": "船板3/117",
    "PreRelyId": 0,
    "RelyId": 172,
    "HideBoardId": 0,
    "WithId": 0,
    "Floor": 3,
    "Stage": 2,
    "Progress": 0,
    "Sailing": 2,
    "Sink": 0,
    "NavMapIndex": "1,3",
    "MapType": 1,
    "MapFloor": 3,
    "ComType": 1
  },
  {
    "Id": 172,
    "Type": 1,
    "ComponentId": 701,
    "ResName": "Board3_2",
    "Info": "船板3/118",
    "PreRelyId": 0,
    "RelyId": "173,154",
    "HideBoardId": 0,
    "WithId": 0,
    "Floor": 3,
    "Stage": 2,
    "Progress": 0,
    "Sailing": 2,
    "Sink": 0,
    "NavMapIndex": "0,3",
    "MapType": 1,
    "MapFloor": 3,
    "ComType": 1
  },
  {
    "Id": 173,
    "Type": 1,
    "ComponentId": 701,
    "ResName": "Board3_3",
    "Info": "船板3/119",
    "PreRelyId": 0,
    "RelyId": "174,157",
    "HideBoardId": 0,
    "WithId": 0,
    "Floor": 3,
    "Stage": 2,
    "Progress": 0,
    "Sailing": 2,
    "Sink": 0,
    "NavMapIndex": "2,4",
    "MapType": 1,
    "MapFloor": 3,
    "ComType": 1
  },
  {
    "Id": 174,
    "Type": 1,
    "ComponentId": 701,
    "ResName": "Board3_4",
    "Info": "船板3/120",
    "PreRelyId": 157,
    "RelyId": 175,
    "HideBoardId": 0,
    "WithId": 0,
    "Floor": 3,
    "Stage": 2,
    "Progress": 0,
    "Sailing": 2,
    "Sink": 0,
    "NavMapIndex": "2,5",
    "MapType": 1,
    "MapFloor": 3,
    "ComType": 1
  },
  {
    "Id": 175,
    "Type": 1,
    "ComponentId": 701,
    "ResName": "Board3_5",
    "Info": "船板3/121",
    "PreRelyId": 0,
    "RelyId": "176,155,211",
    "HideBoardId": 0,
    "WithId": 0,
    "Floor": 3,
    "Stage": 2,
    "Progress": 0,
    "Sailing": 2,
    "Sink": 0,
    "NavMapIndex": "1,5",
    "MapType": 1,
    "MapFloor": 3,
    "ComType": 1
  },
  {
    "Id": 176,
    "Type": 1,
    "ComponentId": 701,
    "ResName": "Board3_6",
    "Info": "船板3/122",
    "PreRelyId": 0,
    "RelyId": "177,158",
    "HideBoardId": 0,
    "WithId": 0,
    "Floor": 3,
    "Stage": 2,
    "Progress": 0,
    "Sailing": 2,
    "Sink": 0,
    "NavMapIndex": "0,5",
    "MapType": 1,
    "MapFloor": 3,
    "ComType": 1
  },
  {
    "Id": 177,
    "Type": 1,
    "ComponentId": 701,
    "ResName": "Board3_7",
    "Info": "船板3/123",
    "PreRelyId": 158,
    "RelyId": 178,
    "HideBoardId": 0,
    "WithId": 0,
    "Floor": 3,
    "Stage": 2,
    "Progress": 0,
    "Sailing": 2,
    "Sink": 0,
    "NavMapIndex": "3,5",
    "MapType": 1,
    "MapFloor": 3,
    "ComType": 1
  },
  {
    "Id": 178,
    "Type": 1,
    "ComponentId": 701,
    "ResName": "Board3_8",
    "Info": "船板3/124",
    "PreRelyId": 0,
    "RelyId": "179,205",
    "HideBoardId": 0,
    "WithId": 0,
    "Floor": 3,
    "Stage": 2,
    "Progress": 0,
    "Sailing": 2,
    "Sink": 0,
    "NavMapIndex": "4,5",
    "MapType": 1,
    "MapFloor": 3,
    "ComType": 1
  },
  {
    "Id": 179,
    "Type": 1,
    "ComponentId": 701,
    "ResName": "Board3_9",
    "Info": "船板3/125",
    "PreRelyId": 0,
    "RelyId": 180,
    "HideBoardId": 0,
    "WithId": 0,
    "Floor": 3,
    "Stage": 2,
    "Progress": 0,
    "Sailing": 2,
    "Sink": 0,
    "NavMapIndex": "5,5",
    "MapType": 1,
    "MapFloor": 3,
    "ComType": 1
  },
  {
    "Id": 180,
    "Type": 1,
    "ComponentId": 701,
    "ResName": "Board3_10",
    "Info": "船板3/126",
    "PreRelyId": 0,
    "RelyId": 181,
    "HideBoardId": 0,
    "WithId": 0,
    "Floor": 3,
    "Stage": 2,
    "Progress": 0,
    "Sailing": 2,
    "Sink": 0,
    "NavMapIndex": "5,6",
    "MapType": 1,
    "MapFloor": 3,
    "ComType": 1
  },
  {
    "Id": 181,
    "Type": 1,
    "ComponentId": 701,
    "ResName": "Board3_11",
    "Info": "船板3/127",
    "PreRelyId": 0,
    "RelyId": 182,
    "HideBoardId": 0,
    "WithId": 0,
    "Floor": 3,
    "Stage": 2,
    "Progress": 0,
    "Sailing": 2,
    "Sink": 0,
    "NavMapIndex": "4,6",
    "MapType": 1,
    "MapFloor": 3,
    "ComType": 1
  },
  {
    "Id": 182,
    "Type": 1,
    "ComponentId": 701,
    "ResName": "Board3_12",
    "Info": "船板3/128",
    "PreRelyId": 205,
    "RelyId": 183,
    "HideBoardId": 0,
    "WithId": 0,
    "Floor": 3,
    "Stage": 2,
    "Progress": 0,
    "Sailing": 2,
    "Sink": 0,
    "NavMapIndex": "3,6",
    "MapType": 1,
    "MapFloor": 3,
    "ComType": 1
  },
  {
    "Id": 183,
    "Type": 1,
    "ComponentId": 701,
    "ResName": "Board3_13",
    "Info": "船板3/129",
    "PreRelyId": 0,
    "RelyId": "184,212,213",
    "HideBoardId": 0,
    "WithId": 0,
    "Floor": 3,
    "Stage": 2,
    "Progress": 0,
    "Sailing": 2,
    "Sink": 0,
    "NavMapIndex": "2,6",
    "MapType": 1,
    "MapFloor": 3,
    "ComType": 1
  },
  {
    "Id": 184,
    "Type": 1,
    "ComponentId": 701,
    "ResName": "Board3_14",
    "Info": "船板3/130",
    "PreRelyId": 0,
    "RelyId": 185,
    "HideBoardId": 0,
    "WithId": 0,
    "Floor": 3,
    "Stage": 2,
    "Progress": 0,
    "Sailing": 2,
    "Sink": 0,
    "NavMapIndex": "1,6",
    "MapType": 1,
    "MapFloor": 3,
    "ComType": 1
  },
  {
    "Id": 185,
    "Type": 1,
    "ComponentId": 701,
    "ResName": "Board3_15",
    "Info": "船板3/131",
    "PreRelyId": 0,
    "RelyId": "186,199",
    "HideBoardId": 0,
    "WithId": 0,
    "Floor": 3,
    "Stage": 2,
    "Progress": 0,
    "Sailing": 2,
    "Sink": 0,
    "NavMapIndex": "0,6",
    "MapType": 1,
    "MapFloor": 3,
    "ComType": 1
  },
  {
    "Id": 186,
    "Type": 1,
    "ComponentId": 701,
    "ResName": "Board3_16",
    "Info": "船板3/132",
    "PreRelyId": 199,
    "RelyId": 187,
    "HideBoardId": 0,
    "WithId": 0,
    "Floor": 3,
    "Stage": 2,
    "Progress": 0,
    "Sailing": 2,
    "Sink": 0,
    "NavMapIndex": "2,2",
    "MapType": 1,
    "MapFloor": 3,
    "ComType": 1
  },
  {
    "Id": 187,
    "Type": 1,
    "ComponentId": 701,
    "ResName": "Board3_17",
    "Info": "船板3/133",
    "PreRelyId": 0,
    "RelyId": "188,206",
    "HideBoardId": 0,
    "WithId": 0,
    "Floor": 3,
    "Stage": 2,
    "Progress": 0,
    "Sailing": 2,
    "Sink": 0,
    "NavMapIndex": "2,1",
    "MapType": 1,
    "MapFloor": 3,
    "ComType": 1
  },
  {
    "Id": 188,
    "Type": 1,
    "ComponentId": 701,
    "ResName": "Board3_18",
    "Info": "船板3/134",
    "PreRelyId": 0,
    "RelyId": 189,
    "HideBoardId": 0,
    "WithId": 0,
    "Floor": 3,
    "Stage": 2,
    "Progress": 0,
    "Sailing": 2,
    "Sink": 0,
    "NavMapIndex": "1,1",
    "MapType": 1,
    "MapFloor": 3,
    "ComType": 1
  },
  {
    "Id": 189,
    "Type": 1,
    "ComponentId": 701,
    "ResName": "Board3_19",
    "Info": "船板3/135",
    "PreRelyId": 0,
    "RelyId": "190,214,215",
    "HideBoardId": 0,
    "WithId": 0,
    "Floor": 3,
    "Stage": 2,
    "Progress": 0,
    "Sailing": 2,
    "Sink": 0,
    "NavMapIndex": "0,1",
    "MapType": 1,
    "MapFloor": 3,
    "ComType": 1
  },
  {
    "Id": 190,
    "Type": 1,
    "ComponentId": 701,
    "ResName": "Board3_20",
    "Info": "船板3/136",
    "PreRelyId": 215,
    "RelyId": 191,
    "HideBoardId": 0,
    "WithId": 0,
    "Floor": 3,
    "Stage": 2,
    "Progress": 0,
    "Sailing": 2,
    "Sink": 0,
    "NavMapIndex": "3,1",
    "MapType": 1,
    "MapFloor": 3,
    "ComType": 1
  },
  {
    "Id": 191,
    "Type": 1,
    "ComponentId": 701,
    "ResName": "Board3_21",
    "Info": "船板3/137",
    "PreRelyId": 0,
    "RelyId": "192,207",
    "HideBoardId": 0,
    "WithId": 0,
    "Floor": 3,
    "Stage": 2,
    "Progress": 0,
    "Sailing": 2,
    "Sink": 0,
    "NavMapIndex": "4,1",
    "MapType": 1,
    "MapFloor": 3,
    "ComType": 1
  },
  {
    "Id": 192,
    "Type": 1,
    "ComponentId": 701,
    "ResName": "Board3_22",
    "Info": "船板3/138",
    "PreRelyId": 0,
    "RelyId": 193,
    "HideBoardId": 0,
    "WithId": 0,
    "Floor": 3,
    "Stage": 2,
    "Progress": 0,
    "Sailing": 2,
    "Sink": 0,
    "NavMapIndex": "5,1",
    "MapType": 1,
    "MapFloor": 3,
    "ComType": 1
  },
  {
    "Id": 193,
    "Type": 1,
    "ComponentId": 701,
    "ResName": "Board3_23",
    "Info": "船板3/139",
    "PreRelyId": 0,
    "RelyId": "194,201,202",
    "HideBoardId": 0,
    "WithId": 0,
    "Floor": 3,
    "Stage": 2,
    "Progress": 0,
    "Sailing": 2,
    "Sink": 0,
    "NavMapIndex": "5,0",
    "MapType": 1,
    "MapFloor": 3,
    "ComType": 1
  },
  {
    "Id": 194,
    "Type": 1,
    "ComponentId": 701,
    "ResName": "Board3_24",
    "Info": "船板3/140",
    "PreRelyId": 0,
    "RelyId": "195,203,204",
    "HideBoardId": 0,
    "WithId": 0,
    "Floor": 3,
    "Stage": 2,
    "Progress": 0,
    "Sailing": 2,
    "Sink": 0,
    "NavMapIndex": "4,0",
    "MapType": 1,
    "MapFloor": 3,
    "ComType": 1
  },
  {
    "Id": 195,
    "Type": 1,
    "ComponentId": 701,
    "ResName": "Board3_25",
    "Info": "船板3/141",
    "PreRelyId": 0,
    "RelyId": 196,
    "HideBoardId": 0,
    "WithId": 0,
    "Floor": 3,
    "Stage": 2,
    "Progress": 0,
    "Sailing": 2,
    "Sink": 0,
    "NavMapIndex": "3,0",
    "MapType": 1,
    "MapFloor": 3,
    "ComType": 1
  },
  {
    "Id": 196,
    "Type": 1,
    "ComponentId": 701,
    "ResName": "Board3_26",
    "Info": "船板3/142",
    "PreRelyId": 207,
    "RelyId": 197,
    "HideBoardId": 0,
    "WithId": 0,
    "Floor": 3,
    "Stage": 2,
    "Progress": 0,
    "Sailing": 2,
    "Sink": 0,
    "NavMapIndex": "2,0",
    "MapType": 1,
    "MapFloor": 3,
    "ComType": 1
  },
  {
    "Id": 197,
    "Type": 1,
    "ComponentId": 701,
    "ResName": "Board3_27",
    "Info": "船板3/143",
    "PreRelyId": 0,
    "RelyId": "198,200",
    "HideBoardId": 0,
    "WithId": 0,
    "Floor": 3,
    "Stage": 2,
    "Progress": 0,
    "Sailing": 2,
    "Sink": 0,
    "NavMapIndex": "1,0",
    "MapType": 1,
    "MapFloor": 3,
    "ComType": 1
  },
  {
    "Id": 198,
    "Type": 1,
    "ComponentId": 701,
    "ResName": "Board3_28",
    "Info": "船板3/144",
    "PreRelyId": 200,
    "RelyId": "209,210",
    "HideBoardId": 0,
    "WithId": 0,
    "Floor": 3,
    "Stage": 2,
    "Progress": 0,
    "Sailing": 2,
    "Sink": 0,
    "NavMapIndex": "0,0",
    "MapType": 1,
    "MapFloor": 3,
    "ComType": 1
  },
  {
    "Id": 199,
    "Type": 1,
    "ComponentId": 755,
    "ResName": "Lv1Sail3_1",
    "Info": "小船帆",
    "PreRelyId": 0,
    "RelyId": 0,
    "HideBoardId": 0,
    "WithId": 0,
    "Floor": 3,
    "Stage": 2,
    "Progress": 3,
    "Sailing": 2,
    "Sink": 0,
    "NavMapIndex": "2,6",
    "MapType": 1,
    "MapFloor": 3,
    "ComType": 3
  },
  {
    "Id": 200,
    "Type": 1,
    "ComponentId": 756,
    "ResName": "Lv1Sail3_2",
    "Info": "小船帆",
    "PreRelyId": 0,
    "RelyId": 208,
    "HideBoardId": 0,
    "WithId": 0,
    "Floor": 3,
    "Stage": 2,
    "Progress": 3,
    "Sailing": 2,
    "Sink": 0,
    "NavMapIndex": "2,0",
    "MapType": 1,
    "MapFloor": 3,
    "ComType": 3
  },
  {
    "Id": 201,
    "Type": 1,
    "ComponentId": 757,
    "ResName": "Lv1Cotton1Pot3_1",
    "Info": "棉花",
    "PreRelyId": 0,
    "RelyId": 0,
    "HideBoardId": 192,
    "WithId": 0,
    "Floor": 3,
    "Stage": 2,
    "Progress": 3,
    "Sailing": 2,
    "Sink": 0,
    "NavMapIndex": "5,1",
    "MapType": 1,
    "MapFloor": 3,
    "ComType": 2
  },
  {
    "Id": 202,
    "Type": 1,
    "ComponentId": 758,
    "ResName": "Lv1Cotton1Pot3_2",
    "Info": "棉花",
    "PreRelyId": 0,
    "RelyId": 0,
    "HideBoardId": 193,
    "WithId": 0,
    "Floor": 3,
    "Stage": 2,
    "Progress": 3,
    "Sailing": 2,
    "Sink": 0,
    "NavMapIndex": "5,0",
    "MapType": 1,
    "MapFloor": 3,
    "ComType": 2
  },
  {
    "Id": 203,
    "Type": 1,
    "ComponentId": 759,
    "ResName": "Lv1Cotton1Pot3_3",
    "Info": "棉花",
    "PreRelyId": 0,
    "RelyId": 0,
    "HideBoardId": 194,
    "WithId": 0,
    "Floor": 3,
    "Stage": 2,
    "Progress": 3,
    "Sailing": 2,
    "Sink": 0,
    "NavMapIndex": "4,0",
    "MapType": 1,
    "MapFloor": 3,
    "ComType": 2
  },
  {
    "Id": 204,
    "Type": 1,
    "ComponentId": 760,
    "ResName": "Lv1Cotton1Pot3_4",
    "Info": "棉花",
    "PreRelyId": 0,
    "RelyId": 0,
    "HideBoardId": 195,
    "WithId": 0,
    "Floor": 3,
    "Stage": 2,
    "Progress": 3,
    "Sailing": 2,
    "Sink": 0,
    "NavMapIndex": "3,0",
    "MapType": 1,
    "MapFloor": 3,
    "ComType": 2
  },
  {
    "Id": 205,
    "Type": 1,
    "ComponentId": 761,
    "ResName": "WatchTower3_1",
    "Info": "望远镜",
    "PreRelyId": 0,
    "RelyId": 0,
    "HideBoardId": 0,
    "WithId": 0,
    "Floor": 3,
    "Stage": 2,
    "Progress": 3,
    "Sailing": 2,
    "Sink": 0,
    "NavMapIndex": "0,5",
    "MapType": 1,
    "MapFloor": 3,
    "ComType": 0
  },
  {
    "Id": 206,
    "Type": 1,
    "ComponentId": 762,
    "ResName": "WatchTower3_2",
    "Info": "望远镜",
    "PreRelyId": 0,
    "RelyId": 0,
    "HideBoardId": 0,
    "WithId": 0,
    "Floor": 3,
    "Stage": 2,
    "Progress": 3,
    "Sailing": 2,
    "Sink": 0,
    "NavMapIndex": "0,6",
    "MapType": 1,
    "MapFloor": 3,
    "ComType": 0
  },
  {
    "Id": 207,
    "Type": 1,
    "ComponentId": 763,
    "ResName": "Campus3_1",
    "Info": "指南针",
    "PreRelyId": 0,
    "RelyId": 0,
    "HideBoardId": 0,
    "WithId": 0,
    "Floor": 3,
    "Stage": 2,
    "Progress": 3,
    "Sailing": 2,
    "Sink": 0,
    "NavMapIndex": "0,1",
    "MapType": 1,
    "MapFloor": 3,
    "ComType": 0
  },
  {
    "Id": 208,
    "Type": 1,
    "ComponentId": 764,
    "ResName": "Campus3_2",
    "Info": "指南针",
    "PreRelyId": 0,
    "RelyId": 0,
    "HideBoardId": 0,
    "WithId": 0,
    "Floor": 3,
    "Stage": 2,
    "Progress": 3,
    "Sailing": 2,
    "Sink": 0,
    "NavMapIndex": "0,0",
    "MapType": 1,
    "MapFloor": 3,
    "ComType": 0
  },
  {
    "Id": 209,
    "Type": 1,
    "ComponentId": 765,
    "ResName": "Lv2Sail3_1",
    "Info": "大船帆",
    "PreRelyId": 0,
    "RelyId": 0,
    "HideBoardId": 199,
    "WithId": 0,
    "Floor": 3,
    "Stage": 2,
    "Progress": 3,
    "Sailing": 2,
    "Sink": 0,
    "NavMapIndex": "2,6",
    "MapType": 1,
    "MapFloor": 3,
    "ComType": 3
  },
  {
    "Id": 210,
    "Type": 1,
    "ComponentId": 766,
    "ResName": "Lv2Sail3_2",
    "Info": "大船帆",
    "PreRelyId": 0,
    "RelyId": 0,
    "HideBoardId": 200,
    "WithId": 0,
    "Floor": 3,
    "Stage": 2,
    "Progress": 3,
    "Sailing": 2,
    "Sink": 0,
    "NavMapIndex": "2,0",
    "MapType": 1,
    "MapFloor": 3,
    "ComType": 3
  },
  {
    "Id": 211,
    "Type": 1,
    "ComponentId": 767,
    "ResName": "Rudder3_1",
    "Info": "船陀",
    "PreRelyId": 0,
    "RelyId": 0,
    "HideBoardId": 0,
    "WithId": 0,
    "Floor": 3,
    "Stage": 2,
    "Progress": 3,
    "Sailing": 2,
    "Sink": 0,
    "NavMapIndex": "0,3",
    "MapType": 1,
    "MapFloor": 3,
    "ComType": 0
  },
  {
    "Id": 212,
    "Type": 1,
    "ComponentId": 768,
    "ResName": "Fiberflax3_1",
    "Info": "棘刺",
    "PreRelyId": 0,
    "RelyId": 0,
    "HideBoardId": 180,
    "WithId": 0,
    "Floor": 3,
    "Stage": 2,
    "Progress": 3,
    "Sailing": 2,
    "Sink": 0,
    "NavMapIndex": "5,6",
    "MapType": 1,
    "MapFloor": 3,
    "ComType": 2
  },
  {
    "Id": 213,
    "Type": 1,
    "ComponentId": 769,
    "ResName": "Fiberflax3_2",
    "Info": "棘刺",
    "PreRelyId": 0,
    "RelyId": 0,
    "HideBoardId": 179,
    "WithId": 0,
    "Floor": 3,
    "Stage": 2,
    "Progress": 3,
    "Sailing": 2,
    "Sink": 0,
    "NavMapIndex": "5,5",
    "MapType": 1,
    "MapFloor": 3,
    "ComType": 2
  },
  {
    "Id": 214,
    "Type": 1,
    "ComponentId": 770,
    "ResName": "Fiberflax3_3",
    "Info": "棘刺",
    "PreRelyId": 0,
    "RelyId": 0,
    "HideBoardId": 181,
    "WithId": 0,
    "Floor": 3,
    "Stage": 2,
    "Progress": 3,
    "Sailing": 2,
    "Sink": 0,
    "NavMapIndex": "5,4",
    "MapType": 1,
    "MapFloor": 3,
    "ComType": 2
  },
  {
    "Id": 215,
    "Type": 1,
    "ComponentId": 771,
    "ResName": "Fiberflax3_4",
    "Info": "棘刺",
    "PreRelyId": 0,
    "RelyId": 0,
    "HideBoardId": 182,
    "WithId": 0,
    "Floor": 3,
    "Stage": 2,
    "Progress": 3,
    "Sailing": 2,
    "Sink": 0,
    "NavMapIndex": "5,3",
    "MapType": 1,
    "MapFloor": 3,
    "ComType": 2
  },
  {
    "Id": 216,
    "Type": 2,
    "ComponentId": 477,
    "ResName": "BoardLadder2_1",
    "Info": "透明地板",
    "PreRelyId": 0,
    "RelyId": 0,
    "HideBoardId": 0,
    "WithId": 0,
    "Floor": 1,
    "Stage": 1,
    "Progress": 0,
    "Sailing": 1,
    "Sink": 0,
    "NavMapIndex": "5,3",
    "MapType": 1,
    "MapFloor": 2,
    "ComType": 6
  },
  {
    "Id": 217,
    "Type": 2,
    "ComponentId": 477,
    "ResName": "BoardLadder3_1",
    "Info": "透明地板",
    "PreRelyId": 0,
    "RelyId": 0,
    "HideBoardId": 0,
    "WithId": 0,
    "Floor": 1,
    "Stage": 1,
    "Progress": 0,
    "Sailing": 1,
    "Sink": 0,
    "NavMapIndex": "2,3",
    "MapType": 1,
    "MapFloor": 3,
    "ComType": 6
  }
]
