[
  {
    "Id": 1,
    "Type": 0,
    "ComponentId": 401,
    "ResName": "NormalBoard1_1",
    "Info": "木板1/18",
    "PreRelyId": 0,
    "RelyId": 2,
    "HideBoardId": 0,
    "WithId": 0,
    "Floor": 1,
    "Stage": 1,
    "Progress": 0,
    "Sailing": 1,
    "Sink": 1,
    "NavMapIndex": "3,1",
    "MapType": 1,
    "MapFloor": 1,
    "ComType": 1
  },
  {
    "Id": 2,
    "Type": 0,
    "ComponentId": 401,
    "ResName": "NormalBoard1_2",
    "Info": "木板2/18",
    "PreRelyId": 0,
    "RelyId": 3,
    "HideBoardId": 0,
    "WithId": 0,
    "Floor": 1,
    "Stage": 1,
    "Progress": 0,
    "Sailing": 1,
    "Sink": 1,
    "NavMapIndex": "2,1",
    "MapType": 1,
    "MapFloor": 1,
    "ComType": 1
  },
  {
    "Id": 3,
    "Type": 0,
    "ComponentId": 401,
    "ResName": "NormalBoard1_3",
    "Info": "木板3/18",
    "PreRelyId": 0,
    "RelyId": 4,
    "HideBoardId": 0,
    "WithId": 0,
    "Floor": 1,
    "Stage": 1,
    "Progress": 0,
    "Sailing": 1,
    "Sink": 1,
    "NavMapIndex": "1,1",
    "MapType": 1,
    "MapFloor": 1,
    "ComType": 1
  },
  {
    "Id": 4,
    "Type": 0,
    "ComponentId": 401,
    "ResName": "NormalBoard1_4",
    "Info": "木板4/18",
    "PreRelyId": 0,
    "RelyId": 5,
    "HideBoardId": 0,
    "WithId": 0,
    "Floor": 1,
    "Stage": 1,
    "Progress": 0,
    "Sailing": 1,
    "Sink": 1,
    "NavMapIndex": "4,1",
    "MapType": 1,
    "MapFloor": 1,
    "ComType": 1
  },
  {
    "Id": 5,
    "Type": 0,
    "ComponentId": 401,
    "ResName": "NormalBoard1_11",
    "Info": "木板5/18",
    "PreRelyId": 0,
    "RelyId": 6,
    "HideBoardId": 0,
    "WithId": 0,
    "Floor": 1,
    "Stage": 1,
    "Progress": 0,
    "Sailing": 1,
    "Sink": 1,
    "NavMapIndex": "1,2",
    "MapType": 1,
    "MapFloor": 1,
    "ComType": 1
  },
  {
    "Id": 6,
    "Type": 0,
    "ComponentId": 401,
    "ResName": "NormalBoard1_6",
    "Info": "木板6/18",
    "PreRelyId": 0,
    "RelyId": 7,
    "HideBoardId": 0,
    "WithId": 0,
    "Floor": 1,
    "Stage": 1,
    "Progress": 0,
    "Sailing": 1,
    "Sink": 1,
    "NavMapIndex": "3,2",
    "MapType": 1,
    "MapFloor": 1,
    "ComType": 1
  },
  {
    "Id": 7,
    "Type": 0,
    "ComponentId": 401,
    "ResName": "NormalBoard1_7",
    "Info": "木板7/18",
    "PreRelyId": 0,
    "RelyId": 8,
    "HideBoardId": 0,
    "WithId": 0,
    "Floor": 1,
    "Stage": 1,
    "Progress": 0,
    "Sailing": 1,
    "Sink": 1,
    "NavMapIndex": "2,2",
    "MapType": 1,
    "MapFloor": 1,
    "ComType": 1
  },
  {
    "Id": 8,
    "Type": 0,
    "ComponentId": 401,
    "ResName": "NormalBoard1_12",
    "Info": "木板8/18",
    "PreRelyId": 0,
    "RelyId": 9,
    "HideBoardId": 0,
    "WithId": 0,
    "Floor": 1,
    "Stage": 1,
    "Progress": 0,
    "Sailing": 1,
    "Sink": 1,
    "NavMapIndex": "1,0",
    "MapType": 1,
    "MapFloor": 1,
    "ComType": 1
  },
  {
    "Id": 9,
    "Type": 0,
    "ComponentId": 401,
    "ResName": "NormalBoard1_9",
    "Info": "木板9/18",
    "PreRelyId": 0,
    "RelyId": "10,20,21",
    "HideBoardId": 0,
    "WithId": 0,
    "Floor": 1,
    "Stage": 1,
    "Progress": 0,
    "Sailing": 1,
    "Sink": 1,
    "NavMapIndex": "3,0",
    "MapType": 1,
    "MapFloor": 1,
    "ComType": 1
  },
  {
    "Id": 10,
    "Type": 0,
    "ComponentId": 401,
    "ResName": "NormalBoard1_10",
    "Info": "木板10/18",
    "PreRelyId": 0,
    "RelyId": 11,
    "HideBoardId": 0,
    "WithId": 0,
    "Floor": 1,
    "Stage": 1,
    "Progress": 0,
    "Sailing": 1,
    "Sink": 1,
    "NavMapIndex": "2,0",
    "MapType": 1,
    "MapFloor": 1,
    "ComType": 1
  },
  {
    "Id": 11,
    "Type": 1,
    "ComponentId": 401,
    "ResName": "NormalBoard1_8",
    "Info": "木板11/18",
    "PreRelyId": 0,
    "RelyId": 23,
    "HideBoardId": 0,
    "WithId": 0,
    "Floor": 1,
    "Stage": 1,
    "Progress": 0,
    "Sailing": 1,
    "Sink": 1,
    "NavMapIndex": "4,0",
    "MapType": 1,
    "MapFloor": 1,
    "ComType": 1
  },
  {
    "Id": 12,
    "Type": 1,
    "ComponentId": 401,
    "ResName": "NormalBoard1_5",
    "Info": "木板12/18",
    "PreRelyId": 0,
    "RelyId": 22,
    "HideBoardId": 0,
    "WithId": 0,
    "Floor": 1,
    "Stage": 1,
    "Progress": 0,
    "Sailing": 1,
    "Sink": 1,
    "NavMapIndex": "4,2",
    "MapType": 1,
    "MapFloor": 1,
    "ComType": 1
  },
  {
    "Id": 13,
    "Type": 1,
    "ComponentId": 401,
    "ResName": "NormalBoard1_14",
    "Info": "木板13/18",
    "PreRelyId": 0,
    "RelyId": 14,
    "HideBoardId": 0,
    "WithId": 0,
    "Floor": 1,
    "Stage": 1,
    "Progress": 0,
    "Sailing": 1,
    "Sink": 1,
    "NavMapIndex": "5,1",
    "MapType": 1,
    "MapFloor": 1,
    "ComType": 1
  },
  {
    "Id": 14,
    "Type": 1,
    "ComponentId": 401,
    "ResName": "NormalBoard1_13",
    "Info": "木板14/18",
    "PreRelyId": 0,
    "RelyId": 15,
    "HideBoardId": 0,
    "WithId": 0,
    "Floor": 1,
    "Stage": 1,
    "Progress": 0,
    "Sailing": 1,
    "Sink": 1,
    "NavMapIndex": "0,1",
    "MapType": 1,
    "MapFloor": 1,
    "ComType": 1
  },
  {
    "Id": 15,
    "Type": 1,
    "ComponentId": 401,
    "ResName": "NormalBoard1_15",
    "Info": "木板15/18",
    "PreRelyId": 0,
    "RelyId": "16,24",
    "HideBoardId": 0,
    "WithId": 0,
    "Floor": 1,
    "Stage": 1,
    "Progress": 0,
    "Sailing": 1,
    "Sink": 1,
    "NavMapIndex": "0,2",
    "MapType": 1,
    "MapFloor": 1,
    "ComType": 1
  },
  {
    "Id": 16,
    "Type": 1,
    "ComponentId": 401,
    "ResName": "NormalBoard1_16",
    "Info": "木板16/18",
    "PreRelyId": 24,
    "RelyId": "17,29",
    "HideBoardId": 0,
    "WithId": 0,
    "Floor": 1,
    "Stage": 1,
    "Progress": 0,
    "Sailing": 1,
    "Sink": 1,
    "NavMapIndex": "5,2",
    "MapType": 1,
    "MapFloor": 1,
    "ComType": 1
  },
  {
    "Id": 17,
    "Type": 1,
    "ComponentId": 401,
    "ResName": "NormalBoard1_17",
    "Info": "木板17/18",
    "PreRelyId": 29,
    "RelyId": "18,25",
    "HideBoardId": 0,
    "WithId": 0,
    "Floor": 1,
    "Stage": 1,
    "Progress": 0,
    "Sailing": 1,
    "Sink": 1,
    "NavMapIndex": "0,0",
    "MapType": 1,
    "MapFloor": 1,
    "ComType": 1
  },
  {
    "Id": 18,
    "Type": 1,
    "ComponentId": 401,
    "ResName": "NormalBoard1_18",
    "Info": "木板18/18",
    "PreRelyId": 25,
    "RelyId": "19,26,27,28,30",
    "HideBoardId": 0,
    "WithId": 0,
    "Floor": 1,
    "Stage": 1,
    "Progress": 0,
    "Sailing": 1,
    "Sink": 1,
    "NavMapIndex": "5,0",
    "MapType": 1,
    "MapFloor": 1,
    "ComType": 1
  },
  {
    "Id": 19,
    "Type": 1,
    "ComponentId": 402,
    "ResName": "Ladder1_1",
    "Info": "北欧船楼梯",
    "PreRelyId": 0,
    "RelyId": 32,
    "HideBoardId": 0,
    "WithId": 0,
    "Floor": 1,
    "Stage": 1,
    "Progress": 5,
    "Sailing": 1,
    "Sink": 1,
    "NavMapIndex": "2,1",
    "MapType": 1,
    "MapFloor": 1,
    "ComType": 5
  },
  {
    "Id": 20,
    "Type": 1,
    "ComponentId": 403,
    "ResName": "Berry1_1",
    "Info": "浆果厂1",
    "PreRelyId": 0,
    "RelyId": 0,
    "HideBoardId": 0,
    "WithId": 0,
    "Floor": 1,
    "Stage": 1,
    "Progress": 5,
    "Sailing": 1,
    "Sink": 1,
    "NavMapIndex": "2,2",
    "MapType": 0,
    "MapFloor": 1,
    "ComType": 2
  },
  {
    "Id": 21,
    "Type": 1,
    "ComponentId": 404,
    "ResName": "Berry1_2",
    "Info": "浆果厂2",
    "PreRelyId": 0,
    "RelyId": 0,
    "HideBoardId": 0,
    "WithId": 0,
    "Floor": 1,
    "Stage": 1,
    "Progress": 5,
    "Sailing": 1,
    "Sink": 1,
    "NavMapIndex": "2,0",
    "MapType": 0,
    "MapFloor": 1,
    "ComType": 2
  },
  {
    "Id": 22,
    "Type": 1,
    "ComponentId": 405,
    "ResName": "Box1_1",
    "Info": "木箱子1",
    "PreRelyId": 0,
    "RelyId": 13,
    "HideBoardId": 0,
    "WithId": 0,
    "Floor": 1,
    "Stage": 1,
    "Progress": 5,
    "Sailing": 1,
    "Sink": 1,
    "NavMapIndex": "4,2",
    "MapType": 0,
    "MapFloor": 1,
    "ComType": 2
  },
  {
    "Id": 23,
    "Type": 1,
    "ComponentId": 406,
    "ResName": "Box1_2",
    "Info": "木箱子2",
    "PreRelyId": 0,
    "RelyId": 12,
    "HideBoardId": 0,
    "WithId": 0,
    "Floor": 1,
    "Stage": 1,
    "Progress": 5,
    "Sailing": 1,
    "Sink": 1,
    "NavMapIndex": "4,0",
    "MapType": 0,
    "MapFloor": 1,
    "ComType": 2
  },
  {
    "Id": 24,
    "Type": 1,
    "ComponentId": 407,
    "ResName": "IceMining1_1",
    "Info": "采冰点",
    "PreRelyId": 0,
    "RelyId": 0,
    "HideBoardId": 0,
    "WithId": 0,
    "Floor": 1,
    "Stage": 1,
    "Progress": 5,
    "Sailing": 1,
    "Sink": 1,
    "NavMapIndex": "0,2",
    "MapType": 0,
    "MapFloor": 1,
    "ComType": 2
  },
  {
    "Id": 25,
    "Type": 1,
    "ComponentId": 408,
    "ResName": "Bucket1_1",
    "Info": "木桶",
    "PreRelyId": 0,
    "RelyId": 0,
    "HideBoardId": 0,
    "WithId": 0,
    "Floor": 1,
    "Stage": 1,
    "Progress": 5,
    "Sailing": 1,
    "Sink": 1,
    "NavMapIndex": "0,0",
    "MapType": 0,
    "MapFloor": 1,
    "ComType": 2
  },
  {
    "Id": 26,
    "Type": 1,
    "ComponentId": 409,
    "ResName": "Wall1_2",
    "Info": "地下室围墙-长1",
    "PreRelyId": 0,
    "RelyId": 0,
    "HideBoardId": 0,
    "WithId": 0,
    "Floor": 1,
    "Stage": 1,
    "Progress": 5,
    "Sailing": 1,
    "Sink": 1,
    "NavMapIndex": "0,0|1,0|2,0|3,0|4,0|5,0",
    "MapType": 1,
    "MapFloor": 1,
    "ComType": 9
  },
  {
    "Id": 27,
    "Type": 1,
    "ComponentId": 410,
    "ResName": "Wall1_1",
    "Info": "地下室围墙-短1",
    "PreRelyId": 0,
    "RelyId": 0,
    "HideBoardId": 0,
    "WithId": 0,
    "Floor": 1,
    "Stage": 1,
    "Progress": 5,
    "Sailing": 1,
    "Sink": 1,
    "NavMapIndex": "5,0|5,1|5,2",
    "MapType": 1,
    "MapFloor": 1,
    "ComType": 9
  },
  {
    "Id": 28,
    "Type": 1,
    "ComponentId": 411,
    "ResName": "Wall1_3",
    "Info": "地下室围墙-短2",
    "PreRelyId": 0,
    "RelyId": 0,
    "HideBoardId": 0,
    "WithId": 0,
    "Floor": 1,
    "Stage": 1,
    "Progress": 5,
    "Sailing": 1,
    "Sink": 1,
    "NavMapIndex": "0,0|0,1|0,2",
    "MapType": 1,
    "MapFloor": 1,
    "ComType": 9
  },
  {
    "Id": 29,
    "Type": 1,
    "ComponentId": 412,
    "ResName": "Lv1Stove1_1",
    "Info": "普通壁炉",
    "PreRelyId": 0,
    "RelyId": 31,
    "HideBoardId": 0,
    "WithId": 0,
    "Floor": 1,
    "Stage": 1,
    "Progress": 5,
    "Sailing": 1,
    "Sink": 1,
    "NavMapIndex": "5,1",
    "MapType": 0,
    "MapFloor": 1,
    "ComType": 2
  },
  {
    "Id": 30,
    "Type": 1,
    "ComponentId": 413,
    "ResName": "Lv2Stove1_1",
    "Info": "高级壁炉",
    "PreRelyId": 0,
    "RelyId": 0,
    "HideBoardId": 29,
    "WithId": 0,
    "Floor": 1,
    "Stage": 1,
    "Progress": 5,
    "Sailing": 1,
    "Sink": 1,
    "NavMapIndex": "5,1",
    "MapType": 0,
    "MapFloor": 1,
    "ComType": 2
  },
  {
    "Id": 31,
    "Type": 1,
    "ComponentId": 414,
    "ResName": "Wall1_4",
    "Info": "地下室围墙-长2",
    "PreRelyId": 0,
    "RelyId": 0,
    "HideBoardId": 0,
    "WithId": 0,
    "Floor": 1,
    "Stage": 1,
    "Progress": 5,
    "Sailing": 1,
    "Sink": 1,
    "NavMapIndex": "0,2|1,2|2,2|3,2|4,2|5,2",
    "MapType": 1,
    "MapFloor": 1,
    "ComType": 9
  },
  {
    "Id": 32,
    "Type": 1,
    "ComponentId": 401,
    "ResName": "NormalBoard2_1",
    "Info": "木板19/50",
    "PreRelyId": 0,
    "RelyId": 33,
    "HideBoardId": 0,
    "WithId": 0,
    "Floor": 2,
    "Stage": 1,
    "Progress": 0,
    "Sailing": 1,
    "Sink": 1,
    "NavMapIndex": "4,2",
    "MapType": 1,
    "MapFloor": 2,
    "ComType": 1
  },
  {
    "Id": 33,
    "Type": 1,
    "ComponentId": 401,
    "ResName": "NormalBoard2_3",
    "Info": "木板20/50",
    "PreRelyId": 0,
    "RelyId": "34,65",
    "HideBoardId": 0,
    "WithId": 0,
    "Floor": 2,
    "Stage": 1,
    "Progress": 0,
    "Sailing": 1,
    "Sink": 1,
    "NavMapIndex": "4,3",
    "MapType": 1,
    "MapFloor": 2,
    "ComType": 1
  },
  {
    "Id": 34,
    "Type": 1,
    "ComponentId": 401,
    "ResName": "NormalBoard2_2",
    "Info": "木板21/50",
    "PreRelyId": 0,
    "RelyId": "35,66",
    "HideBoardId": 0,
    "WithId": 0,
    "Floor": 2,
    "Stage": 1,
    "Progress": 0,
    "Sailing": 1,
    "Sink": 1,
    "NavMapIndex": "4,1",
    "MapType": 1,
    "MapFloor": 2,
    "ComType": 1
  },
  {
    "Id": 35,
    "Type": 1,
    "ComponentId": 401,
    "ResName": "NormalBoard2_4",
    "Info": "木板22/50",
    "PreRelyId": 66,
    "RelyId": 36,
    "HideBoardId": 0,
    "WithId": 0,
    "Floor": 2,
    "Stage": 1,
    "Progress": 0,
    "Sailing": 1,
    "Sink": 1,
    "NavMapIndex": "5,2",
    "MapType": 1,
    "MapFloor": 2,
    "ComType": 1
  },
  {
    "Id": 36,
    "Type": 1,
    "ComponentId": 401,
    "ResName": "NormalBoard2_5",
    "Info": "木板23/50",
    "PreRelyId": 0,
    "RelyId": "37,67",
    "HideBoardId": 0,
    "WithId": 0,
    "Floor": 2,
    "Stage": 1,
    "Progress": 0,
    "Sailing": 1,
    "Sink": 1,
    "NavMapIndex": "5,3",
    "MapType": 1,
    "MapFloor": 2,
    "ComType": 1
  },
  {
    "Id": 37,
    "Type": 1,
    "ComponentId": 401,
    "ResName": "NormalBoard2_6",
    "Info": "木板24/50",
    "PreRelyId": 0,
    "RelyId": 68,
    "HideBoardId": 0,
    "WithId": 0,
    "Floor": 2,
    "Stage": 1,
    "Progress": 0,
    "Sailing": 1,
    "Sink": 1,
    "NavMapIndex": "5,1",
    "MapType": 1,
    "MapFloor": 2,
    "ComType": 1
  },
  {
    "Id": 38,
    "Type": 1,
    "ComponentId": 401,
    "ResName": "NormalBoard2_7",
    "Info": "木板25/50",
    "PreRelyId": 67,
    "RelyId": 69,
    "HideBoardId": 0,
    "WithId": 0,
    "Floor": 2,
    "Stage": 1,
    "Progress": 0,
    "Sailing": 1,
    "Sink": 1,
    "NavMapIndex": "3,3",
    "MapType": 1,
    "MapFloor": 2,
    "ComType": 1
  },
  {
    "Id": 39,
    "Type": 1,
    "ComponentId": 401,
    "ResName": "NormalBoard2_8",
    "Info": "木板26/50",
    "PreRelyId": 0,
    "RelyId": "40,70",
    "HideBoardId": 0,
    "WithId": 0,
    "Floor": 2,
    "Stage": 1,
    "Progress": 0,
    "Sailing": 1,
    "Sink": 1,
    "NavMapIndex": "3,1",
    "MapType": 1,
    "MapFloor": 2,
    "ComType": 1
  },
  {
    "Id": 40,
    "Type": 1,
    "ComponentId": 401,
    "ResName": "NormalBoard2_9",
    "Info": "木板27/50",
    "PreRelyId": 0,
    "RelyId": 41,
    "HideBoardId": 0,
    "WithId": 0,
    "Floor": 2,
    "Stage": 1,
    "Progress": 0,
    "Sailing": 1,
    "Sink": 1,
    "NavMapIndex": "6,2",
    "MapType": 1,
    "MapFloor": 2,
    "ComType": 1
  },
  {
    "Id": 41,
    "Type": 1,
    "ComponentId": 401,
    "ResName": "NormalBoard2_10",
    "Info": "木板28/50",
    "PreRelyId": 0,
    "RelyId": 42,
    "HideBoardId": 0,
    "WithId": 0,
    "Floor": 2,
    "Stage": 1,
    "Progress": 0,
    "Sailing": 1,
    "Sink": 1,
    "NavMapIndex": "6,3",
    "MapType": 1,
    "MapFloor": 2,
    "ComType": 1
  },
  {
    "Id": 42,
    "Type": 1,
    "ComponentId": 401,
    "ResName": "NormalBoard2_11",
    "Info": "木板29/50",
    "PreRelyId": 0,
    "RelyId": 43,
    "HideBoardId": 0,
    "WithId": 0,
    "Floor": 2,
    "Stage": 1,
    "Progress": 0,
    "Sailing": 1,
    "Sink": 1,
    "NavMapIndex": "6,1",
    "MapType": 1,
    "MapFloor": 2,
    "ComType": 1
  },
  {
    "Id": 43,
    "Type": 1,
    "ComponentId": 401,
    "ResName": "NormalBoard2_12",
    "Info": "木板30/50",
    "PreRelyId": 70,
    "RelyId": 44,
    "HideBoardId": 0,
    "WithId": 0,
    "Floor": 2,
    "Stage": 1,
    "Progress": 0,
    "Sailing": 1,
    "Sink": 1,
    "NavMapIndex": "2,2",
    "MapType": 1,
    "MapFloor": 2,
    "ComType": 1
  },
  {
    "Id": 44,
    "Type": 1,
    "ComponentId": 401,
    "ResName": "NormalBoard2_13",
    "Info": "木板31/50",
    "PreRelyId": 0,
    "RelyId": "45,71",
    "HideBoardId": 0,
    "WithId": 0,
    "Floor": 2,
    "Stage": 1,
    "Progress": 0,
    "Sailing": 1,
    "Sink": 1,
    "NavMapIndex": "2,3",
    "MapType": 1,
    "MapFloor": 2,
    "ComType": 1
  },
  {
    "Id": 45,
    "Type": 1,
    "ComponentId": 401,
    "ResName": "NormalBoard2_14",
    "Info": "木板32/50",
    "PreRelyId": 0,
    "RelyId": "46,72",
    "HideBoardId": 0,
    "WithId": 0,
    "Floor": 2,
    "Stage": 1,
    "Progress": 0,
    "Sailing": 1,
    "Sink": 1,
    "NavMapIndex": "2,1",
    "MapType": 1,
    "MapFloor": 2,
    "ComType": 1
  },
  {
    "Id": 46,
    "Type": 1,
    "ComponentId": 401,
    "ResName": "NormalBoard2_15",
    "Info": "木板33/50",
    "PreRelyId": 0,
    "RelyId": 47,
    "HideBoardId": 0,
    "WithId": 0,
    "Floor": 2,
    "Stage": 1,
    "Progress": 0,
    "Sailing": 1,
    "Sink": 1,
    "NavMapIndex": "7,2",
    "MapType": 1,
    "MapFloor": 2,
    "ComType": 1
  },
  {
    "Id": 47,
    "Type": 1,
    "ComponentId": 401,
    "ResName": "NormalBoard2_16",
    "Info": "木板34/50",
    "PreRelyId": 72,
    "RelyId": 48,
    "HideBoardId": 0,
    "WithId": 0,
    "Floor": 2,
    "Stage": 1,
    "Progress": 0,
    "Sailing": 1,
    "Sink": 1,
    "NavMapIndex": "7,3",
    "MapType": 1,
    "MapFloor": 2,
    "ComType": 1
  },
  {
    "Id": 48,
    "Type": 1,
    "ComponentId": 401,
    "ResName": "NormalBoard2_17",
    "Info": "木板35/50",
    "PreRelyId": 0,
    "RelyId": "49,73",
    "HideBoardId": 0,
    "WithId": 0,
    "Floor": 2,
    "Stage": 1,
    "Progress": 0,
    "Sailing": 1,
    "Sink": 1,
    "NavMapIndex": "7,1",
    "MapType": 1,
    "MapFloor": 2,
    "ComType": 1
  },
  {
    "Id": 49,
    "Type": 1,
    "ComponentId": 401,
    "ResName": "NormalBoard2_18",
    "Info": "木板36/50",
    "PreRelyId": 0,
    "RelyId": 50,
    "HideBoardId": 0,
    "WithId": 0,
    "Floor": 2,
    "Stage": 1,
    "Progress": 0,
    "Sailing": 1,
    "Sink": 1,
    "NavMapIndex": "1,2",
    "MapType": 1,
    "MapFloor": 2,
    "ComType": 1
  },
  {
    "Id": 50,
    "Type": 1,
    "ComponentId": 401,
    "ResName": "NormalBoard2_19",
    "Info": "木板37/50",
    "PreRelyId": 0,
    "RelyId": 51,
    "HideBoardId": 0,
    "WithId": 0,
    "Floor": 2,
    "Stage": 1,
    "Progress": 0,
    "Sailing": 1,
    "Sink": 1,
    "NavMapIndex": "1,3",
    "MapType": 1,
    "MapFloor": 2,
    "ComType": 1
  },
  {
    "Id": 51,
    "Type": 1,
    "ComponentId": 401,
    "ResName": "NormalBoard2_20",
    "Info": "木板38/50",
    "PreRelyId": 73,
    "RelyId": 52,
    "HideBoardId": 0,
    "WithId": 0,
    "Floor": 2,
    "Stage": 1,
    "Progress": 0,
    "Sailing": 1,
    "Sink": 0,
    "NavMapIndex": "1,1",
    "MapType": 1,
    "MapFloor": 2,
    "ComType": 1
  },
  {
    "Id": 52,
    "Type": 1,
    "ComponentId": 401,
    "ResName": "NormalBoard2_21",
    "Info": "木板39/50",
    "PreRelyId": 0,
    "RelyId": "53,64",
    "HideBoardId": 0,
    "WithId": 0,
    "Floor": 2,
    "Stage": 1,
    "Progress": 0,
    "Sailing": 1,
    "Sink": 0,
    "NavMapIndex": "8,2",
    "MapType": 1,
    "MapFloor": 2,
    "ComType": 1
  },
  {
    "Id": 53,
    "Type": 1,
    "ComponentId": 401,
    "ResName": "NormalBoard2_22",
    "Info": "木板40/50",
    "PreRelyId": 0,
    "RelyId": 75,
    "HideBoardId": 0,
    "WithId": 0,
    "Floor": 2,
    "Stage": 1,
    "Progress": 0,
    "Sailing": 1,
    "Sink": 0,
    "NavMapIndex": "8,3",
    "MapType": 1,
    "MapFloor": 2,
    "ComType": 1
  },
  {
    "Id": 54,
    "Type": 1,
    "ComponentId": 401,
    "ResName": "NormalBoard2_23",
    "Info": "木板41/50",
    "PreRelyId": 0,
    "RelyId": 76,
    "HideBoardId": 0,
    "WithId": 0,
    "Floor": 2,
    "Stage": 1,
    "Progress": 0,
    "Sailing": 1,
    "Sink": 0,
    "NavMapIndex": "8,1",
    "MapType": 1,
    "MapFloor": 2,
    "ComType": 1
  },
  {
    "Id": 55,
    "Type": 1,
    "ComponentId": 401,
    "ResName": "NormalBoard2_24",
    "Info": "木板42/50",
    "PreRelyId": 64,
    "RelyId": "56,77",
    "HideBoardId": 0,
    "WithId": 0,
    "Floor": 2,
    "Stage": 1,
    "Progress": 0,
    "Sailing": 1,
    "Sink": 0,
    "NavMapIndex": "0,2",
    "MapType": 1,
    "MapFloor": 2,
    "ComType": 1
  },
  {
    "Id": 56,
    "Type": 1,
    "ComponentId": 401,
    "ResName": "NormalBoard2_25",
    "Info": "木板43/50",
    "PreRelyId": 0,
    "RelyId": "57,78",
    "HideBoardId": 0,
    "WithId": 0,
    "Floor": 2,
    "Stage": 1,
    "Progress": 0,
    "Sailing": 1,
    "Sink": 0,
    "NavMapIndex": "0,3",
    "MapType": 1,
    "MapFloor": 2,
    "ComType": 1
  },
  {
    "Id": 57,
    "Type": 1,
    "ComponentId": 401,
    "ResName": "NormalBoard2_26",
    "Info": "木板44/50",
    "PreRelyId": 0,
    "RelyId": "58,79",
    "HideBoardId": 0,
    "WithId": 0,
    "Floor": 2,
    "Stage": 1,
    "Progress": 0,
    "Sailing": 1,
    "Sink": 0,
    "NavMapIndex": "0,1",
    "MapType": 1,
    "MapFloor": 2,
    "ComType": 1
  },
  {
    "Id": 58,
    "Type": 1,
    "ComponentId": 401,
    "ResName": "NormalBoard2_27",
    "Info": "木板45/50",
    "PreRelyId": 0,
    "RelyId": "59,74,80",
    "HideBoardId": 0,
    "WithId": 0,
    "Floor": 2,
    "Stage": 1,
    "Progress": 0,
    "Sailing": 1,
    "Sink": 0,
    "NavMapIndex": "1,4",
    "MapType": 1,
    "MapFloor": 2,
    "ComType": 1
  },
  {
    "Id": 59,
    "Type": 1,
    "ComponentId": 401,
    "ResName": "NormalBoard2_28",
    "Info": "木板46/50",
    "PreRelyId": 74,
    "RelyId": "60,81",
    "HideBoardId": 0,
    "WithId": 0,
    "Floor": 2,
    "Stage": 1,
    "Progress": 0,
    "Sailing": 1,
    "Sink": 0,
    "NavMapIndex": "1,0",
    "MapType": 1,
    "MapFloor": 2,
    "ComType": 1
  },
  {
    "Id": 60,
    "Type": 1,
    "ComponentId": 401,
    "ResName": "NormalBoard2_29",
    "Info": "木板47/50",
    "PreRelyId": 81,
    "RelyId": 82,
    "HideBoardId": 0,
    "WithId": 0,
    "Floor": 2,
    "Stage": 1,
    "Progress": 0,
    "Sailing": 1,
    "Sink": 0,
    "NavMapIndex": "2,4",
    "MapType": 1,
    "MapFloor": 2,
    "ComType": 1
  },
  {
    "Id": 61,
    "Type": 1,
    "ComponentId": 401,
    "ResName": "NormalBoard2_30",
    "Info": "木板48/50",
    "PreRelyId": 0,
    "RelyId": 83,
    "HideBoardId": 0,
    "WithId": 0,
    "Floor": 2,
    "Stage": 1,
    "Progress": 0,
    "Sailing": 1,
    "Sink": 0,
    "NavMapIndex": "2,0",
    "MapType": 1,
    "MapFloor": 2,
    "ComType": 1
  },
  {
    "Id": 62,
    "Type": 1,
    "ComponentId": 401,
    "ResName": "NormalBoard2_31",
    "Info": "木板49/50",
    "PreRelyId": 0,
    "RelyId": 63,
    "HideBoardId": 0,
    "WithId": 0,
    "Floor": 2,
    "Stage": 1,
    "Progress": 0,
    "Sailing": 1,
    "Sink": 0,
    "NavMapIndex": "3,4",
    "MapType": 1,
    "MapFloor": 2,
    "ComType": 1
  },
  {
    "Id": 63,
    "Type": 1,
    "ComponentId": 401,
    "ResName": "NormalBoard2_32",
    "Info": "木板50/50",
    "PreRelyId": 0,
    "RelyId": 84,
    "HideBoardId": 0,
    "WithId": 0,
    "Floor": 2,
    "Stage": 1,
    "Progress": 0,
    "Sailing": 2,
    "Sink": 0,
    "NavMapIndex": "3,0",
    "MapType": 1,
    "MapFloor": 2,
    "ComType": 1
  },
  {
    "Id": 64,
    "Type": 1,
    "ComponentId": 415,
    "ResName": "Ladder2_1",
    "Info": "北欧船楼梯",
    "PreRelyId": 0,
    "RelyId": 0,
    "HideBoardId": 0,
    "WithId": 0,
    "Floor": 2,
    "Stage": 1,
    "Progress": 5,
    "Sailing": 1,
    "Sink": 0,
    "NavMapIndex": "2,2",
    "MapType": 1,
    "MapFloor": 2,
    "ComType": 5
  },
  {
    "Id": 65,
    "Type": 1,
    "ComponentId": 416,
    "ResName": "PaddlePosition2_1",
    "Info": "划船座位1",
    "PreRelyId": 0,
    "RelyId": 0,
    "HideBoardId": 0,
    "WithId": 0,
    "Floor": 2,
    "Stage": 1,
    "Progress": 5,
    "Sailing": 1,
    "Sink": 1,
    "NavMapIndex": "4,3",
    "MapType": 1,
    "MapFloor": 2,
    "ComType": 0
  },
  {
    "Id": 66,
    "Type": 1,
    "ComponentId": 417,
    "ResName": "PaddlePosition2_2",
    "Info": "划船座位2",
    "PreRelyId": 0,
    "RelyId": 0,
    "HideBoardId": 0,
    "WithId": 0,
    "Floor": 2,
    "Stage": 1,
    "Progress": 5,
    "Sailing": 1,
    "Sink": 1,
    "NavMapIndex": "4,1",
    "MapType": 1,
    "MapFloor": 2,
    "ComType": 0
  },
  {
    "Id": 67,
    "Type": 1,
    "ComponentId": 418,
    "ResName": "PaddlePosition2_4",
    "Info": "划船座位3",
    "PreRelyId": 0,
    "RelyId": 0,
    "HideBoardId": 0,
    "WithId": 0,
    "Floor": 2,
    "Stage": 1,
    "Progress": 5,
    "Sailing": 1,
    "Sink": 1,
    "NavMapIndex": "5,3",
    "MapType": 1,
    "MapFloor": 2,
    "ComType": 0
  },
  {
    "Id": 68,
    "Type": 1,
    "ComponentId": 419,
    "ResName": "PaddlePosition2_3",
    "Info": "划船座位4",
    "PreRelyId": 0,
    "RelyId": 38,
    "HideBoardId": 0,
    "WithId": 0,
    "Floor": 2,
    "Stage": 1,
    "Progress": 5,
    "Sailing": 1,
    "Sink": 1,
    "NavMapIndex": "5,1",
    "MapType": 1,
    "MapFloor": 2,
    "ComType": 0
  },
  {
    "Id": 69,
    "Type": 1,
    "ComponentId": 420,
    "ResName": "PaddlePosition2_5",
    "Info": "划船座位5",
    "PreRelyId": 0,
    "RelyId": 39,
    "HideBoardId": 0,
    "WithId": 0,
    "Floor": 2,
    "Stage": 1,
    "Progress": 5,
    "Sailing": 1,
    "Sink": 1,
    "NavMapIndex": "3,3",
    "MapType": 1,
    "MapFloor": 2,
    "ComType": 0
  },
  {
    "Id": 70,
    "Type": 1,
    "ComponentId": 421,
    "ResName": "PaddlePosition2_6",
    "Info": "划船座位6",
    "PreRelyId": 0,
    "RelyId": 0,
    "HideBoardId": 0,
    "WithId": 0,
    "Floor": 2,
    "Stage": 1,
    "Progress": 5,
    "Sailing": 1,
    "Sink": 1,
    "NavMapIndex": "3,1",
    "MapType": 1,
    "MapFloor": 2,
    "ComType": 0
  },
  {
    "Id": 71,
    "Type": 1,
    "ComponentId": 422,
    "ResName": "PaddlePosition2_7",
    "Info": "划船座位7",
    "PreRelyId": 0,
    "RelyId": 0,
    "HideBoardId": 0,
    "WithId": 0,
    "Floor": 2,
    "Stage": 1,
    "Progress": 5,
    "Sailing": 1,
    "Sink": 1,
    "NavMapIndex": "2,3",
    "MapType": 1,
    "MapFloor": 2,
    "ComType": 0
  },
  {
    "Id": 72,
    "Type": 1,
    "ComponentId": 423,
    "ResName": "PaddlePosition2_8",
    "Info": "划船座位8",
    "PreRelyId": 0,
    "RelyId": 0,
    "HideBoardId": 0,
    "WithId": 0,
    "Floor": 2,
    "Stage": 1,
    "Progress": 5,
    "Sailing": 1,
    "Sink": 1,
    "NavMapIndex": "2,1",
    "MapType": 1,
    "MapFloor": 2,
    "ComType": 0
  },
  {
    "Id": 73,
    "Type": 1,
    "ComponentId": 424,
    "ResName": "Lv1FinlandBath2_1",
    "Info": "芬兰浴场1级",
    "PreRelyId": 0,
    "RelyId": 0,
    "HideBoardId": 0,
    "WithId": 0,
    "Floor": 2,
    "Stage": 1,
    "Progress": 5,
    "Sailing": 1,
    "Sink": 0,
    "NavMapIndex": "6,2|7,2",
    "MapType": 0,
    "MapFloor": 2,
    "ComType": 2
  },
  {
    "Id": 74,
    "Type": 1,
    "ComponentId": 425,
    "ResName": "Lv2FinlandBath2_1",
    "Info": "芬兰浴场2级",
    "PreRelyId": 0,
    "RelyId": 0,
    "HideBoardId": 73,
    "WithId": 0,
    "Floor": 2,
    "Stage": 1,
    "Progress": 5,
    "Sailing": 1,
    "Sink": 0,
    "NavMapIndex": "6,2|7,2",
    "MapType": 0,
    "MapFloor": 2,
    "ComType": 2
  },
  {
    "Id": 75,
    "Type": 1,
    "ComponentId": 426,
    "ResName": "Berry2_1",
    "Info": "浆果厂1",
    "PreRelyId": 0,
    "RelyId": 54,
    "HideBoardId": 0,
    "WithId": 0,
    "Floor": 2,
    "Stage": 1,
    "Progress": 5,
    "Sailing": 1,
    "Sink": 0,
    "NavMapIndex": "8,3",
    "MapType": 0,
    "MapFloor": 2,
    "ComType": 2
  },
  {
    "Id": 76,
    "Type": 1,
    "ComponentId": 427,
    "ResName": "Berry2_2",
    "Info": "浆果厂2",
    "PreRelyId": 0,
    "RelyId": 55,
    "HideBoardId": 0,
    "WithId": 0,
    "Floor": 2,
    "Stage": 1,
    "Progress": 5,
    "Sailing": 1,
    "Sink": 0,
    "NavMapIndex": "8,1",
    "MapType": 0,
    "MapFloor": 2,
    "ComType": 2
  },
  {
    "Id": 77,
    "Type": 1,
    "ComponentId": 428,
    "ResName": "LabrysColumn2_1",
    "Info": "双头斧柱子",
    "PreRelyId": 0,
    "RelyId": 0,
    "HideBoardId": 0,
    "WithId": 0,
    "Floor": 2,
    "Stage": 1,
    "Progress": 5,
    "Sailing": 1,
    "Sink": 0,
    "NavMapIndex": "0,2",
    "MapType": 0,
    "MapFloor": 2,
    "ComType": 0
  },
  {
    "Id": 78,
    "Type": 1,
    "ComponentId": 429,
    "ResName": "DeerHorn2_1",
    "Info": "装饰鹿角1",
    "PreRelyId": 0,
    "RelyId": 0,
    "HideBoardId": 0,
    "WithId": 0,
    "Floor": 2,
    "Stage": 1,
    "Progress": 5,
    "Sailing": 1,
    "Sink": 0,
    "NavMapIndex": "0,3",
    "MapType": 0,
    "MapFloor": 2,
    "ComType": 0
  },
  {
    "Id": 79,
    "Type": 1,
    "ComponentId": 430,
    "ResName": "DeerHorn2_2",
    "Info": "装饰鹿角2",
    "PreRelyId": 0,
    "RelyId": 0,
    "HideBoardId": 0,
    "WithId": 0,
    "Floor": 2,
    "Stage": 1,
    "Progress": 5,
    "Sailing": 1,
    "Sink": 0,
    "NavMapIndex": "0,1",
    "MapType": 0,
    "MapFloor": 2,
    "ComType": 0
  },
  {
    "Id": 80,
    "Type": 1,
    "ComponentId": 431,
    "ResName": "Catapult2_1",
    "Info": "投石车",
    "PreRelyId": 0,
    "RelyId": 0,
    "HideBoardId": 0,
    "WithId": 0,
    "Floor": 2,
    "Stage": 1,
    "Progress": 5,
    "Sailing": 1,
    "Sink": 0,
    "NavMapIndex": "1,4",
    "MapType": 0,
    "MapFloor": 2,
    "ComType": 0
  },
  {
    "Id": 81,
    "Type": 1,
    "ComponentId": 432,
    "ResName": "ArmorRack2_1",
    "Info": "装备架",
    "PreRelyId": 0,
    "RelyId": 0,
    "HideBoardId": 0,
    "WithId": 0,
    "Floor": 2,
    "Stage": 1,
    "Progress": 5,
    "Sailing": 1,
    "Sink": 0,
    "NavMapIndex": "1,0",
    "MapType": 0,
    "MapFloor": 2,
    "ComType": 2
  },
  {
    "Id": 82,
    "Type": 1,
    "ComponentId": 433,
    "ResName": "LongPaddleRight2_1",
    "Info": "大船桨1",
    "PreRelyId": 0,
    "RelyId": 61,
    "HideBoardId": 0,
    "WithId": 0,
    "Floor": 2,
    "Stage": 1,
    "Progress": 5,
    "Sailing": 1,
    "Sink": 0,
    "NavMapIndex": "2,4",
    "MapType": 1,
    "MapFloor": 2,
    "ComType": 3
  },
  {
    "Id": 83,
    "Type": 1,
    "ComponentId": 434,
    "ResName": "LongPaddleLeft2_1",
    "Info": "大船桨2",
    "PreRelyId": 0,
    "RelyId": 62,
    "HideBoardId": 0,
    "WithId": 0,
    "Floor": 2,
    "Stage": 1,
    "Progress": 5,
    "Sailing": 1,
    "Sink": 0,
    "NavMapIndex": "2,0",
    "MapType": 1,
    "MapFloor": 2,
    "ComType": 3
  },
  {
    "Id": 84,
    "Type": 1,
    "ComponentId": 401,
    "ResName": "NormalBoard2_33",
    "Info": "木板51/59",
    "PreRelyId": 0,
    "RelyId": "85,92,93,94",
    "HideBoardId": 0,
    "WithId": 0,
    "Floor": 2,
    "Stage": 2,
    "Progress": 0,
    "Sailing": 2,
    "Sink": 0,
    "NavMapIndex": "4,4",
    "MapType": 1,
    "MapFloor": 2,
    "ComType": 1
  },
  {
    "Id": 85,
    "Type": 1,
    "ComponentId": 401,
    "ResName": "NormalBoard2_34",
    "Info": "木板52/59",
    "PreRelyId": 0,
    "RelyId": 95,
    "HideBoardId": 0,
    "WithId": 0,
    "Floor": 2,
    "Stage": 2,
    "Progress": 0,
    "Sailing": 2,
    "Sink": 0,
    "NavMapIndex": "4,0",
    "MapType": 1,
    "MapFloor": 2,
    "ComType": 1
  },
  {
    "Id": 86,
    "Type": 1,
    "ComponentId": 401,
    "ResName": "NormalBoard2_35",
    "Info": "木板53/59",
    "PreRelyId": 0,
    "RelyId": 96,
    "HideBoardId": 0,
    "WithId": 0,
    "Floor": 2,
    "Stage": 2,
    "Progress": 0,
    "Sailing": 2,
    "Sink": 0,
    "NavMapIndex": "5,4",
    "MapType": 1,
    "MapFloor": 2,
    "ComType": 1
  },
  {
    "Id": 87,
    "Type": 1,
    "ComponentId": 401,
    "ResName": "NormalBoard2_36",
    "Info": "木板54/59",
    "PreRelyId": 0,
    "RelyId": "88,97",
    "HideBoardId": 0,
    "WithId": 0,
    "Floor": 2,
    "Stage": 2,
    "Progress": 0,
    "Sailing": 2,
    "Sink": 0,
    "NavMapIndex": "5,0",
    "MapType": 1,
    "MapFloor": 2,
    "ComType": 1
  },
  {
    "Id": 88,
    "Type": 1,
    "ComponentId": 401,
    "ResName": "NormalBoard2_37",
    "Info": "木板55/59",
    "PreRelyId": 0,
    "RelyId": 89,
    "HideBoardId": 0,
    "WithId": 0,
    "Floor": 2,
    "Stage": 2,
    "Progress": 0,
    "Sailing": 2,
    "Sink": 0,
    "NavMapIndex": "6,4",
    "MapType": 1,
    "MapFloor": 2,
    "ComType": 1
  },
  {
    "Id": 89,
    "Type": 1,
    "ComponentId": 401,
    "ResName": "NormalBoard2_38",
    "Info": "木板56/59",
    "PreRelyId": 97,
    "RelyId": 90,
    "HideBoardId": 0,
    "WithId": 0,
    "Floor": 2,
    "Stage": 2,
    "Progress": 0,
    "Sailing": 2,
    "Sink": 0,
    "NavMapIndex": "6,0",
    "MapType": 1,
    "MapFloor": 2,
    "ComType": 1
  },
  {
    "Id": 90,
    "Type": 1,
    "ComponentId": 401,
    "ResName": "NormalBoard2_39",
    "Info": "木板57/59",
    "PreRelyId": 0,
    "RelyId": "91,99,98",
    "HideBoardId": 0,
    "WithId": 0,
    "Floor": 2,
    "Stage": 2,
    "Progress": 0,
    "Sailing": 2,
    "Sink": 0,
    "NavMapIndex": "7,4",
    "MapType": 1,
    "MapFloor": 2,
    "ComType": 1
  },
  {
    "Id": 91,
    "Type": 1,
    "ComponentId": 401,
    "ResName": "NormalBoard2_40",
    "Info": "木板58/59",
    "PreRelyId": 0,
    "RelyId": "100,101",
    "HideBoardId": 0,
    "WithId": 0,
    "Floor": 2,
    "Stage": 2,
    "Progress": 0,
    "Sailing": 2,
    "Sink": 0,
    "NavMapIndex": "7,0",
    "MapType": 1,
    "MapFloor": 2,
    "ComType": 1
  },
  {
    "Id": 92,
    "Type": 1,
    "ComponentId": 435,
    "ResName": "LongPaddleRight2_2",
    "Info": "大船桨3",
    "PreRelyId": 0,
    "RelyId": 0,
    "HideBoardId": 0,
    "WithId": 0,
    "Floor": 2,
    "Stage": 2,
    "Progress": 5,
    "Sailing": 2,
    "Sink": 0,
    "NavMapIndex": "3,4",
    "MapType": 1,
    "MapFloor": 2,
    "ComType": 3
  },
  {
    "Id": 93,
    "Type": 1,
    "ComponentId": 436,
    "ResName": "LongPaddleLeft2_2",
    "Info": "大船桨4",
    "PreRelyId": 0,
    "RelyId": 0,
    "HideBoardId": 0,
    "WithId": 0,
    "Floor": 2,
    "Stage": 2,
    "Progress": 5,
    "Sailing": 2,
    "Sink": 0,
    "NavMapIndex": "3,0",
    "MapType": 1,
    "MapFloor": 2,
    "ComType": 3
  },
  {
    "Id": 94,
    "Type": 1,
    "ComponentId": 437,
    "ResName": "LongPaddleRight2_3",
    "Info": "大船桨5",
    "PreRelyId": 0,
    "RelyId": 0,
    "HideBoardId": 0,
    "WithId": 0,
    "Floor": 2,
    "Stage": 2,
    "Progress": 5,
    "Sailing": 2,
    "Sink": 0,
    "NavMapIndex": "4,4",
    "MapType": 1,
    "MapFloor": 2,
    "ComType": 3
  },
  {
    "Id": 95,
    "Type": 1,
    "ComponentId": 438,
    "ResName": "LongPaddleLeft2_3",
    "Info": "大船桨6",
    "PreRelyId": 0,
    "RelyId": 86,
    "HideBoardId": 0,
    "WithId": 0,
    "Floor": 2,
    "Stage": 2,
    "Progress": 5,
    "Sailing": 2,
    "Sink": 0,
    "NavMapIndex": "4,0",
    "MapType": 1,
    "MapFloor": 2,
    "ComType": 3
  },
  {
    "Id": 96,
    "Type": 1,
    "ComponentId": 439,
    "ResName": "LongPaddleRight2_4",
    "Info": "大船桨7",
    "PreRelyId": 0,
    "RelyId": 87,
    "HideBoardId": 0,
    "WithId": 0,
    "Floor": 2,
    "Stage": 2,
    "Progress": 5,
    "Sailing": 2,
    "Sink": 0,
    "NavMapIndex": "5,4",
    "MapType": 1,
    "MapFloor": 2,
    "ComType": 3
  },
  {
    "Id": 97,
    "Type": 1,
    "ComponentId": 440,
    "ResName": "LongPaddleLeft2_4",
    "Info": "大船桨8",
    "PreRelyId": 0,
    "RelyId": 0,
    "HideBoardId": 0,
    "WithId": 0,
    "Floor": 2,
    "Stage": 2,
    "Progress": 5,
    "Sailing": 2,
    "Sink": 0,
    "NavMapIndex": "5,0",
    "MapType": 1,
    "MapFloor": 2,
    "ComType": 3
  },
  {
    "Id": 98,
    "Type": 1,
    "ComponentId": 441,
    "ResName": "NormalColumn2_1",
    "Info": "柱子1",
    "PreRelyId": 0,
    "RelyId": 0,
    "HideBoardId": 0,
    "WithId": 0,
    "Floor": 2,
    "Stage": 2,
    "Progress": 5,
    "Sailing": 2,
    "Sink": 0,
    "NavMapIndex": "7,4",
    "MapType": 0,
    "MapFloor": 2,
    "ComType": 0
  },
  {
    "Id": 99,
    "Type": 1,
    "ComponentId": 442,
    "ResName": "Lv3FinlandBath2_1",
    "Info": "芬兰浴场3级",
    "PreRelyId": 0,
    "RelyId": 0,
    "HideBoardId": 74,
    "WithId": 0,
    "Floor": 2,
    "Stage": 2,
    "Progress": 5,
    "Sailing": 2,
    "Sink": 0,
    "NavMapIndex": "6,2|7,2",
    "MapType": 0,
    "MapFloor": 2,
    "ComType": 2
  },
  {
    "Id": 100,
    "Type": 1,
    "ComponentId": 443,
    "ResName": "NormalColumn2_2",
    "Info": "柱子2",
    "PreRelyId": 0,
    "RelyId": 0,
    "HideBoardId": 0,
    "WithId": 0,
    "Floor": 2,
    "Stage": 2,
    "Progress": 5,
    "Sailing": 2,
    "Sink": 0,
    "NavMapIndex": "7,0",
    "MapType": 0,
    "MapFloor": 2,
    "ComType": 0
  },
  {
    "Id": 101,
    "Type": 1,
    "ComponentId": 401,
    "ResName": "NormalBoard3_7",
    "Info": "木板60/90",
    "PreRelyId": 0,
    "RelyId": 102,
    "HideBoardId": 0,
    "WithId": 0,
    "Floor": 3,
    "Stage": 2,
    "Progress": 0,
    "Sailing": 2,
    "Sink": 0,
    "NavMapIndex": "5,3",
    "MapType": 1,
    "MapFloor": 3,
    "ComType": 1
  },
  {
    "Id": 102,
    "Type": 1,
    "ComponentId": 401,
    "ResName": "NormalBoard3_1",
    "Info": "木板61/90",
    "PreRelyId": 0,
    "RelyId": 103,
    "HideBoardId": 0,
    "WithId": 0,
    "Floor": 3,
    "Stage": 2,
    "Progress": 0,
    "Sailing": 2,
    "Sink": 0,
    "NavMapIndex": "6,3",
    "MapType": 1,
    "MapFloor": 3,
    "ComType": 1
  },
  {
    "Id": 103,
    "Type": 1,
    "ComponentId": 401,
    "ResName": "NormalBoard3_2",
    "Info": "木板62/90",
    "PreRelyId": 0,
    "RelyId": "104,132",
    "HideBoardId": 0,
    "WithId": 0,
    "Floor": 3,
    "Stage": 2,
    "Progress": 0,
    "Sailing": 2,
    "Sink": 0,
    "NavMapIndex": "6,4",
    "MapType": 1,
    "MapFloor": 3,
    "ComType": 1
  },
  {
    "Id": 104,
    "Type": 1,
    "ComponentId": 401,
    "ResName": "NormalBoard3_3",
    "Info": "木板63/90",
    "PreRelyId": 0,
    "RelyId": 105,
    "HideBoardId": 0,
    "WithId": 0,
    "Floor": 3,
    "Stage": 2,
    "Progress": 0,
    "Sailing": 2,
    "Sink": 0,
    "NavMapIndex": "6,2",
    "MapType": 1,
    "MapFloor": 3,
    "ComType": 1
  },
  {
    "Id": 105,
    "Type": 1,
    "ComponentId": 401,
    "ResName": "NormalBoard3_4",
    "Info": "木板64/90",
    "PreRelyId": 0,
    "RelyId": 106,
    "HideBoardId": 0,
    "WithId": 0,
    "Floor": 3,
    "Stage": 2,
    "Progress": 0,
    "Sailing": 2,
    "Sink": 0,
    "NavMapIndex": "7,3",
    "MapType": 1,
    "MapFloor": 3,
    "ComType": 1
  },
  {
    "Id": 106,
    "Type": 1,
    "ComponentId": 401,
    "ResName": "NormalBoard3_5",
    "Info": "木板65/90",
    "PreRelyId": 132,
    "RelyId": 107,
    "HideBoardId": 0,
    "WithId": 0,
    "Floor": 3,
    "Stage": 2,
    "Progress": 0,
    "Sailing": 2,
    "Sink": 0,
    "NavMapIndex": "7,4",
    "MapType": 1,
    "MapFloor": 3,
    "ComType": 1
  },
  {
    "Id": 107,
    "Type": 1,
    "ComponentId": 401,
    "ResName": "NormalBoard3_6",
    "Info": "木板66/90",
    "PreRelyId": 0,
    "RelyId": "108,135",
    "HideBoardId": 0,
    "WithId": 0,
    "Floor": 3,
    "Stage": 2,
    "Progress": 0,
    "Sailing": 2,
    "Sink": 0,
    "NavMapIndex": "7,2",
    "MapType": 1,
    "MapFloor": 3,
    "ComType": 1
  },
  {
    "Id": 108,
    "Type": 1,
    "ComponentId": 401,
    "ResName": "NormalBoard3_8",
    "Info": "木板67/90",
    "PreRelyId": 0,
    "RelyId": 109,
    "HideBoardId": 0,
    "WithId": 0,
    "Floor": 3,
    "Stage": 2,
    "Progress": 0,
    "Sailing": 2,
    "Sink": 0,
    "NavMapIndex": "5,4",
    "MapType": 1,
    "MapFloor": 3,
    "ComType": 1
  },
  {
    "Id": 109,
    "Type": 1,
    "ComponentId": 401,
    "ResName": "NormalBoard3_9",
    "Info": "木板68/90",
    "PreRelyId": 0,
    "RelyId": "110,133",
    "HideBoardId": 0,
    "WithId": 0,
    "Floor": 3,
    "Stage": 2,
    "Progress": 0,
    "Sailing": 2,
    "Sink": 0,
    "NavMapIndex": "5,2",
    "MapType": 1,
    "MapFloor": 3,
    "ComType": 1
  },
  {
    "Id": 110,
    "Type": 1,
    "ComponentId": 401,
    "ResName": "NormalBoard3_10",
    "Info": "木板69/90",
    "PreRelyId": 0,
    "RelyId": "111,138",
    "HideBoardId": 0,
    "WithId": 0,
    "Floor": 3,
    "Stage": 2,
    "Progress": 0,
    "Sailing": 2,
    "Sink": 0,
    "NavMapIndex": "8,3",
    "MapType": 1,
    "MapFloor": 3,
    "ComType": 1
  },
  {
    "Id": 111,
    "Type": 1,
    "ComponentId": 401,
    "ResName": "NormalBoard3_11",
    "Info": "木板70/90",
    "PreRelyId": 133,
    "RelyId": 112,
    "HideBoardId": 0,
    "WithId": 0,
    "Floor": 3,
    "Stage": 2,
    "Progress": 0,
    "Sailing": 2,
    "Sink": 0,
    "NavMapIndex": "8,4",
    "MapType": 1,
    "MapFloor": 3,
    "ComType": 1
  },
  {
    "Id": 112,
    "Type": 1,
    "ComponentId": 401,
    "ResName": "NormalBoard3_12",
    "Info": "木板71/90",
    "PreRelyId": 135,
    "RelyId": 113,
    "HideBoardId": 0,
    "WithId": 0,
    "Floor": 3,
    "Stage": 2,
    "Progress": 0,
    "Sailing": 2,
    "Sink": 0,
    "NavMapIndex": "8,2",
    "MapType": 1,
    "MapFloor": 3,
    "ComType": 1
  },
  {
    "Id": 113,
    "Type": 1,
    "ComponentId": 401,
    "ResName": "NormalBoard3_13",
    "Info": "木板72/90",
    "PreRelyId": 138,
    "RelyId": 114,
    "HideBoardId": 0,
    "WithId": 0,
    "Floor": 3,
    "Stage": 2,
    "Progress": 0,
    "Sailing": 2,
    "Sink": 0,
    "NavMapIndex": "4,4",
    "MapType": 1,
    "MapFloor": 3,
    "ComType": 1
  },
  {
    "Id": 114,
    "Type": 1,
    "ComponentId": 401,
    "ResName": "NormalBoard3_14",
    "Info": "木板73/90",
    "PreRelyId": 0,
    "RelyId": "115,136",
    "HideBoardId": 0,
    "WithId": 0,
    "Floor": 3,
    "Stage": 2,
    "Progress": 0,
    "Sailing": 2,
    "Sink": 0,
    "NavMapIndex": "4,2",
    "MapType": 1,
    "MapFloor": 3,
    "ComType": 1
  },
  {
    "Id": 115,
    "Type": 1,
    "ComponentId": 401,
    "ResName": "NormalBoard3_15",
    "Info": "木板74/90",
    "PreRelyId": 0,
    "RelyId": "116,134",
    "HideBoardId": 0,
    "WithId": 0,
    "Floor": 3,
    "Stage": 2,
    "Progress": 0,
    "Sailing": 2,
    "Sink": 0,
    "NavMapIndex": "9,4",
    "MapType": 1,
    "MapFloor": 3,
    "ComType": 1
  },
  {
    "Id": 116,
    "Type": 1,
    "ComponentId": 401,
    "ResName": "NormalBoard3_16",
    "Info": "木板75/90",
    "PreRelyId": 0,
    "RelyId": 117,
    "HideBoardId": 0,
    "WithId": 0,
    "Floor": 3,
    "Stage": 2,
    "Progress": 0,
    "Sailing": 2,
    "Sink": 0,
    "NavMapIndex": "9,2",
    "MapType": 1,
    "MapFloor": 3,
    "ComType": 1
  },
  {
    "Id": 117,
    "Type": 1,
    "ComponentId": 401,
    "ResName": "NormalBoard3_17",
    "Info": "木板76/90",
    "PreRelyId": 136,
    "RelyId": 118,
    "HideBoardId": 0,
    "WithId": 0,
    "Floor": 3,
    "Stage": 2,
    "Progress": 0,
    "Sailing": 2,
    "Sink": 0,
    "NavMapIndex": "3,3",
    "MapType": 1,
    "MapFloor": 3,
    "ComType": 1
  },
  {
    "Id": 118,
    "Type": 1,
    "ComponentId": 401,
    "ResName": "NormalBoard3_18",
    "Info": "木板77/90",
    "PreRelyId": 0,
    "RelyId": "140,139",
    "HideBoardId": 0,
    "WithId": 0,
    "Floor": 3,
    "Stage": 2,
    "Progress": 0,
    "Sailing": 2,
    "Sink": 0,
    "NavMapIndex": "3,4",
    "MapType": 1,
    "MapFloor": 3,
    "ComType": 1
  },
  {
    "Id": 119,
    "Type": 1,
    "ComponentId": 401,
    "ResName": "NormalBoard3_19",
    "Info": "木板78/90",
    "PreRelyId": 140,
    "RelyId": 120,
    "HideBoardId": 0,
    "WithId": 0,
    "Floor": 3,
    "Stage": 2,
    "Progress": 0,
    "Sailing": 2,
    "Sink": 0,
    "NavMapIndex": "3,2",
    "MapType": 1,
    "MapFloor": 3,
    "ComType": 1
  },
  {
    "Id": 120,
    "Type": 1,
    "ComponentId": 401,
    "ResName": "NormalBoard3_20",
    "Info": "木板79/90",
    "PreRelyId": 0,
    "RelyId": "121,141",
    "HideBoardId": 0,
    "WithId": 0,
    "Floor": 3,
    "Stage": 2,
    "Progress": 0,
    "Sailing": 2,
    "Sink": 0,
    "NavMapIndex": "4,5",
    "MapType": 1,
    "MapFloor": 3,
    "ComType": 1
  },
  {
    "Id": 121,
    "Type": 1,
    "ComponentId": 401,
    "ResName": "NormalBoard3_21",
    "Info": "木板80/90",
    "PreRelyId": 0,
    "RelyId": "122,137,142",
    "HideBoardId": 0,
    "WithId": 0,
    "Floor": 3,
    "Stage": 2,
    "Progress": 0,
    "Sailing": 2,
    "Sink": 0,
    "NavMapIndex": "4,1",
    "MapType": 1,
    "MapFloor": 3,
    "ComType": 1
  },
  {
    "Id": 122,
    "Type": 1,
    "ComponentId": 401,
    "ResName": "NormalBoard3_22",
    "Info": "木板81/90",
    "PreRelyId": 141,
    "RelyId": 123,
    "HideBoardId": 0,
    "WithId": 0,
    "Floor": 3,
    "Stage": 2,
    "Progress": 0,
    "Sailing": 2,
    "Sink": 0,
    "NavMapIndex": "5,5",
    "MapType": 1,
    "MapFloor": 3,
    "ComType": 1
  },
  {
    "Id": 123,
    "Type": 1,
    "ComponentId": 401,
    "ResName": "NormalBoard3_23",
    "Info": "木板82/90",
    "PreRelyId": 142,
    "RelyId": 124,
    "HideBoardId": 0,
    "WithId": 0,
    "Floor": 3,
    "Stage": 2,
    "Progress": 0,
    "Sailing": 2,
    "Sink": 0,
    "NavMapIndex": "5,1",
    "MapType": 1,
    "MapFloor": 3,
    "ComType": 1
  },
  {
    "Id": 124,
    "Type": 1,
    "ComponentId": 401,
    "ResName": "NormalBoard3_24",
    "Info": "木板83/90",
    "PreRelyId": 0,
    "RelyId": "125,143",
    "HideBoardId": 0,
    "WithId": 0,
    "Floor": 3,
    "Stage": 2,
    "Progress": 0,
    "Sailing": 2,
    "Sink": 0,
    "NavMapIndex": "6,5",
    "MapType": 1,
    "MapFloor": 3,
    "ComType": 1
  },
  {
    "Id": 125,
    "Type": 1,
    "ComponentId": 401,
    "ResName": "NormalBoard3_25",
    "Info": "木板84/90",
    "PreRelyId": 0,
    "RelyId": 126,
    "HideBoardId": 0,
    "WithId": 0,
    "Floor": 3,
    "Stage": 2,
    "Progress": 0,
    "Sailing": 2,
    "Sink": 0,
    "NavMapIndex": "6,1",
    "MapType": 1,
    "MapFloor": 3,
    "ComType": 1
  },
  {
    "Id": 126,
    "Type": 1,
    "ComponentId": 401,
    "ResName": "NormalBoard3_26",
    "Info": "木板85/90",
    "PreRelyId": 0,
    "RelyId": 127,
    "HideBoardId": 0,
    "WithId": 0,
    "Floor": 3,
    "Stage": 2,
    "Progress": 0,
    "Sailing": 2,
    "Sink": 0,
    "NavMapIndex": "7,5",
    "MapType": 1,
    "MapFloor": 3,
    "ComType": 1
  },
  {
    "Id": 127,
    "Type": 1,
    "ComponentId": 401,
    "ResName": "NormalBoard3_27",
    "Info": "木板86/90",
    "PreRelyId": 0,
    "RelyId": 128,
    "HideBoardId": 0,
    "WithId": 0,
    "Floor": 3,
    "Stage": 2,
    "Progress": 0,
    "Sailing": 2,
    "Sink": 0,
    "NavMapIndex": "7,1",
    "MapType": 1,
    "MapFloor": 3,
    "ComType": 1
  },
  {
    "Id": 128,
    "Type": 1,
    "ComponentId": 401,
    "ResName": "NormalBoard3_28",
    "Info": "木板87/90",
    "PreRelyId": 0,
    "RelyId": "129,144",
    "HideBoardId": 0,
    "WithId": 0,
    "Floor": 3,
    "Stage": 2,
    "Progress": 0,
    "Sailing": 2,
    "Sink": 0,
    "NavMapIndex": "8,5",
    "MapType": 1,
    "MapFloor": 3,
    "ComType": 1
  },
  {
    "Id": 129,
    "Type": 1,
    "ComponentId": 401,
    "ResName": "NormalBoard3_29",
    "Info": "木板88/90",
    "PreRelyId": 0,
    "RelyId": 130,
    "HideBoardId": 0,
    "WithId": 0,
    "Floor": 3,
    "Stage": 2,
    "Progress": 0,
    "Sailing": 2,
    "Sink": 0,
    "NavMapIndex": "8,1",
    "MapType": 1,
    "MapFloor": 3,
    "ComType": 1
  },
  {
    "Id": 130,
    "Type": 1,
    "ComponentId": 401,
    "ResName": "NormalBoard3_30",
    "Info": "木板89/90",
    "PreRelyId": 144,
    "RelyId": 131,
    "HideBoardId": 0,
    "WithId": 0,
    "Floor": 3,
    "Stage": 2,
    "Progress": 0,
    "Sailing": 2,
    "Sink": 0,
    "NavMapIndex": "9,3",
    "MapType": 1,
    "MapFloor": 3,
    "ComType": 1
  },
  {
    "Id": 131,
    "Type": 1,
    "ComponentId": 401,
    "ResName": "NormalBoard3_31",
    "Info": "木板90/90",
    "PreRelyId": 0,
    "RelyId": "145,173,176,178",
    "HideBoardId": 0,
    "WithId": 0,
    "Floor": 3,
    "Stage": 2,
    "Progress": 0,
    "Sailing": 3,
    "Sink": 0,
    "NavMapIndex": "10,3",
    "MapType": 1,
    "MapFloor": 3,
    "ComType": 1
  },
  {
    "Id": 132,
    "Type": 1,
    "ComponentId": 444,
    "ResName": "Lv1Table3_1",
    "Info": "桌子1级",
    "PreRelyId": 0,
    "RelyId": 0,
    "HideBoardId": 0,
    "WithId": 0,
    "Floor": 3,
    "Stage": 2,
    "Progress": 5,
    "Sailing": 2,
    "Sink": 0,
    "NavMapIndex": "6,4",
    "MapType": 0,
    "MapFloor": 3,
    "ComType": 0
  },
  {
    "Id": 133,
    "Type": 1,
    "ComponentId": 445,
    "ResName": "Lv2Table3_1",
    "Info": "桌子2级",
    "PreRelyId": 0,
    "RelyId": 0,
    "HideBoardId": 132,
    "WithId": 0,
    "Floor": 3,
    "Stage": 2,
    "Progress": 5,
    "Sailing": 2,
    "Sink": 0,
    "NavMapIndex": "6,4",
    "MapType": 0,
    "MapFloor": 3,
    "ComType": 0
  },
  {
    "Id": 134,
    "Type": 1,
    "ComponentId": 446,
    "ResName": "Lv3Table3_1",
    "Info": "桌子3级",
    "PreRelyId": 0,
    "RelyId": 0,
    "HideBoardId": 133,
    "WithId": 0,
    "Floor": 3,
    "Stage": 2,
    "Progress": 5,
    "Sailing": 2,
    "Sink": 0,
    "NavMapIndex": "6,4",
    "MapType": 0,
    "MapFloor": 3,
    "ComType": 0
  },
  {
    "Id": 135,
    "Type": 1,
    "ComponentId": 447,
    "ResName": "Lv1MainMast3_1",
    "Info": "主桅杆1级",
    "PreRelyId": 0,
    "RelyId": 0,
    "HideBoardId": 0,
    "WithId": 0,
    "Floor": 3,
    "Stage": 2,
    "Progress": 5,
    "Sailing": 2,
    "Sink": 0,
    "NavMapIndex": "5,3",
    "MapType": 1,
    "MapFloor": 3,
    "ComType": 0
  },
  {
    "Id": 136,
    "Type": 1,
    "ComponentId": 448,
    "ResName": "Lv2MainMast3_1",
    "Info": "主桅杆2级",
    "PreRelyId": 0,
    "RelyId": 0,
    "HideBoardId": 135,
    "WithId": 0,
    "Floor": 3,
    "Stage": 2,
    "Progress": 5,
    "Sailing": 2,
    "Sink": 0,
    "NavMapIndex": "3,3|6,3",
    "MapType": 1,
    "MapFloor": 3,
    "ComType": 0
  },
  {
    "Id": 137,
    "Type": 1,
    "ComponentId": 449,
    "ResName": "Lv3MainMast3_1",
    "Info": "主桅杆3级",
    "PreRelyId": 0,
    "RelyId": 0,
    "HideBoardId": 136,
    "WithId": 0,
    "Floor": 3,
    "Stage": 2,
    "Progress": 5,
    "Sailing": 2,
    "Sink": 0,
    "NavMapIndex": "5,3",
    "MapType": 1,
    "MapFloor": 3,
    "ComType": 0
  },
  {
    "Id": 138,
    "Type": 1,
    "ComponentId": 450,
    "ResName": "Lv1Room3_1",
    "Info": "房屋1级",
    "PreRelyId": 0,
    "RelyId": 0,
    "HideBoardId": 0,
    "WithId": 0,
    "Floor": 3,
    "Stage": 2,
    "Progress": 5,
    "Sailing": 2,
    "Sink": 0,
    "NavMapIndex": "8,3",
    "MapType": 0,
    "MapFloor": 3,
    "ComType": 2
  },
  {
    "Id": 139,
    "Type": 1,
    "ComponentId": 451,
    "ResName": "Lv2Room3_1",
    "Info": "房屋2级",
    "PreRelyId": 0,
    "RelyId": 0,
    "HideBoardId": 138,
    "WithId": 0,
    "Floor": 3,
    "Stage": 2,
    "Progress": 5,
    "Sailing": 2,
    "Sink": 0,
    "NavMapIndex": "8,3",
    "MapType": 0,
    "MapFloor": 3,
    "ComType": 2
  },
  {
    "Id": 140,
    "Type": 1,
    "ComponentId": 452,
    "ResName": "Berry3_1",
    "Info": "浆果厂1",
    "PreRelyId": 0,
    "RelyId": 119,
    "HideBoardId": 0,
    "WithId": 0,
    "Floor": 3,
    "Stage": 2,
    "Progress": 5,
    "Sailing": 2,
    "Sink": 0,
    "NavMapIndex": "3,4",
    "MapType": 0,
    "MapFloor": 3,
    "ComType": 2
  },
  {
    "Id": 141,
    "Type": 1,
    "ComponentId": 453,
    "ResName": "Lv1Barbecue3_1",
    "Info": "大烤架1级",
    "PreRelyId": 0,
    "RelyId": 0,
    "HideBoardId": 0,
    "WithId": 0,
    "Floor": 3,
    "Stage": 2,
    "Progress": 5,
    "Sailing": 2,
    "Sink": 0,
    "NavMapIndex": "4,5",
    "MapType": 0,
    "MapFloor": 3,
    "ComType": 2
  },
  {
    "Id": 142,
    "Type": 1,
    "ComponentId": 454,
    "ResName": "Lv1Table3_2",
    "Info": "桌子1级",
    "PreRelyId": 0,
    "RelyId": 0,
    "HideBoardId": 0,
    "WithId": 0,
    "Floor": 3,
    "Stage": 2,
    "Progress": 5,
    "Sailing": 2,
    "Sink": 0,
    "NavMapIndex": "4,1",
    "MapType": 0,
    "MapFloor": 3,
    "ComType": 2
  },
  {
    "Id": 143,
    "Type": 1,
    "ComponentId": 455,
    "ResName": "Berry3_2",
    "Info": "浆果厂2",
    "PreRelyId": 0,
    "RelyId": 0,
    "HideBoardId": 0,
    "WithId": 0,
    "Floor": 3,
    "Stage": 2,
    "Progress": 5,
    "Sailing": 2,
    "Sink": 0,
    "NavMapIndex": "3,2",
    "MapType": 0,
    "MapFloor": 3,
    "ComType": 2
  },
  {
    "Id": 144,
    "Type": 1,
    "ComponentId": 456,
    "ResName": "Pinaceae3_1",
    "Info": "松树",
    "PreRelyId": 0,
    "RelyId": 0,
    "HideBoardId": 0,
    "WithId": 0,
    "Floor": 3,
    "Stage": 2,
    "Progress": 5,
    "Sailing": 2,
    "Sink": 0,
    "NavMapIndex": "8,5",
    "MapType": 0,
    "MapFloor": 3,
    "ComType": 2
  },
  {
    "Id": 145,
    "Type": 1,
    "ComponentId": 401,
    "ResName": "NormalBoard3_32",
    "Info": "木板91/119",
    "PreRelyId": 173,
    "RelyId": 146,
    "HideBoardId": 0,
    "WithId": 0,
    "Floor": 3,
    "Stage": 3,
    "Progress": 0,
    "Sailing": 3,
    "Sink": 0,
    "NavMapIndex": "10,4",
    "MapType": 1,
    "MapFloor": 3,
    "ComType": 1
  },
  {
    "Id": 146,
    "Type": 1,
    "ComponentId": 401,
    "ResName": "NormalBoard3_33",
    "Info": "木板92/119",
    "PreRelyId": 178,
    "RelyId": "147,175",
    "HideBoardId": 0,
    "WithId": 0,
    "Floor": 3,
    "Stage": 3,
    "Progress": 0,
    "Sailing": 3,
    "Sink": 0,
    "NavMapIndex": "10,2",
    "MapType": 1,
    "MapFloor": 3,
    "ComType": 1
  },
  {
    "Id": 147,
    "Type": 1,
    "ComponentId": 401,
    "ResName": "NormalBoard3_34",
    "Info": "木板93/119",
    "PreRelyId": 175,
    "RelyId": "148,174",
    "HideBoardId": 0,
    "WithId": 0,
    "Floor": 3,
    "Stage": 3,
    "Progress": 0,
    "Sailing": 3,
    "Sink": 0,
    "NavMapIndex": "9,5",
    "MapType": 1,
    "MapFloor": 3,
    "ComType": 1
  },
  {
    "Id": 148,
    "Type": 1,
    "ComponentId": 401,
    "ResName": "NormalBoard3_35",
    "Info": "木板94/119",
    "PreRelyId": 174,
    "RelyId": 149,
    "HideBoardId": 0,
    "WithId": 0,
    "Floor": 3,
    "Stage": 3,
    "Progress": 0,
    "Sailing": 3,
    "Sink": 0,
    "NavMapIndex": "9,1",
    "MapType": 1,
    "MapFloor": 3,
    "ComType": 1
  },
  {
    "Id": 149,
    "Type": 1,
    "ComponentId": 401,
    "ResName": "NormalBoard3_36",
    "Info": "木板95/119",
    "PreRelyId": 176,
    "RelyId": "150,177",
    "HideBoardId": 0,
    "WithId": 0,
    "Floor": 3,
    "Stage": 3,
    "Progress": 0,
    "Sailing": 3,
    "Sink": 0,
    "NavMapIndex": "3,5",
    "MapType": 1,
    "MapFloor": 3,
    "ComType": 1
  },
  {
    "Id": 150,
    "Type": 1,
    "ComponentId": 401,
    "ResName": "NormalBoard3_37",
    "Info": "木板96/119",
    "PreRelyId": 177,
    "RelyId": 151,
    "HideBoardId": 0,
    "WithId": 0,
    "Floor": 3,
    "Stage": 3,
    "Progress": 0,
    "Sailing": 3,
    "Sink": 0,
    "NavMapIndex": "2,5",
    "MapType": 1,
    "MapFloor": 3,
    "ComType": 1
  },
  {
    "Id": 151,
    "Type": 1,
    "ComponentId": 401,
    "ResName": "NormalBoard3_38",
    "Info": "木板97/119",
    "PreRelyId": 0,
    "RelyId": "152,179",
    "HideBoardId": 0,
    "WithId": 0,
    "Floor": 3,
    "Stage": 3,
    "Progress": 0,
    "Sailing": 3,
    "Sink": 0,
    "NavMapIndex": "3,1",
    "MapType": 1,
    "MapFloor": 3,
    "ComType": 1
  },
  {
    "Id": 152,
    "Type": 1,
    "ComponentId": 401,
    "ResName": "NormalBoard3_39",
    "Info": "木板98/119",
    "PreRelyId": 0,
    "RelyId": 153,
    "HideBoardId": 0,
    "WithId": 0,
    "Floor": 3,
    "Stage": 3,
    "Progress": 0,
    "Sailing": 3,
    "Sink": 0,
    "NavMapIndex": "2,1",
    "MapType": 1,
    "MapFloor": 3,
    "ComType": 1
  },
  {
    "Id": 153,
    "Type": 1,
    "ComponentId": 401,
    "ResName": "NormalBoard3_40",
    "Info": "木板99/119",
    "PreRelyId": 179,
    "RelyId": "154,180",
    "HideBoardId": 0,
    "WithId": 0,
    "Floor": 3,
    "Stage": 3,
    "Progress": 0,
    "Sailing": 3,
    "Sink": 0,
    "NavMapIndex": "2,4",
    "MapType": 1,
    "MapFloor": 3,
    "ComType": 1
  },
  {
    "Id": 154,
    "Type": 1,
    "ComponentId": 401,
    "ResName": "NormalBoard3_41",
    "Info": "木板100/119",
    "PreRelyId": 0,
    "RelyId": 155,
    "HideBoardId": 0,
    "WithId": 0,
    "Floor": 3,
    "Stage": 3,
    "Progress": 0,
    "Sailing": 3,
    "Sink": 0,
    "NavMapIndex": "1,4",
    "MapType": 1,
    "MapFloor": 3,
    "ComType": 1
  },
  {
    "Id": 155,
    "Type": 1,
    "ComponentId": 401,
    "ResName": "NormalBoard3_42",
    "Info": "木板101/119",
    "PreRelyId": 0,
    "RelyId": 156,
    "HideBoardId": 0,
    "WithId": 0,
    "Floor": 3,
    "Stage": 3,
    "Progress": 0,
    "Sailing": 3,
    "Sink": 0,
    "NavMapIndex": "2,2",
    "MapType": 1,
    "MapFloor": 3,
    "ComType": 1
  },
  {
    "Id": 156,
    "Type": 1,
    "ComponentId": 401,
    "ResName": "NormalBoard3_43",
    "Info": "木板102/119",
    "PreRelyId": 180,
    "RelyId": 157,
    "HideBoardId": 0,
    "WithId": 0,
    "Floor": 3,
    "Stage": 3,
    "Progress": 0,
    "Sailing": 3,
    "Sink": 0,
    "NavMapIndex": "1,2",
    "MapType": 1,
    "MapFloor": 3,
    "ComType": 1
  },
  {
    "Id": 157,
    "Type": 1,
    "ComponentId": 401,
    "ResName": "NormalBoard3_44",
    "Info": "木板103/119",
    "PreRelyId": 0,
    "RelyId": "158,181,182",
    "HideBoardId": 0,
    "WithId": 0,
    "Floor": 3,
    "Stage": 3,
    "Progress": 0,
    "Sailing": 3,
    "Sink": 0,
    "NavMapIndex": "2,3",
    "MapType": 1,
    "MapFloor": 3,
    "ComType": 1
  },
  {
    "Id": 158,
    "Type": 1,
    "ComponentId": 401,
    "ResName": "NormalBoard3_45",
    "Info": "木板104/119",
    "PreRelyId": 182,
    "RelyId": 159,
    "HideBoardId": 0,
    "WithId": 0,
    "Floor": 3,
    "Stage": 3,
    "Progress": 0,
    "Sailing": 3,
    "Sink": 0,
    "NavMapIndex": "1,3",
    "MapType": 1,
    "MapFloor": 3,
    "ComType": 1
  },
  {
    "Id": 159,
    "Type": 1,
    "ComponentId": 401,
    "ResName": "NormalBoard3_46",
    "Info": "木板105/119",
    "PreRelyId": 0,
    "RelyId": "160,183",
    "HideBoardId": 0,
    "WithId": 0,
    "Floor": 3,
    "Stage": 3,
    "Progress": 0,
    "Sailing": 3,
    "Sink": 0,
    "NavMapIndex": "0,3",
    "MapType": 1,
    "MapFloor": 3,
    "ComType": 1
  },
  {
    "Id": 160,
    "Type": 1,
    "ComponentId": 401,
    "ResName": "NormalBoard3_47",
    "Info": "木板106/119",
    "PreRelyId": 0,
    "RelyId": "161,184",
    "HideBoardId": 0,
    "WithId": 0,
    "Floor": 3,
    "Stage": 3,
    "Progress": 0,
    "Sailing": 3,
    "Sink": 0,
    "NavMapIndex": "11,3",
    "MapType": 1,
    "MapFloor": 3,
    "ComType": 1
  },
  {
    "Id": 161,
    "Type": 1,
    "ComponentId": 401,
    "ResName": "NormalBoard3_48",
    "Info": "木板107/119",
    "PreRelyId": 0,
    "RelyId": 162,
    "HideBoardId": 0,
    "WithId": 0,
    "Floor": 3,
    "Stage": 3,
    "Progress": 0,
    "Sailing": 3,
    "Sink": 0,
    "NavMapIndex": "8,0",
    "MapType": 1,
    "MapFloor": 3,
    "ComType": 1
  },
  {
    "Id": 162,
    "Type": 1,
    "ComponentId": 401,
    "ResName": "NormalBoard3_49",
    "Info": "木板108/119",
    "PreRelyId": 0,
    "RelyId": 163,
    "HideBoardId": 0,
    "WithId": 0,
    "Floor": 3,
    "Stage": 3,
    "Progress": 0,
    "Sailing": 3,
    "Sink": 0,
    "NavMapIndex": "7,0",
    "MapType": 1,
    "MapFloor": 3,
    "ComType": 1
  },
  {
    "Id": 163,
    "Type": 1,
    "ComponentId": 401,
    "ResName": "NormalBoard3_50",
    "Info": "木板109/119",
    "PreRelyId": 184,
    "RelyId": 164,
    "HideBoardId": 0,
    "WithId": 0,
    "Floor": 3,
    "Stage": 3,
    "Progress": 0,
    "Sailing": 3,
    "Sink": 0,
    "NavMapIndex": "6,0",
    "MapType": 1,
    "MapFloor": 3,
    "ComType": 1
  },
  {
    "Id": 164,
    "Type": 1,
    "ComponentId": 401,
    "ResName": "NormalBoard3_51",
    "Info": "木板110/119",
    "PreRelyId": 0,
    "RelyId": "165,185",
    "HideBoardId": 0,
    "WithId": 0,
    "Floor": 3,
    "Stage": 3,
    "Progress": 0,
    "Sailing": 3,
    "Sink": 0,
    "NavMapIndex": "5,0",
    "MapType": 1,
    "MapFloor": 3,
    "ComType": 1
  },
  {
    "Id": 165,
    "Type": 1,
    "ComponentId": 401,
    "ResName": "NormalBoard3_52",
    "Info": "木板111/119",
    "PreRelyId": 0,
    "RelyId": 166,
    "HideBoardId": 0,
    "WithId": 0,
    "Floor": 3,
    "Stage": 3,
    "Progress": 0,
    "Sailing": 3,
    "Sink": 0,
    "NavMapIndex": "4,0",
    "MapType": 1,
    "MapFloor": 3,
    "ComType": 1
  },
  {
    "Id": 166,
    "Type": 1,
    "ComponentId": 401,
    "ResName": "NormalBoard3_53",
    "Info": "木板112/119",
    "PreRelyId": 0,
    "RelyId": 167,
    "HideBoardId": 0,
    "WithId": 0,
    "Floor": 3,
    "Stage": 3,
    "Progress": 0,
    "Sailing": 3,
    "Sink": 0,
    "NavMapIndex": "3,0",
    "MapType": 1,
    "MapFloor": 3,
    "ComType": 1
  },
  {
    "Id": 167,
    "Type": 1,
    "ComponentId": 401,
    "ResName": "NormalBoard3_54",
    "Info": "木板113/119",
    "PreRelyId": 0,
    "RelyId": 168,
    "HideBoardId": 0,
    "WithId": 0,
    "Floor": 3,
    "Stage": 3,
    "Progress": 0,
    "Sailing": 3,
    "Sink": 0,
    "NavMapIndex": "8,6",
    "MapType": 1,
    "MapFloor": 3,
    "ComType": 1
  },
  {
    "Id": 168,
    "Type": 1,
    "ComponentId": 401,
    "ResName": "NormalBoard3_55",
    "Info": "木板114/119",
    "PreRelyId": 0,
    "RelyId": 169,
    "HideBoardId": 0,
    "WithId": 0,
    "Floor": 3,
    "Stage": 3,
    "Progress": 0,
    "Sailing": 3,
    "Sink": 0,
    "NavMapIndex": "7,6",
    "MapType": 1,
    "MapFloor": 3,
    "ComType": 1
  },
  {
    "Id": 169,
    "Type": 1,
    "ComponentId": 401,
    "ResName": "NormalBoard3_56",
    "Info": "木板115/119",
    "PreRelyId": 185,
    "RelyId": 170,
    "HideBoardId": 0,
    "WithId": 0,
    "Floor": 3,
    "Stage": 3,
    "Progress": 0,
    "Sailing": 3,
    "Sink": 0,
    "NavMapIndex": "6,6",
    "MapType": 1,
    "MapFloor": 3,
    "ComType": 1
  },
  {
    "Id": 170,
    "Type": 1,
    "ComponentId": 401,
    "ResName": "NormalBoard3_57",
    "Info": "木板116/119",
    "PreRelyId": 0,
    "RelyId": "171,186",
    "HideBoardId": 0,
    "WithId": 0,
    "Floor": 3,
    "Stage": 3,
    "Progress": 0,
    "Sailing": 3,
    "Sink": 0,
    "NavMapIndex": "5,6",
    "MapType": 1,
    "MapFloor": 3,
    "ComType": 1
  },
  {
    "Id": 171,
    "Type": 1,
    "ComponentId": 401,
    "ResName": "NormalBoard3_58",
    "Info": "木板117/119",
    "PreRelyId": 186,
    "RelyId": 172,
    "HideBoardId": 0,
    "WithId": 0,
    "Floor": 3,
    "Stage": 3,
    "Progress": 0,
    "Sailing": 3,
    "Sink": 0,
    "NavMapIndex": "4,6",
    "MapType": 1,
    "MapFloor": 3,
    "ComType": 1
  },
  {
    "Id": 172,
    "Type": 1,
    "ComponentId": 401,
    "ResName": "NormalBoard3_59",
    "Info": "木板118/119",
    "PreRelyId": 0,
    "RelyId": "187,188,189,190,191,192",
    "HideBoardId": 0,
    "WithId": 0,
    "Floor": 3,
    "Stage": 3,
    "Progress": 0,
    "Sailing": 3,
    "Sink": 0,
    "NavMapIndex": "3,6",
    "MapType": 1,
    "MapFloor": 3,
    "ComType": 1
  },
  {
    "Id": 173,
    "Type": 1,
    "ComponentId": 457,
    "ResName": "Lv2Barbecue3_2",
    "Info": "大烤架2级",
    "PreRelyId": 0,
    "RelyId": 0,
    "HideBoardId": 141,
    "WithId": 0,
    "Floor": 3,
    "Stage": 3,
    "Progress": 5,
    "Sailing": 3,
    "Sink": 0,
    "NavMapIndex": "4,5",
    "MapType": 0,
    "MapFloor": 3,
    "ComType": 2
  },
  {
    "Id": 174,
    "Type": 1,
    "ComponentId": 458,
    "ResName": "Lv2Barbecue3_1",
    "Info": "大烤架2级",
    "PreRelyId": 0,
    "RelyId": 0,
    "HideBoardId": 178,
    "WithId": 0,
    "Floor": 3,
    "Stage": 3,
    "Progress": 5,
    "Sailing": 3,
    "Sink": 0,
    "NavMapIndex": "7,1",
    "MapType": 0,
    "MapFloor": 3,
    "ComType": 2
  },
  {
    "Id": 175,
    "Type": 1,
    "ComponentId": 459,
    "ResName": "Lv3Room3_1",
    "Info": "房屋3级",
    "PreRelyId": 0,
    "RelyId": 0,
    "HideBoardId": 139,
    "WithId": 0,
    "Floor": 3,
    "Stage": 3,
    "Progress": 5,
    "Sailing": 3,
    "Sink": 0,
    "NavMapIndex": "8,3",
    "MapType": 0,
    "MapFloor": 3,
    "ComType": 2
  },
  {
    "Id": 176,
    "Type": 1,
    "ComponentId": 460,
    "ResName": "Lv2Table3_2",
    "Info": "桌子2级",
    "PreRelyId": 0,
    "RelyId": 0,
    "HideBoardId": 142,
    "WithId": 0,
    "Floor": 3,
    "Stage": 3,
    "Progress": 5,
    "Sailing": 3,
    "Sink": 0,
    "NavMapIndex": "4,1",
    "MapType": 0,
    "MapFloor": 3,
    "ComType": 2
  },
  {
    "Id": 177,
    "Type": 1,
    "ComponentId": 461,
    "ResName": "Lv3Table3_2",
    "Info": "桌子3级",
    "PreRelyId": 0,
    "RelyId": 0,
    "HideBoardId": 176,
    "WithId": 0,
    "Floor": 3,
    "Stage": 3,
    "Progress": 5,
    "Sailing": 3,
    "Sink": 0,
    "NavMapIndex": "4,1",
    "MapType": 0,
    "MapFloor": 3,
    "ComType": 2
  },
  {
    "Id": 178,
    "Type": 1,
    "ComponentId": 462,
    "ResName": "Lv1Barbecue3_2",
    "Info": "大烤架1级",
    "PreRelyId": 0,
    "RelyId": 0,
    "HideBoardId": 0,
    "WithId": 0,
    "Floor": 3,
    "Stage": 3,
    "Progress": 5,
    "Sailing": 3,
    "Sink": 0,
    "NavMapIndex": "7,1",
    "MapType": 0,
    "MapFloor": 3,
    "ComType": 2
  },
  {
    "Id": 179,
    "Type": 1,
    "ComponentId": 463,
    "ResName": "Lv3Barbecue3_1",
    "Info": "大烤架3级",
    "PreRelyId": 0,
    "RelyId": 0,
    "HideBoardId": 173,
    "WithId": 0,
    "Floor": 3,
    "Stage": 3,
    "Progress": 5,
    "Sailing": 3,
    "Sink": 0,
    "NavMapIndex": "4,5",
    "MapType": 0,
    "MapFloor": 3,
    "ComType": 2
  },
  {
    "Id": 180,
    "Type": 1,
    "ComponentId": 464,
    "ResName": "Lv3Barbecue3_2",
    "Info": "大烤架3级",
    "PreRelyId": 0,
    "RelyId": 0,
    "HideBoardId": 174,
    "WithId": 0,
    "Floor": 3,
    "Stage": 3,
    "Progress": 5,
    "Sailing": 3,
    "Sink": 0,
    "NavMapIndex": "7,1",
    "MapType": 0,
    "MapFloor": 3,
    "ComType": 2
  },
  {
    "Id": 181,
    "Type": 1,
    "ComponentId": 465,
    "ResName": "VinkinStatue3_1",
    "Info": "维京人雕像",
    "PreRelyId": 0,
    "RelyId": 0,
    "HideBoardId": 0,
    "WithId": 0,
    "Floor": 3,
    "Stage": 3,
    "Progress": 5,
    "Sailing": 3,
    "Sink": 0,
    "NavMapIndex": "2,3",
    "MapType": 0,
    "MapFloor": 3,
    "ComType": 0
  },
  {
    "Id": 182,
    "Type": 1,
    "ComponentId": 466,
    "ResName": "Pinaceae3_2",
    "Info": "松树2",
    "PreRelyId": 0,
    "RelyId": 0,
    "HideBoardId": 0,
    "WithId": 0,
    "Floor": 3,
    "Stage": 3,
    "Progress": 5,
    "Sailing": 3,
    "Sink": 0,
    "NavMapIndex": "8,1",
    "MapType": 0,
    "MapFloor": 3,
    "ComType": 2
  },
  {
    "Id": 183,
    "Type": 1,
    "ComponentId": 467,
    "ResName": "DragonBow3_1",
    "Info": "龙头",
    "PreRelyId": 0,
    "RelyId": 0,
    "HideBoardId": 0,
    "WithId": 0,
    "Floor": 3,
    "Stage": 3,
    "Progress": 5,
    "Sailing": 3,
    "Sink": 0,
    "NavMapIndex": "0,3",
    "MapType": 0,
    "MapFloor": 3,
    "ComType": 0
  },
  {
    "Id": 184,
    "Type": 1,
    "ComponentId": 468,
    "ResName": "DranTail3_1",
    "Info": "龙尾",
    "PreRelyId": 0,
    "RelyId": 0,
    "HideBoardId": 0,
    "WithId": 0,
    "Floor": 3,
    "Stage": 3,
    "Progress": 5,
    "Sailing": 3,
    "Sink": 0,
    "NavMapIndex": "11,3",
    "MapType": 0,
    "MapFloor": 3,
    "ComType": 0
  },
  {
    "Id": 185,
    "Type": 1,
    "ComponentId": 469,
    "ResName": "Shield3_2",
    "Info": "盾牌x7",
    "PreRelyId": 0,
    "RelyId": 0,
    "HideBoardId": 0,
    "WithId": 0,
    "Floor": 3,
    "Stage": 3,
    "Progress": 5,
    "Sailing": 3,
    "Sink": 0,
    "NavMapIndex": "6,0",
    "MapType": 1,
    "MapFloor": 3,
    "ComType": 0
  },
  {
    "Id": 186,
    "Type": 1,
    "ComponentId": 470,
    "ResName": "Shield3_1",
    "Info": "盾牌x7",
    "PreRelyId": 0,
    "RelyId": 0,
    "HideBoardId": 0,
    "WithId": 0,
    "Floor": 3,
    "Stage": 3,
    "Progress": 5,
    "Sailing": 3,
    "Sink": 0,
    "NavMapIndex": "6,6",
    "MapType": 1,
    "MapFloor": 3,
    "ComType": 0
  },
  {
    "Id": 187,
    "Type": 1,
    "ComponentId": 471,
    "ResName": "Rail3_1",
    "Info": "围栏右-高",
    "PreRelyId": 0,
    "RelyId": 0,
    "HideBoardId": 0,
    "WithId": 0,
    "Floor": 3,
    "Stage": 3,
    "Progress": 5,
    "Sailing": 3,
    "Sink": 0,
    "NavMapIndex": "2,1",
    "MapType": 1,
    "MapFloor": 3,
    "ComType": 0
  },
  {
    "Id": 188,
    "Type": 1,
    "ComponentId": 472,
    "ResName": "Rail3_2",
    "Info": "围栏左-高",
    "PreRelyId": 0,
    "RelyId": 0,
    "HideBoardId": 0,
    "WithId": 0,
    "Floor": 3,
    "Stage": 3,
    "Progress": 5,
    "Sailing": 3,
    "Sink": 0,
    "NavMapIndex": "2,5",
    "MapType": 1,
    "MapFloor": 3,
    "ComType": 0
  },
  {
    "Id": 189,
    "Type": 1,
    "ComponentId": 473,
    "ResName": "Rail3_3",
    "Info": "围栏左-中",
    "PreRelyId": 0,
    "RelyId": 0,
    "HideBoardId": 0,
    "WithId": 0,
    "Floor": 3,
    "Stage": 3,
    "Progress": 5,
    "Sailing": 3,
    "Sink": 0,
    "NavMapIndex": "5,0",
    "MapType": 1,
    "MapFloor": 3,
    "ComType": 0
  },
  {
    "Id": 190,
    "Type": 1,
    "ComponentId": 474,
    "ResName": "Rail3_4",
    "Info": "围栏右-中",
    "PreRelyId": 0,
    "RelyId": 0,
    "HideBoardId": 0,
    "WithId": 0,
    "Floor": 3,
    "Stage": 3,
    "Progress": 5,
    "Sailing": 3,
    "Sink": 0,
    "NavMapIndex": "5,6",
    "MapType": 1,
    "MapFloor": 3,
    "ComType": 0
  },
  {
    "Id": 191,
    "Type": 1,
    "ComponentId": 475,
    "ResName": "Rail3_5",
    "Info": "围栏右-矮1",
    "PreRelyId": 0,
    "RelyId": 0,
    "HideBoardId": 0,
    "WithId": 0,
    "Floor": 3,
    "Stage": 3,
    "Progress": 5,
    "Sailing": 3,
    "Sink": 0,
    "NavMapIndex": "8,0",
    "MapType": 1,
    "MapFloor": 3,
    "ComType": 0
  },
  {
    "Id": 192,
    "Type": 1,
    "ComponentId": 476,
    "ResName": "Rail3_6",
    "Info": "围栏右-矮2",
    "PreRelyId": 0,
    "RelyId": 0,
    "HideBoardId": 0,
    "WithId": 0,
    "Floor": 3,
    "Stage": 3,
    "Progress": 5,
    "Sailing": 3,
    "Sink": 0,
    "NavMapIndex": "8,6",
    "MapType": 1,
    "MapFloor": 3,
    "ComType": 0
  },
  {
    "Id": 193,
    "Type": 2,
    "ComponentId": 477,
    "ResName": "BoardLadder2_1",
    "Info": "透明船板1/2",
    "PreRelyId": 0,
    "RelyId": 0,
    "HideBoardId": 0,
    "WithId": 0,
    "Floor": 1,
    "Stage": 1,
    "Progress": 0,
    "Sailing": 1,
    "Sink": 0,
    "NavMapIndex": "3,2",
    "MapType": 0,
    "MapFloor": 2,
    "ComType": 6
  },
  {
    "Id": 194,
    "Type": 2,
    "ComponentId": 477,
    "ResName": "BoardLadder2_2",
    "Info": "透明船板2/2",
    "PreRelyId": 0,
    "RelyId": 0,
    "HideBoardId": 0,
    "WithId": 0,
    "Floor": 1,
    "Stage": 1,
    "Progress": 0,
    "Sailing": 1,
    "Sink": 0,
    "NavMapIndex": "4,3",
    "MapType": 0,
    "MapFloor": 3,
    "ComType": 6
  }
]
