[
  {
    "Id": 1,
    "Type": 0,
    "ComponentId": 5,
    "ResName": "Lv1Tree1Pot",
    "Info": "希望树1级",
    "PreRelyId": 0,
    "RelyId": 2,
    "HideBoardId": 0,
    "WithId": 0,
    "Floor": 1,
    "Stage": 1,
    "Progress": 0,
    "Sailing": 1,
    "Sink": 0,
    "NavMapIndex": "3,2",
    "MapType": 0,
    "MapFloor": 1,
    "ComType": 2
  },
  {
    "Id": 2,
    "Type": 0,
    "ComponentId": 1,
    "ResName": "Board1_1",
    "Info": "船板",
    "PreRelyId": 0,
    "RelyId": 3,
    "HideBoardId": 0,
    "WithId": 0,
    "Floor": 1,
    "Stage": 1,
    "Progress": 0,
    "Sailing": 1,
    "Sink": 0,
    "NavMapIndex": "3,1",
    "MapType": 1,
    "MapFloor": 1,
    "ComType": 1
  },
  {
    "Id": 3,
    "Type": 1,
    "ComponentId": 1,
    "ResName": "Board1_2",
    "Info": "船板",
    "PreRelyId": 0,
    "RelyId": 4,
    "HideBoardId": 0,
    "WithId": 0,
    "Floor": 1,
    "Stage": 1,
    "Progress": 0,
    "Sailing": 1,
    "Sink": 0,
    "NavMapIndex": "2,1",
    "MapType": 1,
    "MapFloor": 1,
    "ComType": 1
  },
  {
    "Id": 4,
    "Type": 1,
    "ComponentId": 1,
    "ResName": "Board1_3",
    "Info": "船板",
    "PreRelyId": 0,
    "RelyId": 5,
    "HideBoardId": 0,
    "WithId": 0,
    "Floor": 1,
    "Stage": 1,
    "Progress": 0,
    "Sailing": 1,
    "Sink": 0,
    "NavMapIndex": "2,2",
    "MapType": 1,
    "MapFloor": 1,
    "ComType": 1
  },
  {
    "Id": 5,
    "Type": 1,
    "ComponentId": 1,
    "ResName": "Board1_4",
    "Info": "船板",
    "PreRelyId": 0,
    "RelyId": 22,
    "HideBoardId": 0,
    "WithId": 0,
    "Floor": 1,
    "Stage": 1,
    "Progress": 0,
    "Sailing": 1,
    "Sink": 0,
    "NavMapIndex": "4,1",
    "MapType": 1,
    "MapFloor": 1,
    "ComType": 1
  },
  {
    "Id": 6,
    "Type": 1,
    "ComponentId": 1,
    "ResName": "Board1_5",
    "Info": "船板",
    "PreRelyId": 0,
    "RelyId": 7,
    "HideBoardId": 0,
    "WithId": 0,
    "Floor": 1,
    "Stage": 1,
    "Progress": 0,
    "Sailing": 1,
    "Sink": 0,
    "NavMapIndex": "4,2",
    "MapType": 1,
    "MapFloor": 1,
    "ComType": 1
  },
  {
    "Id": 7,
    "Type": 1,
    "ComponentId": 1,
    "ResName": "Board1_6",
    "Info": "船板",
    "PreRelyId": 0,
    "RelyId": 8,
    "HideBoardId": 0,
    "WithId": 0,
    "Floor": 1,
    "Stage": 1,
    "Progress": 0,
    "Sailing": 1,
    "Sink": 0,
    "NavMapIndex": "4,3",
    "MapType": 1,
    "MapFloor": 1,
    "ComType": 1
  },
  {
    "Id": 8,
    "Type": 1,
    "ComponentId": 1,
    "ResName": "Board1_7",
    "Info": "船板",
    "PreRelyId": 0,
    "RelyId": "9,19",
    "HideBoardId": 0,
    "WithId": 0,
    "Floor": 1,
    "Stage": 1,
    "Progress": 0,
    "Sailing": 1,
    "Sink": 0,
    "NavMapIndex": "5,3",
    "MapType": 1,
    "MapFloor": 1,
    "ComType": 1
  },
  {
    "Id": 9,
    "Type": 1,
    "ComponentId": 1,
    "ResName": "Board1_8",
    "Info": "船板",
    "PreRelyId": 0,
    "RelyId": 10,
    "HideBoardId": 0,
    "WithId": 0,
    "Floor": 1,
    "Stage": 1,
    "Progress": 0,
    "Sailing": 1,
    "Sink": 0,
    "NavMapIndex": "5,2",
    "MapType": 1,
    "MapFloor": 1,
    "ComType": 1
  },
  {
    "Id": 10,
    "Type": 1,
    "ComponentId": 1,
    "ResName": "Board1_9",
    "Info": "船板",
    "PreRelyId": 0,
    "RelyId": 11,
    "HideBoardId": 0,
    "WithId": 0,
    "Floor": 1,
    "Stage": 1,
    "Progress": 0,
    "Sailing": 1,
    "Sink": 0,
    "NavMapIndex": "5,1",
    "MapType": 1,
    "MapFloor": 1,
    "ComType": 1
  },
  {
    "Id": 11,
    "Type": 1,
    "ComponentId": 1,
    "ResName": "Board1_10",
    "Info": "船板",
    "PreRelyId": 0,
    "RelyId": "12,21,23,26",
    "HideBoardId": 0,
    "WithId": 0,
    "Floor": 1,
    "Stage": 1,
    "Progress": 0,
    "Sailing": 1,
    "Sink": 0,
    "NavMapIndex": "3,3",
    "MapType": 1,
    "MapFloor": 1,
    "ComType": 1
  },
  {
    "Id": 12,
    "Type": 1,
    "ComponentId": 1,
    "ResName": "Board1_11",
    "Info": "船板",
    "PreRelyId": 0,
    "RelyId": 13,
    "HideBoardId": 0,
    "WithId": 0,
    "Floor": 1,
    "Stage": 1,
    "Progress": 0,
    "Sailing": 1,
    "Sink": 0,
    "NavMapIndex": "2,3",
    "MapType": 1,
    "MapFloor": 1,
    "ComType": 1
  },
  {
    "Id": 13,
    "Type": 1,
    "ComponentId": 1,
    "ResName": "Board1_12",
    "Info": "船板",
    "PreRelyId": 0,
    "RelyId": "14,24",
    "HideBoardId": 0,
    "WithId": 0,
    "Floor": 1,
    "Stage": 1,
    "Progress": 0,
    "Sailing": 1,
    "Sink": 0,
    "NavMapIndex": "3,4",
    "MapType": 1,
    "MapFloor": 1,
    "ComType": 1
  },
  {
    "Id": 14,
    "Type": 1,
    "ComponentId": 1,
    "ResName": "Board1_13",
    "Info": "船板",
    "PreRelyId": 0,
    "RelyId": 25,
    "HideBoardId": 0,
    "WithId": 0,
    "Floor": 1,
    "Stage": 1,
    "Progress": 0,
    "Sailing": 1,
    "Sink": 0,
    "NavMapIndex": "3,0",
    "MapType": 1,
    "MapFloor": 1,
    "ComType": 1
  },
  {
    "Id": 15,
    "Type": 1,
    "ComponentId": 1,
    "ResName": "Board1_14",
    "Info": "船板",
    "PreRelyId": 0,
    "RelyId": 16,
    "HideBoardId": 0,
    "WithId": 0,
    "Floor": 1,
    "Stage": 1,
    "Progress": 0,
    "Sailing": 1,
    "Sink": 0,
    "NavMapIndex": "1,1",
    "MapType": 1,
    "MapFloor": 1,
    "ComType": 1
  },
  {
    "Id": 16,
    "Type": 1,
    "ComponentId": 1,
    "ResName": "Board1_15",
    "Info": "船板",
    "PreRelyId": 26,
    "RelyId": 17,
    "HideBoardId": 0,
    "WithId": 0,
    "Floor": 1,
    "Stage": 1,
    "Progress": 0,
    "Sailing": 1,
    "Sink": 0,
    "NavMapIndex": "1,2",
    "MapType": 1,
    "MapFloor": 1,
    "ComType": 1
  },
  {
    "Id": 17,
    "Type": 1,
    "ComponentId": 1,
    "ResName": "Board1_16",
    "Info": "船板",
    "PreRelyId": 0,
    "RelyId": 18,
    "HideBoardId": 0,
    "WithId": 0,
    "Floor": 1,
    "Stage": 1,
    "Progress": 0,
    "Sailing": 1,
    "Sink": 0,
    "NavMapIndex": "1,3",
    "MapType": 1,
    "MapFloor": 1,
    "ComType": 1
  },
  {
    "Id": 18,
    "Type": 1,
    "ComponentId": 1,
    "ResName": "Board1_17",
    "Info": "船板",
    "PreRelyId": 0,
    "RelyId": 20,
    "HideBoardId": 0,
    "WithId": 0,
    "Floor": 1,
    "Stage": 1,
    "Progress": 0,
    "Sailing": 1,
    "Sink": 0,
    "NavMapIndex": "0,2",
    "MapType": 1,
    "MapFloor": 1,
    "ComType": 1
  },
  {
    "Id": 19,
    "Type": 1,
    "ComponentId": 2,
    "ResName": "Torch",
    "Info": "火炬",
    "PreRelyId": 0,
    "RelyId": 0,
    "HideBoardId": 0,
    "WithId": 0,
    "Floor": 1,
    "Stage": 1,
    "Progress": 9,
    "Sailing": 1,
    "Sink": 0,
    "NavMapIndex": "4,1",
    "MapType": 0,
    "MapFloor": 1,
    "ComType": 0
  },
  {
    "Id": 20,
    "Type": 1,
    "ComponentId": 10,
    "ResName": "SmallSail",
    "Info": "小帆",
    "PreRelyId": 0,
    "RelyId": 0,
    "HideBoardId": 0,
    "WithId": 0,
    "Floor": 1,
    "Stage": 1,
    "Progress": 15,
    "Sailing": 1,
    "Sink": 0,
    "NavMapIndex": "1,2",
    "MapType": 0,
    "MapFloor": 1,
    "ComType": 1
  },
  {
    "Id": 21,
    "Type": 1,
    "ComponentId": 6,
    "ResName": "Lv2Tree1Pot",
    "Info": "希望树2级",
    "PreRelyId": 0,
    "RelyId": 0,
    "HideBoardId": 1,
    "WithId": 0,
    "Floor": 1,
    "Stage": 1,
    "Progress": 10,
    "Sailing": 1,
    "Sink": 0,
    "NavMapIndex": "3,2",
    "MapType": 0,
    "MapFloor": 1,
    "ComType": 2
  },
  {
    "Id": 22,
    "Type": 1,
    "ComponentId": 3,
    "ResName": "Lv1CarrotPot",
    "Info": "胡萝卜田1级",
    "PreRelyId": 0,
    "RelyId": 6,
    "HideBoardId": 4,
    "WithId": 0,
    "Floor": 1,
    "Stage": 1,
    "Progress": 15,
    "Sailing": 1,
    "Sink": 0,
    "NavMapIndex": "2,2",
    "MapType": 0,
    "MapFloor": 1,
    "ComType": 2
  },
  {
    "Id": 23,
    "Type": 1,
    "ComponentId": 4,
    "ResName": "Lv2CarrotPot",
    "Info": "胡萝卜田2级",
    "PreRelyId": 0,
    "RelyId": 0,
    "HideBoardId": 22,
    "WithId": 0,
    "Floor": 1,
    "Stage": 1,
    "Progress": 9,
    "Sailing": 1,
    "Sink": 0,
    "NavMapIndex": "2,2",
    "MapType": 0,
    "MapFloor": 1,
    "ComType": 2
  },
  {
    "Id": 24,
    "Type": 1,
    "ComponentId": 8,
    "ResName": "OarsBoard_Left",
    "Info": "划桨左",
    "PreRelyId": 0,
    "RelyId": 0,
    "HideBoardId": 13,
    "WithId": 0,
    "Floor": 1,
    "Stage": 1,
    "Progress": 24,
    "Sailing": 1,
    "Sink": 0,
    "NavMapIndex": "3,4",
    "MapType": 1,
    "MapFloor": 1,
    "ComType": 7
  },
  {
    "Id": 25,
    "Type": 1,
    "ComponentId": 9,
    "ResName": "OarsBoard_Right",
    "Info": "划桨右",
    "PreRelyId": 0,
    "RelyId": 15,
    "HideBoardId": 14,
    "WithId": 0,
    "Floor": 1,
    "Stage": 1,
    "Progress": 9,
    "Sailing": 1,
    "Sink": 0,
    "NavMapIndex": "3,0",
    "MapType": 1,
    "MapFloor": 1,
    "ComType": 8
  },
  {
    "Id": 26,
    "Type": 1,
    "ComponentId": 7,
    "ResName": "CaptainRoom",
    "Info": "船长室",
    "PreRelyId": 0,
    "RelyId": 0,
    "HideBoardId": "8,9,10",
    "WithId": 0,
    "Floor": 1,
    "Stage": 1,
    "Progress": 9,
    "Sailing": 1,
    "Sink": 0,
    "NavMapIndex": "5,1|5,2|5,3",
    "MapType": 0,
    "MapFloor": 1,
    "ComType": 0
  }
]
