[
  {
    "name": "StoneBoard1_1",
    "position": [1.0, 0.0, 0.0],
    "rotation": [0.0, 0.0, 0.0],
    "scale": [1.0, 1.0, 1.0],
    "isMeshObj": true,
    "meshName": "StoneBoard"
  },
  {
    "name": "StoneBoard1_2",
    "position": [1.0, 0.0, -1.0],
    "rotation": [0.0, 0.0, 0.0],
    "scale": [1.0, 1.0, 1.0],
    "isMeshObj": true,
    "meshName": "StoneBoard"
  },
  {
    "name": "StoneBoard1_3",
    "position": [1.0, 0.0, -2.0],
    "rotation": [0.0, 0.0, 0.0],
    "scale": [1.0, 1.0, 1.0],
    "isMeshObj": true,
    "meshName": "StoneBoard"
  },
  {
    "name": "StoneBoard1_4",
    "position": [1.0, 0.0, 1.0],
    "rotation": [0.0, 0.0, 0.0],
    "scale": [1.0, 1.0, 1.0],
    "isMeshObj": true,
    "meshName": "StoneBoard"
  },
  {
    "name": "StoneBoard1_5",
    "position": [1.0, 0.0, 2.0],
    "rotation": [0.0, 0.0, 0.0],
    "scale": [1.0, 1.0, 1.0],
    "isMeshObj": true,
    "meshName": "StoneBoard"
  },
  {
    "name": "StoneBoard1_6",
    "position": [0.0, 0.0, 0.0],
    "rotation": [0.0, 0.0, 0.0],
    "scale": [1.0, 1.0, 1.0],
    "isMeshObj": true,
    "meshName": "StoneBoard"
  },
  {
    "name": "StoneBoard1_7",
    "position": [-1.0, 0.0, 0.0],
    "rotation": [0.0, 0.0, 0.0],
    "scale": [1.0, 1.0, 1.0],
    "isMeshObj": true,
    "meshName": "StoneBoard"
  },
  {
    "name": "StoneBoard1_8",
    "position": [0.0, 0.0, 1.0],
    "rotation": [0.0, 0.0, 0.0],
    "scale": [1.0, 1.0, 1.0],
    "isMeshObj": true,
    "meshName": "StoneBoard"
  },
  {
    "name": "StoneBoard1_9",
    "position": [0.0, 0.0, 2.0],
    "rotation": [0.0, 0.0, 0.0],
    "scale": [1.0, 1.0, 1.0],
    "isMeshObj": true,
    "meshName": "StoneBoard"
  },
  {
    "name": "StoneBoard1_10",
    "position": [0.0, 0.0, 3.0],
    "rotation": [0.0, 0.0, 0.0],
    "scale": [1.0, 1.0, 1.0],
    "isMeshObj": true,
    "meshName": "StoneBoard"
  },
  {
    "name": "StoneBoard1_11",
    "position": [1.0, 0.0, 3.0],
    "rotation": [0.0, 0.0, 0.0],
    "scale": [1.0, 1.0, 1.0],
    "isMeshObj": true,
    "meshName": "StoneBoard"
  },
  {
    "name": "StoneBoard1_12",
    "position": [1.0, 0.0, 4.0],
    "rotation": [0.0, 0.0, 0.0],
    "scale": [1.0, 1.0, 1.0],
    "isMeshObj": true,
    "meshName": "StoneBoard"
  },
  {
    "name": "StoneBoard1_13",
    "position": [0.0, 0.0, 4.0],
    "rotation": [0.0, 0.0, 0.0],
    "scale": [1.0, 1.0, 1.0],
    "isMeshObj": true,
    "meshName": "StoneBoard"
  },
  {
    "name": "StoneBoard1_14",
    "position": [-1.0, 0.0, 1.0],
    "rotation": [0.0, 0.0, 0.0],
    "scale": [1.0, 1.0, 1.0],
    "isMeshObj": true,
    "meshName": "StoneBoard"
  },
  {
    "name": "StoneBoard1_15",
    "position": [-1.0, 0.0, 2.0],
    "rotation": [0.0, 0.0, 0.0],
    "scale": [1.0, 1.0, 1.0],
    "isMeshObj": true,
    "meshName": "StoneBoard"
  },
  {
    "name": "StoneBoard1_16",
    "position": [-1.0, 0.0, 3.0],
    "rotation": [0.0, 0.0, 0.0],
    "scale": [1.0, 1.0, 1.0],
    "isMeshObj": true,
    "meshName": "StoneBoard"
  },
  {
    "name": "StoneBoard1_17",
    "position": [-1.0, 0.0, 4.0],
    "rotation": [0.0, 0.0, 0.0],
    "scale": [1.0, 1.0, 1.0],
    "isMeshObj": true,
    "meshName": "StoneBoard"
  },
  {
    "name": "StoneBoard1_18",
    "position": [-2.0, 0.0, 4.0],
    "rotation": [0.0, 0.0, 0.0],
    "scale": [1.0, 1.0, 1.0],
    "isMeshObj": true,
    "meshName": "StoneBoard"
  },
  {
    "name": "StoneBoard1_19",
    "position": [-2.0, 0.0, 3.0],
    "rotation": [0.0, 0.0, 0.0],
    "scale": [1.0, 1.0, 1.0],
    "isMeshObj": true,
    "meshName": "StoneBoard"
  },
  {
    "name": "StoneBoard1_20",
    "position": [-2.0, 0.0, 2.0],
    "rotation": [0.0, 0.0, 0.0],
    "scale": [1.0, 1.0, 1.0],
    "isMeshObj": true,
    "meshName": "StoneBoard"
  },
  {
    "name": "StoneBoard1_21",
    "position": [-2.0, 0.0, 1.0],
    "rotation": [0.0, 0.0, 0.0],
    "scale": [1.0, 1.0, 1.0],
    "isMeshObj": true,
    "meshName": "StoneBoard"
  },
  {
    "name": "StoneBoard1_22",
    "position": [-2.0, 0.0, 0.0],
    "rotation": [0.0, 0.0, 0.0],
    "scale": [1.0, 1.0, 1.0],
    "isMeshObj": true,
    "meshName": "StoneBoard"
  },
  {
    "name": "StoneBoard1_23",
    "position": [-2.0, 0.0, -1.0],
    "rotation": [0.0, 0.0, 0.0],
    "scale": [1.0, 1.0, 1.0],
    "isMeshObj": true,
    "meshName": "StoneBoard"
  },
  {
    "name": "StoneBoard1_24",
    "position": [-1.0, 0.0, -1.0],
    "rotation": [0.0, 0.0, 0.0],
    "scale": [1.0, 1.0, 1.0],
    "isMeshObj": true,
    "meshName": "StoneBoard"
  },
  {
    "name": "StoneBoard1_25",
    "position": [-1.0, 0.0, -2.0],
    "rotation": [0.0, 0.0, 0.0],
    "scale": [1.0, 1.0, 1.0],
    "isMeshObj": true,
    "meshName": "StoneBoard"
  },
  {
    "name": "StoneBoard1_26",
    "position": [-2.0, 0.0, -2.0],
    "rotation": [0.0, 0.0, 0.0],
    "scale": [1.0, 1.0, 1.0],
    "isMeshObj": true,
    "meshName": "StoneBoard"
  },
  {
    "name": "StoneBoard1_27",
    "position": [-2.0, 0.0, -3.0],
    "rotation": [0.0, 0.0, 0.0],
    "scale": [1.0, 1.0, 1.0],
    "isMeshObj": true,
    "meshName": "StoneBoard"
  },
  {
    "name": "StoneBoard1_28",
    "position": [-1.0, 0.0, -3.0],
    "rotation": [0.0, 0.0, 0.0],
    "scale": [1.0, 1.0, 1.0],
    "isMeshObj": true,
    "meshName": "StoneBoard"
  },
  {
    "name": "StoneBoard1_29",
    "position": [0.0, 0.0, -1.0],
    "rotation": [0.0, 0.0, 0.0],
    "scale": [1.0, 1.0, 1.0],
    "isMeshObj": true,
    "meshName": "StoneBoard"
  },
  {
    "name": "StoneBoard1_30",
    "position": [0.0, 0.0, -2.0],
    "rotation": [0.0, 0.0, 0.0],
    "scale": [1.0, 1.0, 1.0],
    "isMeshObj": true,
    "meshName": "StoneBoard"
  },
  {
    "name": "StoneBoard1_31",
    "position": [0.0, 0.0, -3.0],
    "rotation": [0.0, 0.0, 0.0],
    "scale": [1.0, 1.0, 1.0],
    "isMeshObj": true,
    "meshName": "StoneBoard"
  },
  {
    "name": "StoneBoard1_32",
    "position": [1.0, 0.0, -3.0],
    "rotation": [0.0, 0.0, 0.0],
    "scale": [1.0, 1.0, 1.0],
    "isMeshObj": true,
    "meshName": "StoneBoard"
  },
  {
    "name": "StoneBoard1_33",
    "position": [1.0, 0.0, -4.0],
    "rotation": [0.0, 0.0, 0.0],
    "scale": [1.0, 1.0, 1.0],
    "isMeshObj": true,
    "meshName": "StoneBoard"
  },
  {
    "name": "StoneBoard1_34",
    "position": [0.0, 0.0, -4.0],
    "rotation": [0.0, 0.0, 0.0],
    "scale": [1.0, 1.0, 1.0],
    "isMeshObj": true,
    "meshName": "StoneBoard"
  },
  {
    "name": "StoneBoard1_35",
    "position": [-1.0, 0.0, -4.0],
    "rotation": [0.0, 0.0, 0.0],
    "scale": [1.0, 1.0, 1.0],
    "isMeshObj": true,
    "meshName": "StoneBoard"
  },
  {
    "name": "StoneBoard1_36",
    "position": [-2.0, 0.0, -4.0],
    "rotation": [0.0, 0.0, 0.0],
    "scale": [1.0, 1.0, 1.0],
    "isMeshObj": true,
    "meshName": "StoneBoard"
  },
  {
    "name": "Lv1Mine1_1",
    "position": [0.93, 0.0, 0.0],
    "rotation": [0.0, 0.0, 0.0],
    "scale": [1.0, 1.0, 1.0],
    "isMeshObj": true,
    "meshName": "Lv1Mine"
  },
  {
    "name": "Lv1Mine1_2",
    "position": [-1.99, 0.0, 0.0],
    "rotation": [0.0, 0.0, 0.0],
    "scale": [1.0, 1.0, 1.0],
    "isMeshObj": true,
    "meshName": "Lv1Mine"
  },
  {
    "name": "WhaleStatue1_1",
    "position": [0.0, 0.0, 3.0],
    "rotation": [0.0, 0.0, 0.0],
    "scale": [1.0, 1.0, 1.0],
    "isMeshObj": true,
    "meshName": "WhaleStatue"
  },
  {
    "name": "WhaleStatue1_2",
    "position": [-2.0, 0.0, 3.0],
    "rotation": [0.0, 0.0, 0.0],
    "scale": [1.0, 1.0, 1.0],
    "isMeshObj": true,
    "meshName": "WhaleStatue"
  },
  {
    "name": "DivingBell",
    "position": [-2.0, 0.0, -3.0],
    "rotation": [0.0, 0.0, 0.0],
    "scale": [1.0, 1.0, 1.0],
    "isMeshObj": true,
    "meshName": "DivingBell"
  },
  {
    "name": "StoneLadder1_1",
    "position": [-1.0, 0.0, -2.952],
    "rotation": [0.0, 180.0, 0.0],
    "scale": [1.0, 1.0, 1.0],
    "isMeshObj": true,
    "meshName": "StoneLadder"
  },
  {
    "name": "Lv1StoneBox1_1",
    "position": [0.0, 0.0, -2.0],
    "rotation": [0.0, 0.0, 0.0],
    "scale": [1.0, 1.0, 1.0],
    "isMeshObj": true,
    "meshName": "StoneBox"
  },
  {
    "name": "Lv2StoneBox1_1",
    "position": [0.0, 0.0, -2.0],
    "rotation": [0.0, 0.0, 0.0],
    "scale": [1.0, 1.0, 1.0],
    "isMeshObj": false,
    "meshName": ""
  },
  {
    "name": "Bed1_1",
    "position": [0.0, 0.0, -3.0],
    "rotation": [0.0, 0.0, 0.0],
    "scale": [1.0, 1.0, 1.0],
    "isMeshObj": true,
    "meshName": "Bed"
  },
  {
    "name": "StoneWall1_1",
    "position": [0.0, 0.0, -4.0],
    "rotation": [0.0, 0.0, 0.0],
    "scale": [1.0, 1.0, 1.0],
    "isMeshObj": false,
    "meshName": ""
  },
  {
    "name": "StoneWall1_2",
    "position": [-1.0, 0.0, 4.0],
    "rotation": [0.0, 180.0, 0.0],
    "scale": [1.0, 1.0, 1.0],
    "isMeshObj": false,
    "meshName": ""
  },
  {
    "name": "StoneWall1_3",
    "position": [0.0, 0.0, 0.0],
    "rotation": [0.0, 0.0, 0.0],
    "scale": [1.0, 1.0, 1.0],
    "isMeshObj": false,
    "meshName": ""
  },
  {
    "name": "StoneWall1_4",
    "position": [-0.955, 0.0, -0.005],
    "rotation": [0.0, 180.0, 0.0],
    "scale": [1.0, 1.0, 1.0],
    "isMeshObj": false,
    "meshName": ""
  },
  {
    "name": "StoneBoard2_1",
    "position": [-1.0, 2.0, -2.0],
    "rotation": [0.0, 0.0, 0.0],
    "scale": [1.0, 1.0, 1.0],
    "isMeshObj": true,
    "meshName": "StoneBoard"
  },
  {
    "name": "StoneBoard2_2",
    "position": [-2.0, 2.0, -2.0],
    "rotation": [0.0, 0.0, 0.0],
    "scale": [1.0, 1.0, 1.0],
    "isMeshObj": true,
    "meshName": "StoneBoard"
  },
  {
    "name": "StoneBoard2_3",
    "position": [-2.0, 2.0, -1.0],
    "rotation": [0.0, 0.0, 0.0],
    "scale": [1.0, 1.0, 1.0],
    "isMeshObj": true,
    "meshName": "StoneBoard"
  },
  {
    "name": "StoneBoard2_4",
    "position": [-2.0, 2.0, 0.0],
    "rotation": [0.0, 0.0, 0.0],
    "scale": [1.0, 1.0, 1.0],
    "isMeshObj": true,
    "meshName": "StoneBoard"
  },
  {
    "name": "StoneBoard2_5",
    "position": [-2.0, 2.0, 1.0],
    "rotation": [0.0, 0.0, 0.0],
    "scale": [1.0, 1.0, 1.0],
    "isMeshObj": true,
    "meshName": "StoneBoard"
  },
  {
    "name": "StoneBoard2_6",
    "position": [-1.0, 2.0, -1.0],
    "rotation": [0.0, 0.0, 0.0],
    "scale": [1.0, 1.0, 1.0],
    "isMeshObj": true,
    "meshName": "StoneBoard"
  },
  {
    "name": "StoneBoard2_7",
    "position": [0.0, 2.0, -1.0],
    "rotation": [0.0, 0.0, 0.0],
    "scale": [1.0, 1.0, 1.0],
    "isMeshObj": true,
    "meshName": "StoneBoard"
  },
  {
    "name": "StoneBoard2_8",
    "position": [0.0, 2.0, 0.0],
    "rotation": [0.0, 0.0, 0.0],
    "scale": [1.0, 1.0, 1.0],
    "isMeshObj": true,
    "meshName": "StoneBoard"
  },
  {
    "name": "StoneBoard2_9",
    "position": [0.0, 2.0, -2.0],
    "rotation": [0.0, 0.0, 0.0],
    "scale": [1.0, 1.0, 1.0],
    "isMeshObj": true,
    "meshName": "StoneBoard"
  },
  {
    "name": "StoneBoard2_10",
    "position": [0.0, 2.0, 1.0],
    "rotation": [0.0, 0.0, 0.0],
    "scale": [1.0, 1.0, 1.0],
    "isMeshObj": true,
    "meshName": "StoneBoard"
  },
  {
    "name": "StoneBoard2_11",
    "position": [1.0, 2.0, -2.0],
    "rotation": [0.0, 0.0, 0.0],
    "scale": [1.0, 1.0, 1.0],
    "isMeshObj": true,
    "meshName": "StoneBoard"
  },
  {
    "name": "StoneBoard2_12",
    "position": [1.0, 2.0, -1.0],
    "rotation": [0.0, 0.0, 0.0],
    "scale": [1.0, 1.0, 1.0],
    "isMeshObj": true,
    "meshName": "StoneBoard"
  },
  {
    "name": "StoneBoard2_13",
    "position": [1.0, 2.0, 0.0],
    "rotation": [0.0, 0.0, 0.0],
    "scale": [1.0, 1.0, 1.0],
    "isMeshObj": true,
    "meshName": "StoneBoard"
  },
  {
    "name": "StoneBoard2_14",
    "position": [1.0, 2.0, 1.0],
    "rotation": [0.0, 0.0, 0.0],
    "scale": [1.0, 1.0, 1.0],
    "isMeshObj": true,
    "meshName": "StoneBoard"
  },
  {
    "name": "StoneBoard2_15",
    "position": [-1.0, 2.0, 0.0],
    "rotation": [0.0, 0.0, 0.0],
    "scale": [1.0, 1.0, 1.0],
    "isMeshObj": true,
    "meshName": "StoneBoard"
  },
  {
    "name": "StoneBoard2_16",
    "position": [-1.0, 2.0, 1.0],
    "rotation": [0.0, 0.0, 0.0],
    "scale": [1.0, 1.0, 1.0],
    "isMeshObj": true,
    "meshName": "StoneBoard"
  },
  {
    "name": "StoneBoard2_17",
    "position": [-1.0, 2.0, 2.0],
    "rotation": [0.0, 0.0, 0.0],
    "scale": [1.0, 1.0, 1.0],
    "isMeshObj": true,
    "meshName": "StoneBoard"
  },
  {
    "name": "StoneBoard2_18",
    "position": [-2.0, 2.0, 2.0],
    "rotation": [0.0, 0.0, 0.0],
    "scale": [1.0, 1.0, 1.0],
    "isMeshObj": true,
    "meshName": "StoneBoard"
  },
  {
    "name": "StoneBoard2_19",
    "position": [-2.0, 2.0, 3.0],
    "rotation": [0.0, 0.0, 0.0],
    "scale": [1.0, 1.0, 1.0],
    "isMeshObj": true,
    "meshName": "StoneBoard"
  },
  {
    "name": "StoneBoard2_20",
    "position": [-1.0, 2.0, 3.0],
    "rotation": [0.0, 0.0, 0.0],
    "scale": [1.0, 1.0, 1.0],
    "isMeshObj": true,
    "meshName": "StoneBoard"
  },
  {
    "name": "StoneBoard2_21",
    "position": [0.0, 2.0, 2.0],
    "rotation": [0.0, 0.0, 0.0],
    "scale": [1.0, 1.0, 1.0],
    "isMeshObj": true,
    "meshName": "StoneBoard"
  },
  {
    "name": "StoneBoard2_22",
    "position": [1.0, 2.0, 2.0],
    "rotation": [0.0, 0.0, 0.0],
    "scale": [1.0, 1.0, 1.0],
    "isMeshObj": true,
    "meshName": "StoneBoard"
  },
  {
    "name": "StoneBoard2_23",
    "position": [0.0, 2.0, 3.0],
    "rotation": [0.0, 0.0, 0.0],
    "scale": [1.0, 1.0, 1.0],
    "isMeshObj": true,
    "meshName": "StoneBoard"
  },
  {
    "name": "StoneBoard2_24",
    "position": [1.0, 2.0, 3.0],
    "rotation": [0.0, 0.0, 0.0],
    "scale": [1.0, 1.0, 1.0],
    "isMeshObj": true,
    "meshName": "StoneBoard"
  },
  {
    "name": "StoneLadder2_1",
    "position": [-1.0, 2.0, 2.0],
    "rotation": [0.0, 0.0, 0.0],
    "scale": [1.0, 1.0, 1.0],
    "isMeshObj": true,
    "meshName": "StoneLadder"
  },
  {
    "name": "StoneBoard2_25",
    "position": [0.0, 2.0, -3.0],
    "rotation": [0.0, 0.0, 0.0],
    "scale": [1.0, 1.0, 1.0],
    "isMeshObj": true,
    "meshName": "StoneBoard"
  },
  {
    "name": "StoneBoard2_26",
    "position": [1.0, 2.0, -3.0],
    "rotation": [0.0, 0.0, 0.0],
    "scale": [1.0, 1.0, 1.0],
    "isMeshObj": true,
    "meshName": "StoneBoard"
  },
  {
    "name": "StoneBoard2_27",
    "position": [1.0, 2.0, 4.0],
    "rotation": [0.0, 0.0, 0.0],
    "scale": [1.0, 1.0, 1.0],
    "isMeshObj": true,
    "meshName": "StoneBoard"
  },
  {
    "name": "StoneBoard2_28",
    "position": [0.0, 2.0, 4.0],
    "rotation": [0.0, 0.0, 0.0],
    "scale": [1.0, 1.0, 1.0],
    "isMeshObj": true,
    "meshName": "StoneBoard"
  },
  {
    "name": "StoneBoard2_29",
    "position": [2.0, 2.0, 4.0],
    "rotation": [0.0, 0.0, 0.0],
    "scale": [1.0, 1.0, 1.0],
    "isMeshObj": true,
    "meshName": "StoneBoard"
  },
  {
    "name": "StoneBoard2_30",
    "position": [-2.0, 2.0, -3.0],
    "rotation": [0.0, 0.0, 0.0],
    "scale": [1.0, 1.0, 1.0],
    "isMeshObj": true,
    "meshName": "StoneBoard"
  },
  {
    "name": "StoneBoard2_31",
    "position": [-2.0, 2.0, 4.0],
    "rotation": [0.0, 0.0, 0.0],
    "scale": [1.0, 1.0, 1.0],
    "isMeshObj": true,
    "meshName": "StoneBoard"
  },
  {
    "name": "StoneBoard2_32",
    "position": [-3.0, 2.0, 4.0],
    "rotation": [0.0, 0.0, 0.0],
    "scale": [1.0, 1.0, 1.0],
    "isMeshObj": true,
    "meshName": "StoneBoard"
  },
  {
    "name": "StoneBoard2_33",
    "position": [-2.0, 2.0, 5.0],
    "rotation": [0.0, 0.0, 0.0],
    "scale": [1.0, 1.0, 1.0],
    "isMeshObj": true,
    "meshName": "StoneBoard"
  },
  {
    "name": "StoneBoard2_34",
    "position": [-1.0, 2.0, 5.0],
    "rotation": [0.0, 0.0, 0.0],
    "scale": [1.0, 1.0, 1.0],
    "isMeshObj": true,
    "meshName": "StoneBoard"
  },
  {
    "name": "StoneBoard2_35",
    "position": [-1.0, 2.0, 4.0],
    "rotation": [0.0, 0.0, 0.0],
    "scale": [1.0, 1.0, 1.0],
    "isMeshObj": true,
    "meshName": "StoneBoard"
  },
  {
    "name": "StoneBoard2_36",
    "position": [0.0, 2.0, 5.0],
    "rotation": [0.0, 0.0, 0.0],
    "scale": [1.0, 1.0, 1.0],
    "isMeshObj": true,
    "meshName": "StoneBoard"
  },
  {
    "name": "StoneBoard2_37",
    "position": [1.0, 2.0, 5.0],
    "rotation": [0.0, 0.0, 0.0],
    "scale": [1.0, 1.0, 1.0],
    "isMeshObj": true,
    "meshName": "StoneBoard"
  },
  {
    "name": "StoneBoard2_38",
    "position": [-3.0, 2.0, 5.0],
    "rotation": [0.0, 0.0, 0.0],
    "scale": [1.0, 1.0, 1.0],
    "isMeshObj": true,
    "meshName": "StoneBoard"
  },
  {
    "name": "StoneBoard2_39",
    "position": [1.0, 2.0, -4.0],
    "rotation": [0.0, 0.0, 0.0],
    "scale": [1.0, 1.0, 1.0],
    "isMeshObj": true,
    "meshName": "StoneBoard"
  },
  {
    "name": "StoneBoard2_40",
    "position": [0.0, 2.0, -4.0],
    "rotation": [0.0, 0.0, 0.0],
    "scale": [1.0, 1.0, 1.0],
    "isMeshObj": true,
    "meshName": "StoneBoard"
  },
  {
    "name": "StoneBoard2_41",
    "position": [-1.0, 2.0, -4.0],
    "rotation": [0.0, 0.0, 0.0],
    "scale": [1.0, 1.0, 1.0],
    "isMeshObj": true,
    "meshName": "StoneBoard"
  },
  {
    "name": "StoneBoard2_42",
    "position": [-2.0, 2.0, -4.0],
    "rotation": [0.0, 0.0, 0.0],
    "scale": [1.0, 1.0, 1.0],
    "isMeshObj": true,
    "meshName": "StoneBoard"
  },
  {
    "name": "StoneBoard2_43",
    "position": [2.0, 2.0, 5.0],
    "rotation": [0.0, 0.0, 0.0],
    "scale": [1.0, 1.0, 1.0],
    "isMeshObj": true,
    "meshName": "StoneBoard"
  },
  {
    "name": "StoneBoard2_44",
    "position": [1.0, 2.0, -5.0],
    "rotation": [0.0, 0.0, 0.0],
    "scale": [1.0, 1.0, 1.0],
    "isMeshObj": true,
    "meshName": "StoneBoard"
  },
  {
    "name": "StoneBoard2_45",
    "position": [0.0, 2.0, -5.0],
    "rotation": [0.0, 0.0, 0.0],
    "scale": [1.0, 1.0, 1.0],
    "isMeshObj": true,
    "meshName": "StoneBoard"
  },
  {
    "name": "StoneBoard2_46",
    "position": [-1.0, 2.0, -5.0],
    "rotation": [0.0, 0.0, 0.0],
    "scale": [1.0, 1.0, 1.0],
    "isMeshObj": true,
    "meshName": "StoneBoard"
  },
  {
    "name": "StoneBoard2_47",
    "position": [-2.0, 2.0, -5.0],
    "rotation": [0.0, 0.0, 0.0],
    "scale": [1.0, 1.0, 1.0],
    "isMeshObj": true,
    "meshName": "StoneBoard"
  },
  {
    "name": "StoneBoard2_48",
    "position": [2.0, 2.0, 2.0],
    "rotation": [0.0, 0.0, 0.0],
    "scale": [1.0, 1.0, 1.0],
    "isMeshObj": true,
    "meshName": "StoneBoard"
  },
  {
    "name": "StoneBoard2_49",
    "position": [3.0, 2.0, 2.0],
    "rotation": [0.0, 0.0, 0.0],
    "scale": [1.0, 1.0, 1.0],
    "isMeshObj": true,
    "meshName": "StoneBoard"
  },
  {
    "name": "StoneBoard2_50",
    "position": [4.0, 2.0, 2.0],
    "rotation": [0.0, 0.0, 0.0],
    "scale": [1.0, 1.0, 1.0],
    "isMeshObj": true,
    "meshName": "StoneBoard"
  },
  {
    "name": "StoneBoard2_51",
    "position": [5.0, 2.0, 2.0],
    "rotation": [0.0, 0.0, 0.0],
    "scale": [1.0, 1.0, 1.0],
    "isMeshObj": true,
    "meshName": "StoneBoard"
  },
  {
    "name": "StoneBoard2_52",
    "position": [5.0, 2.0, 3.0],
    "rotation": [0.0, 0.0, 0.0],
    "scale": [1.0, 1.0, 1.0],
    "isMeshObj": true,
    "meshName": "StoneBoard"
  },
  {
    "name": "StoneBoard2_53",
    "position": [4.0, 2.0, 3.0],
    "rotation": [0.0, 0.0, 0.0],
    "scale": [1.0, 1.0, 1.0],
    "isMeshObj": true,
    "meshName": "StoneBoard"
  },
  {
    "name": "StoneBoard2_54",
    "position": [4.0, 2.0, 4.0],
    "rotation": [0.0, 0.0, 0.0],
    "scale": [1.0, 1.0, 1.0],
    "isMeshObj": true,
    "meshName": "StoneBoard"
  },
  {
    "name": "StoneBoard2_55",
    "position": [5.0, 2.0, 4.0],
    "rotation": [0.0, 0.0, 0.0],
    "scale": [1.0, 1.0, 1.0],
    "isMeshObj": true,
    "meshName": "StoneBoard"
  },
  {
    "name": "StoneBoard2_56",
    "position": [6.0, 2.0, 4.0],
    "rotation": [0.0, 0.0, 0.0],
    "scale": [1.0, 1.0, 1.0],
    "isMeshObj": true,
    "meshName": "StoneBoard"
  },
  {
    "name": "StoneBoard2_57",
    "position": [7.0, 2.0, 4.0],
    "rotation": [0.0, 0.0, 0.0],
    "scale": [1.0, 1.0, 1.0],
    "isMeshObj": true,
    "meshName": "StoneBoard"
  },
  {
    "name": "StoneBoard2_58",
    "position": [7.0, 2.0, 3.0],
    "rotation": [0.0, 0.0, 0.0],
    "scale": [1.0, 1.0, 1.0],
    "isMeshObj": true,
    "meshName": "StoneBoard"
  },
  {
    "name": "StoneBoard2_59",
    "position": [6.0, 2.0, 3.0],
    "rotation": [0.0, 0.0, 0.0],
    "scale": [1.0, 1.0, 1.0],
    "isMeshObj": true,
    "meshName": "StoneBoard"
  },
  {
    "name": "StoneBoard2_60",
    "position": [6.0, 2.0, 2.0],
    "rotation": [0.0, 0.0, 0.0],
    "scale": [1.0, 1.0, 1.0],
    "isMeshObj": true,
    "meshName": "StoneBoard"
  },
  {
    "name": "StoneBoard2_61",
    "position": [6.0, 2.0, 1.0],
    "rotation": [0.0, 0.0, 0.0],
    "scale": [1.0, 1.0, 1.0],
    "isMeshObj": true,
    "meshName": "StoneBoard"
  },
  {
    "name": "StoneBoard2_62",
    "position": [5.0, 2.0, 1.0],
    "rotation": [0.0, 0.0, 0.0],
    "scale": [1.0, 1.0, 1.0],
    "isMeshObj": true,
    "meshName": "StoneBoard"
  },
  {
    "name": "StoneBoard2_63",
    "position": [4.0, 2.0, 1.0],
    "rotation": [0.0, 0.0, 0.0],
    "scale": [1.0, 1.0, 1.0],
    "isMeshObj": true,
    "meshName": "StoneBoard"
  },
  {
    "name": "StoneBoard2_64",
    "position": [4.0, 2.0, 0.0],
    "rotation": [0.0, 0.0, 0.0],
    "scale": [1.0, 1.0, 1.0],
    "isMeshObj": true,
    "meshName": "StoneBoard"
  },
  {
    "name": "StoneBoard2_65",
    "position": [4.0, 2.0, -1.0],
    "rotation": [0.0, 0.0, 0.0],
    "scale": [1.0, 1.0, 1.0],
    "isMeshObj": true,
    "meshName": "StoneBoard"
  },
  {
    "name": "StoneBoard2_66",
    "position": [4.0, 2.0, -2.0],
    "rotation": [0.0, 0.0, 0.0],
    "scale": [1.0, 1.0, 1.0],
    "isMeshObj": true,
    "meshName": "StoneBoard"
  },
  {
    "name": "StoneBoard2_67",
    "position": [4.0, 2.0, -3.0],
    "rotation": [0.0, 0.0, 0.0],
    "scale": [1.0, 1.0, 1.0],
    "isMeshObj": true,
    "meshName": "StoneBoard"
  },
  {
    "name": "StoneBoard2_68",
    "position": [5.0, 2.0, -3.0],
    "rotation": [0.0, 0.0, 0.0],
    "scale": [1.0, 1.0, 1.0],
    "isMeshObj": true,
    "meshName": "StoneBoard"
  },
  {
    "name": "StoneBoard2_69",
    "position": [6.0, 2.0, -3.0],
    "rotation": [0.0, 0.0, 0.0],
    "scale": [1.0, 1.0, 1.0],
    "isMeshObj": true,
    "meshName": "StoneBoard"
  },
  {
    "name": "StoneBoard2_70",
    "position": [6.0, 2.0, -2.0],
    "rotation": [0.0, 0.0, 0.0],
    "scale": [1.0, 1.0, 1.0],
    "isMeshObj": true,
    "meshName": "StoneBoard"
  },
  {
    "name": "StoneBoard2_71",
    "position": [6.0, 2.0, -1.0],
    "rotation": [0.0, 0.0, 0.0],
    "scale": [1.0, 1.0, 1.0],
    "isMeshObj": true,
    "meshName": "StoneBoard"
  },
  {
    "name": "StoneBoard2_72",
    "position": [6.0, 2.0, 0.0],
    "rotation": [0.0, 0.0, 0.0],
    "scale": [1.0, 1.0, 1.0],
    "isMeshObj": true,
    "meshName": "StoneBoard"
  },
  {
    "name": "StoneBoard2_73",
    "position": [5.0, 2.0, -2.0],
    "rotation": [0.0, 0.0, 0.0],
    "scale": [1.0, 1.0, 1.0],
    "isMeshObj": true,
    "meshName": "StoneBoard"
  },
  {
    "name": "StoneBoard2_74",
    "position": [5.0, 2.0, -1.0],
    "rotation": [0.0, 0.0, 0.0],
    "scale": [1.0, 1.0, 1.0],
    "isMeshObj": true,
    "meshName": "StoneBoard"
  },
  {
    "name": "StoneBoard2_75",
    "position": [5.0, 2.0, 0.0],
    "rotation": [0.0, 0.0, 0.0],
    "scale": [1.0, 1.0, 1.0],
    "isMeshObj": true,
    "meshName": "StoneBoard"
  },
  {
    "name": "StoneBoard2_76",
    "position": [-3.0, 2.0, 2.0],
    "rotation": [0.0, 0.0, 0.0],
    "scale": [1.0, 1.0, 1.0],
    "isMeshObj": true,
    "meshName": "StoneBoard"
  },
  {
    "name": "StoneBoard2_77",
    "position": [-4.0, 2.0, 2.0],
    "rotation": [0.0, 0.0, 0.0],
    "scale": [1.0, 1.0, 1.0],
    "isMeshObj": true,
    "meshName": "StoneBoard"
  },
  {
    "name": "StoneBoard2_78",
    "position": [-5.0, 2.0, 2.0],
    "rotation": [0.0, 0.0, 0.0],
    "scale": [1.0, 1.0, 1.0],
    "isMeshObj": true,
    "meshName": "StoneBoard"
  },
  {
    "name": "StoneBoard2_79",
    "position": [-5.0, 2.0, 3.0],
    "rotation": [0.0, 0.0, 0.0],
    "scale": [1.0, 1.0, 1.0],
    "isMeshObj": true,
    "meshName": "StoneBoard"
  },
  {
    "name": "StoneBoard2_80",
    "position": [-5.0, 2.0, 4.0],
    "rotation": [0.0, 0.0, 0.0],
    "scale": [1.0, 1.0, 1.0],
    "isMeshObj": true,
    "meshName": "StoneBoard"
  },
  {
    "name": "StoneBoard2_81",
    "position": [-6.0, 2.0, 4.0],
    "rotation": [0.0, 0.0, 0.0],
    "scale": [1.0, 1.0, 1.0],
    "isMeshObj": true,
    "meshName": "StoneBoard"
  },
  {
    "name": "StoneBoard2_82",
    "position": [-7.0, 2.0, 4.0],
    "rotation": [0.0, 0.0, 0.0],
    "scale": [1.0, 1.0, 1.0],
    "isMeshObj": true,
    "meshName": "StoneBoard"
  },
  {
    "name": "StoneBoard2_83",
    "position": [-8.0, 2.0, 4.0],
    "rotation": [0.0, 0.0, 0.0],
    "scale": [1.0, 1.0, 1.0],
    "isMeshObj": true,
    "meshName": "StoneBoard"
  },
  {
    "name": "StoneBoard2_84",
    "position": [-8.0, 2.0, 3.0],
    "rotation": [0.0, 0.0, 0.0],
    "scale": [1.0, 1.0, 1.0],
    "isMeshObj": true,
    "meshName": "StoneBoard"
  },
  {
    "name": "StoneBoard2_85",
    "position": [-7.0, 2.0, 3.0],
    "rotation": [0.0, 0.0, 0.0],
    "scale": [1.0, 1.0, 1.0],
    "isMeshObj": true,
    "meshName": "StoneBoard"
  },
  {
    "name": "StoneBoard2_86",
    "position": [-6.0, 2.0, 3.0],
    "rotation": [0.0, 0.0, 0.0],
    "scale": [1.0, 1.0, 1.0],
    "isMeshObj": true,
    "meshName": "StoneBoard"
  },
  {
    "name": "StoneBoard2_87",
    "position": [-7.0, 2.0, 2.0],
    "rotation": [0.0, 0.0, 0.0],
    "scale": [1.0, 1.0, 1.0],
    "isMeshObj": true,
    "meshName": "StoneBoard"
  },
  {
    "name": "StoneBoard2_88",
    "position": [-6.0, 2.0, 2.0],
    "rotation": [0.0, 0.0, 0.0],
    "scale": [1.0, 1.0, 1.0],
    "isMeshObj": true,
    "meshName": "StoneBoard"
  },
  {
    "name": "StoneBoard2_89",
    "position": [-7.0, 2.0, 1.0],
    "rotation": [0.0, 0.0, 0.0],
    "scale": [1.0, 1.0, 1.0],
    "isMeshObj": true,
    "meshName": "StoneBoard"
  },
  {
    "name": "StoneBoard2_90",
    "position": [-6.0, 2.0, 1.0],
    "rotation": [0.0, 0.0, 0.0],
    "scale": [1.0, 1.0, 1.0],
    "isMeshObj": true,
    "meshName": "StoneBoard"
  },
  {
    "name": "StoneBoard2_91",
    "position": [-5.0, 2.0, 1.0],
    "rotation": [0.0, 0.0, 0.0],
    "scale": [1.0, 1.0, 1.0],
    "isMeshObj": true,
    "meshName": "StoneBoard"
  },
  {
    "name": "StoneBoard2_92",
    "position": [-7.0, 2.0, 0.0],
    "rotation": [0.0, 0.0, 0.0],
    "scale": [1.0, 1.0, 1.0],
    "isMeshObj": true,
    "meshName": "StoneBoard"
  },
  {
    "name": "StoneBoard2_93",
    "position": [-6.0, 2.0, 0.0],
    "rotation": [0.0, 0.0, 0.0],
    "scale": [1.0, 1.0, 1.0],
    "isMeshObj": true,
    "meshName": "StoneBoard"
  },
  {
    "name": "StoneBoard2_94",
    "position": [-5.0, 2.0, 0.0],
    "rotation": [0.0, 0.0, 0.0],
    "scale": [1.0, 1.0, 1.0],
    "isMeshObj": true,
    "meshName": "StoneBoard"
  },
  {
    "name": "StoneBoard2_95",
    "position": [-7.0, 2.0, -1.0],
    "rotation": [0.0, 0.0, 0.0],
    "scale": [1.0, 1.0, 1.0],
    "isMeshObj": true,
    "meshName": "StoneBoard"
  },
  {
    "name": "StoneBoard2_96",
    "position": [-7.0, 2.0, -2.0],
    "rotation": [0.0, 0.0, 0.0],
    "scale": [1.0, 1.0, 1.0],
    "isMeshObj": true,
    "meshName": "StoneBoard"
  },
  {
    "name": "StoneBoard2_97",
    "position": [-6.0, 2.0, -1.0],
    "rotation": [0.0, 0.0, 0.0],
    "scale": [1.0, 1.0, 1.0],
    "isMeshObj": true,
    "meshName": "StoneBoard"
  },
  {
    "name": "StoneBoard2_98",
    "position": [-5.0, 2.0, -1.0],
    "rotation": [0.0, 0.0, 0.0],
    "scale": [1.0, 1.0, 1.0],
    "isMeshObj": true,
    "meshName": "StoneBoard"
  },
  {
    "name": "StoneBoard2_99",
    "position": [-7.0, 2.0, -3.0],
    "rotation": [0.0, 0.0, 0.0],
    "scale": [1.0, 1.0, 1.0],
    "isMeshObj": true,
    "meshName": "StoneBoard"
  },
  {
    "name": "StoneBoard2_100",
    "position": [-6.0, 2.0, -2.0],
    "rotation": [0.0, 0.0, 0.0],
    "scale": [1.0, 1.0, 1.0],
    "isMeshObj": true,
    "meshName": "StoneBoard"
  },
  {
    "name": "StoneBoard2_101",
    "position": [-5.0, 2.0, -2.0],
    "rotation": [0.0, 0.0, 0.0],
    "scale": [1.0, 1.0, 1.0],
    "isMeshObj": true,
    "meshName": "StoneBoard"
  },
  {
    "name": "StoneBoard2_102",
    "position": [-5.0, 2.0, -3.0],
    "rotation": [0.0, 0.0, 0.0],
    "scale": [1.0, 1.0, 1.0],
    "isMeshObj": true,
    "meshName": "StoneBoard"
  },
  {
    "name": "StoneBoard2_103",
    "position": [-6.0, 2.0, -3.0],
    "rotation": [0.0, 0.0, 0.0],
    "scale": [1.0, 1.0, 1.0],
    "isMeshObj": true,
    "meshName": "StoneBoard"
  },
  {
    "name": "OarsStone_left2_1",
    "position": [2.0, 2.0, 4.0],
    "rotation": [0.0, 0.0, 0.0],
    "scale": [1.0, 1.0, 1.0],
    "isMeshObj": false,
    "meshName": ""
  },
  {
    "name": "OarsStone_left2_2",
    "position": [2.0, 2.0, 5.0],
    "rotation": [0.0, 0.0, 0.0],
    "scale": [1.0, 1.0, 1.0],
    "isMeshObj": false,
    "meshName": ""
  },
  {
    "name": "OarsStone_left2_3",
    "position": [7.0, 2.0, 4.0],
    "rotation": [0.0, 0.0, 0.0],
    "scale": [1.0, 1.0, 1.0],
    "isMeshObj": false,
    "meshName": ""
  },
  {
    "name": "OarsStone_left2_4",
    "position": [7.0, 2.0, 3.0],
    "rotation": [0.0, 0.0, 0.0],
    "scale": [1.0, 1.0, 1.0],
    "isMeshObj": false,
    "meshName": ""
  },
  {
    "name": "OarsStone_right2_1",
    "position": [-3.0, 2.0, 4.0],
    "rotation": [0.0, 0.0, 0.0],
    "scale": [1.0, 1.0, 1.0],
    "isMeshObj": false,
    "meshName": ""
  },
  {
    "name": "OarsStone_right2_2",
    "position": [-3.0, 2.0, 5.0],
    "rotation": [0.0, 0.0, 0.0],
    "scale": [1.0, 1.0, 1.0],
    "isMeshObj": false,
    "meshName": ""
  },
  {
    "name": "OarsStone_right2_3",
    "position": [-8.0, 2.0, 4.0],
    "rotation": [0.0, 0.0, 0.0],
    "scale": [1.0, 1.0, 1.0],
    "isMeshObj": false,
    "meshName": ""
  },
  {
    "name": "OarsStone_right2_4",
    "position": [-8.0, 2.0, 3.0],
    "rotation": [0.0, 0.0, 0.0],
    "scale": [1.0, 1.0, 1.0],
    "isMeshObj": false,
    "meshName": ""
  },
  {
    "name": "Column2_1",
    "position": [-2.0, 2.0, 1.0],
    "rotation": [0.0, 0.0, 0.0],
    "scale": [1.0, 1.0, 1.0],
    "isMeshObj": true,
    "meshName": "Column"
  },
  {
    "name": "Column2_2",
    "position": [1.0, 2.0, 1.0],
    "rotation": [0.0, 0.0, 0.0],
    "scale": [1.0, 1.0, 1.0],
    "isMeshObj": true,
    "meshName": "Column"
  },
  {
    "name": "Column2_3",
    "position": [1.0, 2.0, -5.0],
    "rotation": [0.0, 0.0, 0.0],
    "scale": [1.0, 1.0, 1.0],
    "isMeshObj": true,
    "meshName": "Column"
  },
  {
    "name": "Column2_4",
    "position": [-2.0, 2.0, -5.0],
    "rotation": [0.0, 0.0, 0.0],
    "scale": [1.0, 1.0, 1.0],
    "isMeshObj": true,
    "meshName": "Column"
  },
  {
    "name": "Lv1Tree4_2_1",
    "position": [-2.0, 2.0, 0.0],
    "rotation": [0.0, 0.0, 0.0],
    "scale": [1.0, 1.0, 1.0],
    "isMeshObj": true,
    "meshName": "Tree7"
  },
  {
    "name": "Lv1Tree4_2_2",
    "position": [-2.0, 2.0, -2.0],
    "rotation": [0.0, 0.0, 0.0],
    "scale": [1.0, 1.0, 1.0],
    "isMeshObj": true,
    "meshName": "Tree7"
  },
  {
    "name": "Lv1Tree4_2_3",
    "position": [1.0, 2.0, -2.0],
    "rotation": [0.0, 0.0, 0.0],
    "scale": [1.0, 1.0, 1.0],
    "isMeshObj": true,
    "meshName": "Tree7"
  },
  {
    "name": "Lv1Tree4_2_4",
    "position": [1.0, 2.0, 0.0],
    "rotation": [0.0, 0.0, 0.0],
    "scale": [1.0, 1.0, 1.0],
    "isMeshObj": true,
    "meshName": "Tree7"
  },
  {
    "name": "Lv1Tree4_2_5",
    "position": [-2.0, 2.0, 3.0],
    "rotation": [0.0, 0.0, 0.0],
    "scale": [1.0, 1.0, 1.0],
    "isMeshObj": true,
    "meshName": "Tree7"
  },
  {
    "name": "Lv1Tree4_2_6",
    "position": [1.0, 2.0, 3.0],
    "rotation": [0.0, 0.0, 0.0],
    "scale": [1.0, 1.0, 1.0],
    "isMeshObj": true,
    "meshName": "Tree7"
  },
  {
    "name": "Lv2Tree4_2_1",
    "position": [-2.0, 2.0, 0.0],
    "rotation": [0.0, 0.0, 0.0],
    "scale": [1.0, 1.0, 1.0],
    "isMeshObj": true,
    "meshName": "Tree8"
  },
  {
    "name": "Lv2Tree4_2_2",
    "position": [-2.0, 2.0, -2.0],
    "rotation": [0.0, 0.0, 0.0],
    "scale": [1.0, 1.0, 1.0],
    "isMeshObj": true,
    "meshName": "Tree8"
  },
  {
    "name": "Lv2Tree4_2_3",
    "position": [1.0, 2.0, -2.0],
    "rotation": [0.0, 0.0, 0.0],
    "scale": [1.0, 1.0, 1.0],
    "isMeshObj": true,
    "meshName": "Tree8"
  },
  {
    "name": "Lv2Tree4_2_4",
    "position": [1.0, 2.0, 0.0],
    "rotation": [0.0, 0.0, 0.0],
    "scale": [1.0, 1.0, 1.0],
    "isMeshObj": true,
    "meshName": "Tree8"
  },
  {
    "name": "Lv2Tree4_2_5",
    "position": [-2.0, 2.0, 3.0],
    "rotation": [0.0, 0.0, 0.0],
    "scale": [1.0, 1.0, 1.0],
    "isMeshObj": true,
    "meshName": "Tree8"
  },
  {
    "name": "Lv2Tree4_2_6",
    "position": [1.0, 2.0, 3.0],
    "rotation": [0.0, 0.0, 0.0],
    "scale": [1.0, 1.0, 1.0],
    "isMeshObj": true,
    "meshName": "Tree8"
  },
  {
    "name": "Lv1Bath2_1",
    "position": [5.0, 2.0, 0.5],
    "rotation": [0.0, 180.0, 0.0],
    "scale": [1.0, 1.0, 1.0],
    "isMeshObj": true,
    "meshName": "Lv1Bath"
  },
  {
    "name": "Lv2Bath2_1",
    "position": [5.0, 2.0, 0.5],
    "rotation": [0.0, 180.0, 0.0],
    "scale": [1.0, 1.0, 1.0],
    "isMeshObj": true,
    "meshName": "Lv2Bath"
  },
  {
    "name": "LionStatue2_1",
    "position": [-0.5, 2.0, 3.5],
    "rotation": [0.0, 0.0, 0.0],
    "scale": [1.0, 1.0, 1.0],
    "isMeshObj": true,
    "meshName": "LionStatue"
  },
  {
    "name": "DeerStatue2_1",
    "position": [-6.0, 2.0, 3.0],
    "rotation": [0.0, 0.0, 0.0],
    "scale": [1.0, 1.0, 1.0],
    "isMeshObj": true,
    "meshName": "DeerStatue"
  },
  {
    "name": "LyraStatue2_1",
    "position": [5.0, 2.0, 3.0],
    "rotation": [0.0, 90.0, 0.0],
    "scale": [1.0, 1.0, 1.0],
    "isMeshObj": true,
    "meshName": "LyraStatue"
  },
  {
    "name": "FishPole2_1",
    "position": [-7.0, 2.0, -2.0],
    "rotation": [0.0, 0.0, 0.0],
    "scale": [1.0, 1.0, 1.0],
    "isMeshObj": true,
    "meshName": "FishPole"
  },
  {
    "name": "FishNet2_1",
    "position": [-7.0, 2.0, -2.9],
    "rotation": [0.0, 0.0, 0.0],
    "scale": [1.0, 1.0, 1.0],
    "isMeshObj": true,
    "meshName": "FishNet"
  },
  {
    "name": "Podium2_1",
    "position": [4.0, 2.0, -2.0],
    "rotation": [0.0, 0.0, 0.0],
    "scale": [1.0, 1.0, 1.0],
    "isMeshObj": true,
    "meshName": "Podium"
  },
  {
    "name": "MapDesk2_1",
    "position": [5.0, 2.0, -2.0],
    "rotation": [0.0, 0.0, 0.0],
    "scale": [1.0, 1.0, 1.0],
    "isMeshObj": true,
    "meshName": "MapDesk"
  },
  {
    "name": "HarpoonBow2_1",
    "position": [-7.0, 2.0, 0.0],
    "rotation": [0.0, 0.0, 0.0],
    "scale": [1.0, 1.0, 1.0],
    "isMeshObj": true,
    "meshName": "HarpoonBow"
  },
  {
    "name": "HarpoonBow2_2",
    "position": [-7.0, 2.0, 1.0],
    "rotation": [0.0, 0.0, 0.0],
    "scale": [1.0, 1.0, 1.0],
    "isMeshObj": true,
    "meshName": "HarpoonBow"
  },
  {
    "name": "HarpoonShelf2_1",
    "position": [-5.27, 2.0, -3.0],
    "rotation": [0.0, 0.0, 0.0],
    "scale": [1.0, 1.0, 1.0],
    "isMeshObj": true,
    "meshName": "HarpoonShelf"
  },
  {
    "name": "StoneBoard3_1",
    "position": [-1.0, 4.0, 1.0],
    "rotation": [0.0, 0.0, 0.0],
    "scale": [1.0, 1.0, 1.0],
    "isMeshObj": true,
    "meshName": "StoneBoard"
  },
  {
    "name": "StoneBoard3_2",
    "position": [-2.0, 4.0, 1.0],
    "rotation": [0.0, 0.0, 0.0],
    "scale": [1.0, 1.0, 1.0],
    "isMeshObj": true,
    "meshName": "StoneBoard"
  },
  {
    "name": "StoneBoard3_3",
    "position": [0.0, 4.0, 1.0],
    "rotation": [0.0, 0.0, 0.0],
    "scale": [1.0, 1.0, 1.0],
    "isMeshObj": true,
    "meshName": "StoneBoard"
  },
  {
    "name": "StoneBoard3_4",
    "position": [1.0, 4.0, 1.0],
    "rotation": [0.0, 0.0, 0.0],
    "scale": [1.0, 1.0, 1.0],
    "isMeshObj": true,
    "meshName": "StoneBoard"
  },
  {
    "name": "StoneBoard3_5",
    "position": [-2.0, 4.0, 2.0],
    "rotation": [0.0, 0.0, 0.0],
    "scale": [1.0, 1.0, 1.0],
    "isMeshObj": true,
    "meshName": "StoneBoard"
  },
  {
    "name": "StoneBoard3_6",
    "position": [-2.0, 4.0, 3.0],
    "rotation": [0.0, 0.0, 0.0],
    "scale": [1.0, 1.0, 1.0],
    "isMeshObj": true,
    "meshName": "StoneBoard"
  },
  {
    "name": "StoneBoard3_7",
    "position": [1.0, 4.0, 0.0],
    "rotation": [0.0, 0.0, 0.0],
    "scale": [1.0, 1.0, 1.0],
    "isMeshObj": true,
    "meshName": "StoneBoard"
  },
  {
    "name": "StoneBoard3_8",
    "position": [1.0, 4.0, 2.0],
    "rotation": [0.0, 0.0, 0.0],
    "scale": [1.0, 1.0, 1.0],
    "isMeshObj": true,
    "meshName": "StoneBoard"
  },
  {
    "name": "StoneBoard3_9",
    "position": [1.0, 4.0, 3.0],
    "rotation": [0.0, 0.0, 0.0],
    "scale": [1.0, 1.0, 1.0],
    "isMeshObj": true,
    "meshName": "StoneBoard"
  },
  {
    "name": "StoneBoard3_10",
    "position": [0.0, 4.0, 0.0],
    "rotation": [0.0, 0.0, 0.0],
    "scale": [1.0, 1.0, 1.0],
    "isMeshObj": true,
    "meshName": "StoneBoard"
  },
  {
    "name": "StoneBoard3_11",
    "position": [-1.0, 4.0, 0.0],
    "rotation": [0.0, 0.0, 0.0],
    "scale": [1.0, 1.0, 1.0],
    "isMeshObj": true,
    "meshName": "StoneBoard"
  },
  {
    "name": "StoneBoard3_12",
    "position": [-2.0, 4.0, 0.0],
    "rotation": [0.0, 0.0, 0.0],
    "scale": [1.0, 1.0, 1.0],
    "isMeshObj": true,
    "meshName": "StoneBoard"
  },
  {
    "name": "StoneBoard3_13",
    "position": [-2.0, 4.0, -1.0],
    "rotation": [0.0, 0.0, 0.0],
    "scale": [1.0, 1.0, 1.0],
    "isMeshObj": true,
    "meshName": "StoneBoard"
  },
  {
    "name": "StoneBoard3_14",
    "position": [-1.0, 4.0, -1.0],
    "rotation": [0.0, 0.0, 0.0],
    "scale": [1.0, 1.0, 1.0],
    "isMeshObj": true,
    "meshName": "StoneBoard"
  },
  {
    "name": "StoneBoard3_15",
    "position": [0.0, 4.0, -1.0],
    "rotation": [0.0, 0.0, 0.0],
    "scale": [1.0, 1.0, 1.0],
    "isMeshObj": true,
    "meshName": "StoneBoard"
  },
  {
    "name": "StoneBoard3_16",
    "position": [1.0, 4.0, -1.0],
    "rotation": [0.0, 0.0, 0.0],
    "scale": [1.0, 1.0, 1.0],
    "isMeshObj": true,
    "meshName": "StoneBoard"
  },
  {
    "name": "StoneBoard3_17",
    "position": [-3.0, 4.0, 0.0],
    "rotation": [0.0, 0.0, 0.0],
    "scale": [1.0, 1.0, 1.0],
    "isMeshObj": true,
    "meshName": "StoneBoard"
  },
  {
    "name": "StoneBoard3_18",
    "position": [-4.0, 4.0, 0.0],
    "rotation": [0.0, 0.0, 0.0],
    "scale": [1.0, 1.0, 1.0],
    "isMeshObj": true,
    "meshName": "StoneBoard"
  },
  {
    "name": "StoneBoard3_19",
    "position": [-5.0, 4.0, 0.0],
    "rotation": [0.0, 0.0, 0.0],
    "scale": [1.0, 1.0, 1.0],
    "isMeshObj": true,
    "meshName": "StoneBoard"
  },
  {
    "name": "StoneBoard3_20",
    "position": [2.0, 4.0, 0.0],
    "rotation": [0.0, 0.0, 0.0],
    "scale": [1.0, 1.0, 1.0],
    "isMeshObj": true,
    "meshName": "StoneBoard"
  },
  {
    "name": "StoneBoard3_21",
    "position": [3.0, 4.0, 0.0],
    "rotation": [0.0, 0.0, 0.0],
    "scale": [1.0, 1.0, 1.0],
    "isMeshObj": true,
    "meshName": "StoneBoard"
  },
  {
    "name": "StoneBoard3_22",
    "position": [4.0, 4.0, 0.0],
    "rotation": [0.0, 0.0, 0.0],
    "scale": [1.0, 1.0, 1.0],
    "isMeshObj": true,
    "meshName": "StoneBoard"
  },
  {
    "name": "StoneBoard3_23",
    "position": [-5.0, 4.0, -1.0],
    "rotation": [0.0, 0.0, 0.0],
    "scale": [1.0, 1.0, 1.0],
    "isMeshObj": true,
    "meshName": "StoneBoard"
  },
  {
    "name": "StoneBoard3_24",
    "position": [-6.0, 4.0, -1.0],
    "rotation": [0.0, 0.0, 0.0],
    "scale": [1.0, 1.0, 1.0],
    "isMeshObj": true,
    "meshName": "StoneBoard"
  },
  {
    "name": "StoneBoard3_25",
    "position": [4.0, 4.0, -1.0],
    "rotation": [0.0, 0.0, 0.0],
    "scale": [1.0, 1.0, 1.0],
    "isMeshObj": true,
    "meshName": "StoneBoard"
  },
  {
    "name": "StoneBoard3_26",
    "position": [5.0, 4.0, -1.0],
    "rotation": [0.0, 0.0, 0.0],
    "scale": [1.0, 1.0, 1.0],
    "isMeshObj": true,
    "meshName": "StoneBoard"
  },
  {
    "name": "StoneBoard3_27",
    "position": [-4.0, 4.0, -1.0],
    "rotation": [0.0, 0.0, 0.0],
    "scale": [1.0, 1.0, 1.0],
    "isMeshObj": true,
    "meshName": "StoneBoard"
  },
  {
    "name": "StoneBoard3_28",
    "position": [-4.0, 4.0, -2.0],
    "rotation": [0.0, 0.0, 0.0],
    "scale": [1.0, 1.0, 1.0],
    "isMeshObj": true,
    "meshName": "StoneBoard"
  },
  {
    "name": "StoneBoard3_29",
    "position": [-5.0, 4.0, -2.0],
    "rotation": [0.0, 0.0, 0.0],
    "scale": [1.0, 1.0, 1.0],
    "isMeshObj": true,
    "meshName": "StoneBoard"
  },
  {
    "name": "StoneBoard3_30",
    "position": [3.0, 4.0, -1.0],
    "rotation": [0.0, 0.0, 0.0],
    "scale": [1.0, 1.0, 1.0],
    "isMeshObj": true,
    "meshName": "StoneBoard"
  },
  {
    "name": "StoneBoard3_31",
    "position": [3.0, 4.0, -2.0],
    "rotation": [0.0, 0.0, 0.0],
    "scale": [1.0, 1.0, 1.0],
    "isMeshObj": true,
    "meshName": "StoneBoard"
  },
  {
    "name": "StoneBoard3_32",
    "position": [4.0, 4.0, -2.0],
    "rotation": [0.0, 0.0, 0.0],
    "scale": [1.0, 1.0, 1.0],
    "isMeshObj": true,
    "meshName": "StoneBoard"
  },
  {
    "name": "StoneBoard3_33",
    "position": [-6.0, 4.0, -2.0],
    "rotation": [0.0, 0.0, 0.0],
    "scale": [1.0, 1.0, 1.0],
    "isMeshObj": true,
    "meshName": "StoneBoard"
  },
  {
    "name": "StoneBoard3_34",
    "position": [-4.0, 4.0, -3.0],
    "rotation": [0.0, 0.0, 0.0],
    "scale": [1.0, 1.0, 1.0],
    "isMeshObj": true,
    "meshName": "StoneBoard"
  },
  {
    "name": "StoneBoard3_35",
    "position": [-5.0, 4.0, -3.0],
    "rotation": [0.0, 0.0, 0.0],
    "scale": [1.0, 1.0, 1.0],
    "isMeshObj": true,
    "meshName": "StoneBoard"
  },
  {
    "name": "StoneBoard3_36",
    "position": [5.0, 4.0, -2.0],
    "rotation": [0.0, 0.0, 0.0],
    "scale": [1.0, 1.0, 1.0],
    "isMeshObj": true,
    "meshName": "StoneBoard"
  },
  {
    "name": "StoneBoard3_37",
    "position": [3.0, 4.0, -3.0],
    "rotation": [0.0, 0.0, 0.0],
    "scale": [1.0, 1.0, 1.0],
    "isMeshObj": true,
    "meshName": "StoneBoard"
  },
  {
    "name": "StoneBoard3_38",
    "position": [4.0, 4.0, -3.0],
    "rotation": [0.0, 0.0, 0.0],
    "scale": [1.0, 1.0, 1.0],
    "isMeshObj": true,
    "meshName": "StoneBoard"
  },
  {
    "name": "StoneBoard3_39",
    "position": [-6.0, 4.0, -3.0],
    "rotation": [0.0, 0.0, 0.0],
    "scale": [1.0, 1.0, 1.0],
    "isMeshObj": true,
    "meshName": "StoneBoard"
  },
  {
    "name": "StoneBoard3_40",
    "position": [-6.0, 4.0, 0.0],
    "rotation": [0.0, 0.0, 0.0],
    "scale": [1.0, 1.0, 1.0],
    "isMeshObj": true,
    "meshName": "StoneBoard"
  },
  {
    "name": "StoneBoard3_41",
    "position": [5.0, 4.0, -3.0],
    "rotation": [0.0, 0.0, 0.0],
    "scale": [1.0, 1.0, 1.0],
    "isMeshObj": true,
    "meshName": "StoneBoard"
  },
  {
    "name": "StoneBoard3_42",
    "position": [5.0, 4.0, 0.0],
    "rotation": [0.0, 0.0, 0.0],
    "scale": [1.0, 1.0, 1.0],
    "isMeshObj": true,
    "meshName": "StoneBoard"
  },
  {
    "name": "StoneBoard3_43",
    "position": [-4.0, 4.0, 1.0],
    "rotation": [0.0, 0.0, 0.0],
    "scale": [1.0, 1.0, 1.0],
    "isMeshObj": true,
    "meshName": "StoneBoard"
  },
  {
    "name": "StoneBoard3_44",
    "position": [-5.0, 4.0, 1.0],
    "rotation": [0.0, 0.0, 0.0],
    "scale": [1.0, 1.0, 1.0],
    "isMeshObj": true,
    "meshName": "StoneBoard"
  },
  {
    "name": "StoneBoard3_45",
    "position": [-6.0, 4.0, 1.0],
    "rotation": [0.0, 0.0, 0.0],
    "scale": [1.0, 1.0, 1.0],
    "isMeshObj": true,
    "meshName": "StoneBoard"
  },
  {
    "name": "StoneBoard3_46",
    "position": [3.0, 4.0, 1.0],
    "rotation": [0.0, 0.0, 0.0],
    "scale": [1.0, 1.0, 1.0],
    "isMeshObj": true,
    "meshName": "StoneBoard"
  },
  {
    "name": "StoneBoard3_47",
    "position": [4.0, 4.0, 1.0],
    "rotation": [0.0, 0.0, 0.0],
    "scale": [1.0, 1.0, 1.0],
    "isMeshObj": true,
    "meshName": "StoneBoard"
  },
  {
    "name": "StoneBoard3_48",
    "position": [5.0, 4.0, 1.0],
    "rotation": [0.0, 0.0, 0.0],
    "scale": [1.0, 1.0, 1.0],
    "isMeshObj": true,
    "meshName": "StoneBoard"
  },
  {
    "name": "StoneBoard3_49",
    "position": [-4.0, 4.0, 2.0],
    "rotation": [0.0, 0.0, 0.0],
    "scale": [1.0, 1.0, 1.0],
    "isMeshObj": true,
    "meshName": "StoneBoard"
  },
  {
    "name": "StoneBoard3_50",
    "position": [-5.0, 4.0, 2.0],
    "rotation": [0.0, 0.0, 0.0],
    "scale": [1.0, 1.0, 1.0],
    "isMeshObj": true,
    "meshName": "StoneBoard"
  },
  {
    "name": "StoneBoard3_51",
    "position": [-6.0, 4.0, 2.0],
    "rotation": [0.0, 0.0, 0.0],
    "scale": [1.0, 1.0, 1.0],
    "isMeshObj": true,
    "meshName": "StoneBoard"
  },
  {
    "name": "StoneBoard3_52",
    "position": [3.0, 4.0, 2.0],
    "rotation": [0.0, 0.0, 0.0],
    "scale": [1.0, 1.0, 1.0],
    "isMeshObj": true,
    "meshName": "StoneBoard"
  },
  {
    "name": "StoneBoard3_53",
    "position": [4.0, 4.0, 2.0],
    "rotation": [0.0, 0.0, 0.0],
    "scale": [1.0, 1.0, 1.0],
    "isMeshObj": true,
    "meshName": "StoneBoard"
  },
  {
    "name": "StoneBoard3_54",
    "position": [5.0, 4.0, 2.0],
    "rotation": [0.0, 0.0, 0.0],
    "scale": [1.0, 1.0, 1.0],
    "isMeshObj": true,
    "meshName": "StoneBoard"
  },
  {
    "name": "StoneBoard3_55",
    "position": [1.0, 4.0, -2.0],
    "rotation": [0.0, 0.0, 0.0],
    "scale": [1.0, 1.0, 1.0],
    "isMeshObj": true,
    "meshName": "StoneBoard"
  },
  {
    "name": "StoneBoard3_56",
    "position": [0.0, 4.0, -2.0],
    "rotation": [0.0, 0.0, 0.0],
    "scale": [1.0, 1.0, 1.0],
    "isMeshObj": true,
    "meshName": "StoneBoard"
  },
  {
    "name": "StoneBoard3_57",
    "position": [0.0, 4.0, -3.0],
    "rotation": [0.0, 0.0, 0.0],
    "scale": [1.0, 1.0, 1.0],
    "isMeshObj": true,
    "meshName": "StoneBoard"
  },
  {
    "name": "StoneBoard3_58",
    "position": [1.0, 4.0, -3.0],
    "rotation": [0.0, 0.0, 0.0],
    "scale": [1.0, 1.0, 1.0],
    "isMeshObj": true,
    "meshName": "StoneBoard"
  },
  {
    "name": "StoneBoard3_59",
    "position": [-1.0, 4.0, -2.0],
    "rotation": [0.0, 0.0, 0.0],
    "scale": [1.0, 1.0, 1.0],
    "isMeshObj": true,
    "meshName": "StoneBoard"
  },
  {
    "name": "StoneBoard3_60",
    "position": [-2.0, 4.0, -2.0],
    "rotation": [0.0, 0.0, 0.0],
    "scale": [1.0, 1.0, 1.0],
    "isMeshObj": true,
    "meshName": "StoneBoard"
  },
  {
    "name": "StoneBoard3_61",
    "position": [-2.0, 4.0, -3.0],
    "rotation": [0.0, 0.0, 0.0],
    "scale": [1.0, 1.0, 1.0],
    "isMeshObj": true,
    "meshName": "StoneBoard"
  },
  {
    "name": "StoneBoard3_62",
    "position": [-1.0, 4.0, -3.0],
    "rotation": [0.0, 0.0, 0.0],
    "scale": [1.0, 1.0, 1.0],
    "isMeshObj": true,
    "meshName": "StoneBoard"
  },
  {
    "name": "StoneBoard3_63",
    "position": [-2.0, 4.0, -4.0],
    "rotation": [0.0, 0.0, 0.0],
    "scale": [1.0, 1.0, 1.0],
    "isMeshObj": true,
    "meshName": "StoneBoard"
  },
  {
    "name": "StoneBoard3_64",
    "position": [-1.0, 4.0, -4.0],
    "rotation": [0.0, 0.0, 0.0],
    "scale": [1.0, 1.0, 1.0],
    "isMeshObj": true,
    "meshName": "StoneBoard"
  },
  {
    "name": "StoneBoard3_65",
    "position": [0.0, 4.0, -4.0],
    "rotation": [0.0, 0.0, 0.0],
    "scale": [1.0, 1.0, 1.0],
    "isMeshObj": true,
    "meshName": "StoneBoard"
  },
  {
    "name": "StoneBoard3_66",
    "position": [1.0, 4.0, -4.0],
    "rotation": [0.0, 0.0, 0.0],
    "scale": [1.0, 1.0, 1.0],
    "isMeshObj": true,
    "meshName": "StoneBoard"
  },
  {
    "name": "StoneBoard3_67",
    "position": [-2.0, 4.0, -5.0],
    "rotation": [0.0, 0.0, 0.0],
    "scale": [1.0, 1.0, 1.0],
    "isMeshObj": true,
    "meshName": "StoneBoard"
  },
  {
    "name": "StoneBoard3_68",
    "position": [-1.0, 4.0, -5.0],
    "rotation": [0.0, 0.0, 0.0],
    "scale": [1.0, 1.0, 1.0],
    "isMeshObj": true,
    "meshName": "StoneBoard"
  },
  {
    "name": "StoneBoard3_69",
    "position": [0.0, 4.0, -5.0],
    "rotation": [0.0, 0.0, 0.0],
    "scale": [1.0, 1.0, 1.0],
    "isMeshObj": true,
    "meshName": "StoneBoard"
  },
  {
    "name": "StoneBoard3_70",
    "position": [1.0, 4.0, -5.0],
    "rotation": [0.0, 0.0, 0.0],
    "scale": [1.0, 1.0, 1.0],
    "isMeshObj": true,
    "meshName": "StoneBoard"
  },
  {
    "name": "SFence2_1",
    "position": [0.0, 2.0, -4.76],
    "rotation": [0.0, 0.0, 0.0],
    "scale": [1.0, 1.0, 1.0],
    "isMeshObj": false,
    "meshName": ""
  },
  {
    "name": "SFence2_2",
    "position": [-6.71, 2.0, -2.93],
    "rotation": [0.0, 0.0, 0.0],
    "scale": [1.0, 1.0, 1.0],
    "isMeshObj": false,
    "meshName": ""
  },
  {
    "name": "SFence2_3",
    "position": [5.971, 2.0, -2.733],
    "rotation": [0.0, 0.0, 0.0],
    "scale": [1.0, 1.0, 1.0],
    "isMeshObj": false,
    "meshName": ""
  },
  {
    "name": "SFence3_2",
    "position": [-4.0, 4.0, -2.95],
    "rotation": [0.0, 0.0, 0.0],
    "scale": [1.0, 1.0, 1.0],
    "isMeshObj": false,
    "meshName": ""
  },
  {
    "name": "SFence3_3",
    "position": [5.08, 4.0, 0.0],
    "rotation": [0.0, 0.0, 0.0],
    "scale": [1.0, 1.0, 1.0],
    "isMeshObj": false,
    "meshName": ""
  },
  {
    "name": "SFence3_1",
    "position": [0.287, 4.0, 1.14],
    "rotation": [0.0, 0.0, 0.0],
    "scale": [1.0, 1.0, 1.0],
    "isMeshObj": false,
    "meshName": ""
  },
  {
    "name": "Lv1STorch3_1",
    "position": [5.0, 4.0, 1.0],
    "rotation": [0.0, 0.0, 0.0],
    "scale": [1.0, 1.0, 1.0],
    "isMeshObj": false,
    "meshName": ""
  },
  {
    "name": "Lv1STorch3_2",
    "position": [5.0, 4.0, 2.0],
    "rotation": [0.0, 0.0, 0.0],
    "scale": [1.0, 1.0, 1.0],
    "isMeshObj": false,
    "meshName": ""
  },
  {
    "name": "Lv2STorch3_1",
    "position": [5.0, 4.0, 1.0],
    "rotation": [0.0, 0.0, 0.0],
    "scale": [1.0, 1.0, 1.0],
    "isMeshObj": false,
    "meshName": ""
  },
  {
    "name": "Lv2STorch3_2",
    "position": [5.0, 4.0, 2.0],
    "rotation": [0.0, 0.0, 0.0],
    "scale": [1.0, 1.0, 1.0],
    "isMeshObj": false,
    "meshName": ""
  },
  {
    "name": "Lv3STorch3_1",
    "position": [5.0, 4.0, 1.0],
    "rotation": [0.0, 0.0, 0.0],
    "scale": [1.0, 1.0, 1.0],
    "isMeshObj": false,
    "meshName": ""
  },
  {
    "name": "Lv3STorch3_2",
    "position": [5.0, 4.0, 2.0],
    "rotation": [0.0, 0.0, 0.0],
    "scale": [1.0, 1.0, 1.0],
    "isMeshObj": false,
    "meshName": ""
  },
  {
    "name": "Lv1Tree4_3_1",
    "position": [-2.0, 4.0, 3.0],
    "rotation": [0.0, 0.0, 0.0],
    "scale": [1.0, 1.0, 1.0],
    "isMeshObj": true,
    "meshName": "Tree7"
  },
  {
    "name": "Lv1Tree4_3_2",
    "position": [-2.0, 4.0, -1.0],
    "rotation": [0.0, 0.0, 0.0],
    "scale": [1.0, 1.0, 1.0],
    "isMeshObj": true,
    "meshName": "Tree7"
  },
  {
    "name": "Lv2Tree4_3_1",
    "position": [-2.0, 4.0, 3.0],
    "rotation": [0.0, 0.0, 0.0],
    "scale": [1.0, 1.0, 1.0],
    "isMeshObj": true,
    "meshName": "Tree8"
  },
  {
    "name": "Lv2Tree4_3_2",
    "position": [-2.0, 4.0, -1.0],
    "rotation": [0.0, 0.0, 0.0],
    "scale": [1.0, 1.0, 1.0],
    "isMeshObj": true,
    "meshName": "Tree8"
  },
  {
    "name": "Lv1Tree4_3_3",
    "position": [-2.0, 4.0, -5.0],
    "rotation": [0.0, 0.0, 0.0],
    "scale": [1.0, 1.0, 1.0],
    "isMeshObj": true,
    "meshName": "Tree7"
  },
  {
    "name": "Lv2Tree4_3_3",
    "position": [-2.0, 4.0, -5.0],
    "rotation": [0.0, 0.0, 0.0],
    "scale": [1.0, 1.0, 1.0],
    "isMeshObj": true,
    "meshName": "Tree8"
  },
  {
    "name": "SCaptainRoom3_1",
    "position": [-1.0, 4.0, -3.5],
    "rotation": [0.0, 0.0, 0.0],
    "scale": [1.0, 1.0, 1.0],
    "isMeshObj": true,
    "meshName": "SCaptainRoom"
  },
  {
    "name": "SSail",
    "position": [1.0, 4.0, 0.0],
    "rotation": [0.0, 0.0, 0.0],
    "scale": [1.0, 1.0, 1.0],
    "isMeshObj": true,
    "meshName": "SSail"
  },
  {
    "name": "SSwing3_1",
    "position": [4.0, 4.0, -3.0],
    "rotation": [0.0, 0.0, 0.0],
    "scale": [1.0, 1.0, 1.0],
    "isMeshObj": false,
    "meshName": ""
  },
  {
    "name": "PectinidStatue3_1",
    "position": [4.0, 4.0, 1.0],
    "rotation": [0.0, 180.0, 0.0],
    "scale": [1.0, 1.0, 1.0],
    "isMeshObj": false,
    "meshName": ""
  },
  {
    "name": "SLounge3_1",
    "position": [5.0, 4.0, -1.0],
    "rotation": [0.0, 90.0, 0.0],
    "scale": [1.0, 1.0, 1.0],
    "isMeshObj": true,
    "meshName": "SLounge"
  },
  {
    "name": "WheatStatue3_1",
    "position": [-5.0, 4.0, 1.0],
    "rotation": [0.0, 90.0, 0.0],
    "scale": [1.0, 1.0, 1.0],
    "isMeshObj": true,
    "meshName": "WheatStatue"
  },
  {
    "name": "HoneyBox3_1",
    "position": [-5.0, 4.0, 0.0],
    "rotation": [0.0, 0.0, 0.0],
    "scale": [1.0, 1.0, 1.0],
    "isMeshObj": true,
    "meshName": "HoneyBox"
  },
  {
    "name": "SWindVane3_1",
    "position": [1.0, 4.0, 3.0],
    "rotation": [0.0, 0.0, 0.0],
    "scale": [1.0, 1.0, 1.0],
    "isMeshObj": true,
    "meshName": "SWindVane"
  },
  {
    "name": "SWatchTower3_1",
    "position": [1.0, 4.0, 1.0],
    "rotation": [0.0, 0.0, 0.0],
    "scale": [1.0, 1.0, 1.0],
    "isMeshObj": true,
    "meshName": "SWatchTower"
  },
  {
    "name": "BrewingBarrel3_1",
    "position": [-5.56, 4.0, -1.03],
    "rotation": [0.0, 0.0, 0.0],
    "scale": [1.0, 1.0, 1.0],
    "isMeshObj": true,
    "meshName": "BrewingBarrel"
  },
  {
    "name": "Lv2GrapeStemPot3_1",
    "position": [-5.0, 4.11, -2.0],
    "rotation": [0.0, 0.0, 0.0],
    "scale": [1.0, 1.0, 1.0],
    "isMeshObj": false,
    "meshName": ""
  },
  {
    "name": "Lv1GrapeStemPot3_1",
    "position": [-5.0, 4.11, -2.0],
    "rotation": [0.0, 0.0, 0.0],
    "scale": [1.0, 1.0, 1.0],
    "isMeshObj": false,
    "meshName": ""
  },
  {
    "name": "Lv2GrapeStemPot3_2",
    "position": [-5.0, 4.11, -3.0],
    "rotation": [0.0, 0.0, 0.0],
    "scale": [1.0, 1.0, 1.0],
    "isMeshObj": false,
    "meshName": ""
  },
  {
    "name": "Lv1GrapeStemPot3_2",
    "position": [-5.0, 4.11, -3.0],
    "rotation": [0.0, 0.0, 0.0],
    "scale": [1.0, 1.0, 1.0],
    "isMeshObj": false,
    "meshName": ""
  },
  {
    "name": "Lv2GrapeStemPot3_3",
    "position": [-6.0, 4.11, -3.0],
    "rotation": [0.0, 0.0, 0.0],
    "scale": [1.0, 1.0, 1.0],
    "isMeshObj": false,
    "meshName": ""
  },
  {
    "name": "Lv1GrapeStemPot3_3",
    "position": [-6.0, 4.11, -3.0],
    "rotation": [0.0, 0.0, 0.0],
    "scale": [1.0, 1.0, 1.0],
    "isMeshObj": false,
    "meshName": ""
  },
  {
    "name": "Lv2GrapeStemPot3_4",
    "position": [-6.0, 4.11, -2.0],
    "rotation": [0.0, 0.0, 0.0],
    "scale": [1.0, 1.0, 1.0],
    "isMeshObj": false,
    "meshName": ""
  },
  {
    "name": "Lv1GrapeStemPot3_4",
    "position": [-6.0, 4.11, -2.0],
    "rotation": [0.0, 0.0, 0.0],
    "scale": [1.0, 1.0, 1.0],
    "isMeshObj": false,
    "meshName": ""
  },
  {
    "name": "BoardLadder2_1",
    "position": [-1.0, 2.0, -3.0],
    "rotation": [0.0, 0.0, 0.0],
    "scale": [1.0, 1.0, 1.0],
    "isMeshObj": false,
    "meshName": ""
  },
  {
    "name": "BoardLadder3_1",
    "position": [-1.0, 4.0, 2.0],
    "rotation": [0.0, 0.0, 0.0],
    "scale": [1.0, 1.0, 1.0],
    "isMeshObj": false,
    "meshName": ""
  }
]
