[
  {
    "Id": 1,
    "ResIcon": "game/gem.png",
    "Price": 6,
    "VideoCount": 2,
    "Reward": 30
  },
  {
    "Id": 2,
    "ResIcon": "game/sign_diamond.png",
    "Price": 30,
    "VideoCount": 5,
    "Reward": 100
  },
  {
    "Id": 3,
    "ResIcon": "game/gems_02.png",
    "Price": 60,
    "VideoCount": 10,
    "Reward": 300
  },
  {
    "Id": 4,
    "ResIcon": "game/gems_02.png",
    "Price": 90,
    "VideoCount": 12,
    "Reward": 400
  },
  {
    "Id": 5,
    "ResIcon": "game/gems_02.png",
    "Price": 120,
    "VideoCount": 15,
    "Reward": 500
  },
  {
    "Id": 6,
    "ResIcon": "game/gems_02.png",
    "Price": 150,
    "VideoCount": 20,
    "Reward": 600
  }
]
