[
  {
    "Id": 1,
    "Name": "彩蛋",
    "IconPath": "game/egg_egg.png",
    "Info": "获取彩蛋后可以得到超能力",
    "Value": 0,
    "Rate": 0
  },
  {
    "Id": 2,
    "Name": "失明",
    "IconPath": "game/egg_blind.png",
    "Info": "鲨鱼致盲x秒，失明状态不攻击下水船员",
    "Value": 60,
    "Rate": 100
  },
  {
    "Id": 3,
    "Name": "饱腹",
    "IconPath": "game/egg_full.png",
    "Info": "提升船员饱腹感x秒，使用后船员不会饥饿",
    "Value": 180,
    "Rate": 100
  },
  {
    "Id": 4,
    "Name": "隐身",
    "IconPath": "game/egg_unsee.png",
    "Info": "木筏隐身x秒，隐匿后不会遭遇海盗袭击",
    "Value": 100,
    "Rate": 100
  },
  {
    "Id": 5,
    "Name": "大力水手",
    "IconPath": "game/egg_vege.png",
    "Info": "大力水手x秒，船员下水后游泳速度惊人",
    "Value": 100,
    "Rate": 150
  }
]
