[
  {
    "Id": 1,
    "txt": "更多游戏",
    "GameId": "tt6ab31c0ef5898d9b",
    "iconUrl": "toutgame/1.jpg"
  },
  {
    "Id": 2,
    "txt": "更多游戏",
    "GameId": "tt092e7f939604c009",
    "iconUrl": "toutgame/2.jpg"
  },
  {
    "Id": 3,
    "txt": "更多游戏",
    "GameId": "tte10c97b17e361cd3",
    "iconUrl": "toutgame/3.jpg"
  },
  {
    "Id": 4,
    "txt": "更多游戏",
    "GameId": "tt086c7ed1974683d3",
    "iconUrl": "toutgame/4.jpg"
  },
  {
    "Id": 5,
    "txt": "更多游戏",
    "GameId": "ttabb3dd0e3499e103",
    "iconUrl": "toutgame/5.jpg"
  },
  {
    "Id": 6,
    "txt": "更多游戏",
    "GameId": "tt11f0674d8eda6899",
    "iconUrl": "toutgame/6.jpg"
  },
  {
    "Id": 7,
    "txt": "更多游戏",
    "GameId": "tt703f0682ef1560f5",
    "iconUrl": "toutgame/7.jpg"
  },
  {
    "Id": 8,
    "txt": "更多游戏",
    "GameId": "tt157863c58a520304",
    "iconUrl": "toutgame/8.jpg"
  },
  {
    "Id": 9,
    "txt": "更多游戏",
    "GameId": "tt064d70f099671156",
    "iconUrl": "toutgame/9.jpg"
  },
  {
    "Id": 10,
    "txt": "更多游戏",
    "GameId": "tt8d72fbcf1258efa3",
    "iconUrl": "toutgame/10.jpg"
  },
  {
    "Id": 11,
    "txt": "更多游戏",
    "GameId": "tt6ab31c0ef5898d9b",
    "iconUrl": "toutgame/11.jpg"
  },
  {
    "Id": 12,
    "txt": "更多游戏",
    "GameId": "tt092e7f939604c009",
    "iconUrl": "toutgame/12.jpg"
  },
  {
    "Id": 13,
    "txt": "更多游戏",
    "GameId": "tte10c97b17e361cd3",
    "iconUrl": "toutgame/13.jpg"
  },
  {
    "Id": 14,
    "txt": "更多游戏",
    "GameId": "tt086c7ed1974683d3",
    "iconUrl": "toutgame/14.jpg"
  },
  {
    "Id": 15,
    "txt": "更多游戏",
    "GameId": "ttabb3dd0e3499e103",
    "iconUrl": "toutgame/15.jpg"
  },
  {
    "Id": 16,
    "txt": "更多游戏",
    "GameId": "tt11f0674d8eda6899",
    "iconUrl": "toutgame/16.jpg"
  },
  {
    "Id": 17,
    "txt": "更多游戏",
    "GameId": "tt703f0682ef1560f5",
    "iconUrl": "toutgame/17.jpg"
  },
  {
    "Id": 18,
    "txt": "更多游戏",
    "GameId": "tt157863c58a520304",
    "iconUrl": "toutgame/18.jpg"
  },
  {
    "Id": 19,
    "txt": "更多游戏",
    "GameId": "tt064d70f099671156",
    "iconUrl": "toutgame/19.jpg"
  },
  {
    "Id": 20,
    "txt": "更多游戏",
    "GameId": "tt8d72fbcf1258efa3",
    "iconUrl": "toutgame/20.jpg"
  },
  {
    "Id": 21,
    "txt": "更多游戏",
    "GameId": "tt8d72fbcf1258efa3",
    "iconUrl": "toutgame/21.jpg"
  },
  {
    "Id": 22,
    "txt": "更多游戏",
    "GameId": "tt6ab31c0ef5898d9b",
    "iconUrl": "toutgame/22.jpg"
  },
  {
    "Id": 23,
    "txt": "更多游戏",
    "GameId": "tt092e7f939604c009",
    "iconUrl": "toutgame/23.jpg"
  },
  {
    "Id": 24,
    "txt": "更多游戏",
    "GameId": "tte10c97b17e361cd3",
    "iconUrl": "toutgame/24.jpg"
  },
  {
    "Id": 25,
    "txt": "更多游戏",
    "GameId": "tt086c7ed1974683d3",
    "iconUrl": "toutgame/25.jpg"
  },
  {
    "Id": 26,
    "txt": "更多游戏",
    "GameId": "ttabb3dd0e3499e103",
    "iconUrl": "toutgame/26.jpg"
  },
  {
    "Id": 27,
    "txt": "更多游戏",
    "GameId": "tt11f0674d8eda6899",
    "iconUrl": "toutgame/27.jpg"
  },
  {
    "Id": 28,
    "txt": "更多游戏",
    "GameId": "tt703f0682ef1560f5",
    "iconUrl": "toutgame/28.jpg"
  },
  {
    "Id": 29,
    "txt": "更多游戏",
    "GameId": "tt157863c58a520304",
    "iconUrl": "toutgame/29.jpg"
  },
  {
    "Id": 30,
    "txt": "更多游戏",
    "GameId": "tt064d70f099671156",
    "iconUrl": "toutgame/30.jpg"
  }
]
