[1,["ecpdLyjvZBwrvm+cedCcQy","f0BIwQ8D5Ml7nTNQbh1YlS","e97GVMl6JHh5Ml5qEDdSGa","29FYIk+N1GYaeWH/q1NxQO","71VhFCTINJM6/Ky3oX9nBT","41D7kWhyFGY7q4NDlzkazn","31vIlawANFZqnzLlSuHBfc","03aRigZfpHzp+ajJLUzqzW","c5mJJJTQlBW54e6oK/Pkpv","6aoKpq6+5BVaCIpoemqt7E","a8Anh32NZGRZegUtSgEj26","b4P/PCArtIdIH38t6mlw8Y","e8Ueib+qJEhL6mXAHdnwbi"],["node","_textureSetter","_spriteFrame","_parent","_N$normalSprite","_N$pressedSprite","_N$hoverSprite","_N$disabledSprite","playButton","scene","audioClip","tipAudioUI"],[["cc.Node",["_name","_zIndex","_objFlags","_id","_components","_contentSize","_parent","_children","_trs","_color"],-1,9,5,1,2,7,5],"cc.SpriteFrame",["cc.Widget",["_alignFlags","_originalWidth","_originalHeight","alignMode","node"],-1,1],["cc.Sprite",["_type","_sizeMode","node","_materials","_spriteFrame"],1,1,3,6],["cc.Button",["_N$transition","node","clickEvents","_N$normalColor","_N$pressedColor","_N$disabledColor","_N$target","_N$normalSprite","_N$pressedSprite","_N$hoverSprite","_N$disabledSprite"],2,1,9,5,5,5,1,6,6,6,6],["cc.Label",["_string","_fontSize","_N$horizontalAlign","_N$verticalAlign","_srcBlendFactor","_lineHeight","_enableWrapText","_N$overflow","_N$cacheMode","node","_materials"],-6,1,3],["cc.SceneAsset",["_name","asyncLoadAssets"],1],["cc.Node",["_name","_parent","_children","_components","_contentSize","_trs"],2,1,2,2,5,7],["cc.Canvas",["node","_designResolution"],3,1,5],["364a0LTL+NObrYHvz2JIiVO",["node","playButton","audioClip","tipAudioUI"],3,1,1,6,6],["cc.Layout",["_resize","_N$layoutType","_N$spacingX","node","_layoutSize"],0,1,5],["cc.ClickEvent",["_componentId","handler","target"],1,1],["cc.Scene",["_name","_zIndex","_children","_anchorPoint","_trs"],1,2,5,7],["cc.Camera",["_clearFlags","_depth","node"],1,1]],[[3,0,1,2,3,4,3],[0,0,2,7,4,5,8,3],[0,0,2,6,4,9,5,3],[2,3,0,1,2,4,5],[11,0,1,2,3],[5,0,1,6,2,3,7,8,9,10,8],[0,0,6,7,4,5,8,2],[0,0,1,6,4,5,8,3],[4,0,1,2,3,4,5,6,7,8,9,10,2],[6,0,1,3],[0,0,1,3,7,4,9,5,8,4],[0,0,6,7,4,5,2],[0,0,1,6,4,9,5,3],[0,0,1,6,4,3],[7,0,1,2,3,4,5,2],[8,0,1,1],[2,0,4,2],[2,0,1,2,4,4],[9,0,1,2,3,1],[10,0,1,2,3,4,4],[3,2,3,4,1],[4,0,1,2,3,4,5,6,2],[12,0,1,2,3,4,3],[13,0,1,2,3],[5,4,0,1,5,2,3,9,10,7]],[[[{"name":"default_btn_disabled","rect":[0,0,40,40],"offset":[0,0],"originalSize":[40,40],"capInsets":[12,12,12,12]}],[1],0,[0],[1],[4]],[[[9,"helloworld",null],[10,"Canvas",0,"a286bbGknJLZpRpxROV6M94",[-5,-6,-7,-8,-9],[[15,-1,[5,1280,720]],[16,45,-2],[18,-4,-3,22,23]],[4,4294769916],[5,1280,720],[640,360,0,0,0,0,1,1,1,1]],[11,"btnRoot",1,[-11,-12,-13],[[19,1,1,20,-10,[5,340,200]]],[5,340,200]],[1,"Background",512,[-16],[[0,1,0,-14,[6],7],[3,0,45,100,40,-15]],[5,100,40],[0,0,0,0,0,0,1,1,1,0]],[1,"Background",512,[-19],[[0,1,0,-17,[9],10],[3,0,45,100,40,-18]],[5,100,40],[0,0,0,0,0,0,1,1,1,0]],[1,"Background",512,[-22],[[0,1,0,-20,[16],17],[3,0,45,100,40,-21]],[5,100,40],[0,0,0,0,0,0,1,1,1,0]],[12,"background",0,1,[[17,45,200,150,-23],[0,1,0,-24,[0],1]],[4,4281214491],[5,1280,720]],[14,"play",2,[3],[-25],[5,100,40],[-120,-285.061,0,0,0,0,1,1,1,1]],[6,"resume",2,[4],[[8,3,-26,[[4,"364a0LTL+NObrYHvz2JIiVO","onResume",1]],[4,4293322470],[4,4291348680],[4,3363338360],4,11,12,13,14]],[5,100,40],[0,-285.061,0,0,0,0,1,1,1,1]],[6,"replay",2,[5],[[8,3,-27,[[4,"364a0LTL+NObrYHvz2JIiVO","onReplay",1]],[4,4293322470],[4,4291348680],[4,3363338360],5,18,19,20,21]],[5,100,40],[120,-285.061,0,0,0,0,1,1,1,1]],[22,"New Node",0,[1],[0,0,0],[0,0,0,0,0,0,1,1,1,1]],[13,"Main Camera",0,1,[[23,7,-1,-28]]],[7,"cocos",0,1,[[20,-29,[2],3]],[5,175,226],[0,50,0,0,0,0,1,1,1,1]],[7,"label",0,1,[[24,1,"Label",60,60,1,1,-30,[4]]],[5,146.81,75.6],[0,-180,0,0,0,0,1,1,1,1]],[2,"Label",512,3,[[5,"play",20,false,1,1,1,1,-31,[5]]],[4,4278190080],[5,100,40]],[21,3,7,[[4,"364a0LTL+NObrYHvz2JIiVO","onPlayButtonClick",1]],[4,4293322470],[4,4291348680],[4,3363338360],3],[2,"Label",512,4,[[5,"resume",20,false,1,1,1,1,-32,[8]]],[4,4278190080],[5,100,40]],[2,"Label",512,5,[[5,"replay",20,false,1,1,1,1,-33,[15]]],[4,4278190080],[5,100,40]]],0,[0,0,1,0,0,1,0,8,15,0,0,1,0,-1,11,0,-2,6,0,-3,12,0,-4,13,0,-5,2,0,0,2,0,-1,7,0,-2,8,0,-3,9,0,0,3,0,0,3,0,-1,14,0,0,4,0,0,4,0,-1,16,0,0,5,0,0,5,0,-1,17,0,0,6,0,0,6,0,-1,15,0,0,8,0,0,9,0,0,11,0,0,12,0,0,13,0,0,14,0,0,16,0,0,17,0,9,10,1,3,10,3,3,7,4,3,8,5,3,9,33],[0,0,0,0,0,0,0,0,0,0,0,0,0,0,0,0,0,0,0,0,0,0,0,0,15,15,15,15],[-1,2,-1,2,-1,-1,-1,2,-1,-1,2,4,5,6,7,-1,-1,2,4,5,6,7,10,11,4,5,6,7],[0,5,0,6,0,0,0,1,0,0,1,1,2,1,3,0,0,1,1,2,1,3,7,8,1,2,1,3]],[[{"name":"HelloWorld","rect":[44,14,175,226],"offset":[3.5,1],"originalSize":[256,256],"capInsets":[0,0,0,0]}],[1],0,[0],[1],[9]],[[{"name":"singleColor","rect":[0,0,2,2],"offset":[0,0],"originalSize":[2,2],"capInsets":[0,0,0,0]}],[1],0,[0],[1],[10]],[[{"name":"default_btn_pressed","rect":[0,0,40,40],"offset":[0,0],"originalSize":[40,40],"capInsets":[12,12,12,12]}],[1],0,[0],[1],[11]],[[{"name":"default_btn_normal","rect":[0,0,40,40],"offset":[0,0],"originalSize":[40,40],"capInsets":[12,12,12,12]}],[1],0,[0],[1],[12]]]]